direction,hypothetical_entry_price,hypothetical_quantity,hypothetical_stop_price,hypothetical_target_price,latest_price,latest_price_source,review_status,risk_level,signal_time,simulated_intraday_pnl,simulated_intraday_return_percent,simulated_state,source_refs,strategy_id,strategy_title,symbol,timeframe
看涨,715.1700,173.9130,712.2950,720.9200,710.53,longbridge_quote_readonly,等待收盘复核,低,2026-04-27T16:00:00-04:00,-806.96,-0.81,触及止损参考,raw:knowledge/raw/brooks/transcribed_v2/al_brooks_price_action_course_v2/units/video_015D_breakouts_second_leg_traps_strong_breakouts.md;raw:knowledge/raw/brooks/transcribed_v2/al_brooks_price_action_course_v2/units/video_015A_breakouts_definition_80_rule_reversal_tr.md;raw:knowledge/raw/brooks/transcribed_v2/al_brooks_price_action_course_v2/units/video_015B_breakouts_follow_through_reversal_small_start.md;raw:knowledge/raw/youtube/fangfangtu/transcripts/Price_Action方方土.pdf;raw:knowledge/raw/youtube/fangfangtu/transcripts/Price_Action方方土.pdf;raw:knowledge/raw/notes/方方土视频笔记-突破.pdf;raw:knowledge/raw/notes/方方土视频笔记-突破.pdf,M10-PA-002,突破后续跟进,SPY,1d
看涨,714.6100,248.7562,712.6000,716.4190,710.53,longbridge_quote_readonly,等待收盘复核,低,2026-04-27T13:25:00,-1014.93,-1.01,触及止损参考,raw:knowledge/raw/brooks/transcribed_v2/al_brooks_price_action_course_v2/units/video_048D_breakout_mode_opening_range.md;raw:knowledge/raw/brooks/transcribed_v2/al_brooks_price_action_course_v2/units/video_008C_candles_ttr_ii_ioi_breakout_mode.md;raw:knowledge/raw/brooks/transcribed_v2/al_brooks_price_action_course_v2/units/video_026A_triangles_ttr_wedges_flags_reversal_or_continuation.md,M10-PA-012,开盘区间突破,SPY,15m
看跌,712.5550,269.6872,714.4090,710.7460,710.53,longbridge_quote_readonly,等待收盘复核,低,2026-04-27T11:20:00,546.12,0.55,触及目标参考,raw:knowledge/raw/brooks/transcribed_v2/al_brooks_price_action_course_v2/units/video_048D_breakout_mode_opening_range.md;raw:knowledge/raw/brooks/transcribed_v2/al_brooks_price_action_course_v2/units/video_008C_candles_ttr_ii_ioi_breakout_mode.md;raw:knowledge/raw/brooks/transcribed_v2/al_brooks_price_action_course_v2/units/video_026A_triangles_ttr_wedges_flags_reversal_or_continuation.md,M10-PA-012,开盘区间突破,SPY,5m
看涨,715.63,149.7006,712.30,722.30,710.53,longbridge_quote_readonly,等待收盘复核,中,2026-04-27T16:00:00-04:00,-763.47,-0.76,触及止损参考,wiki:knowledge/wiki/sources/fangfangtu-market-cycle-note.md;raw:knowledge/raw/notes/方方土视频笔记 - 市场周期.pdf;wiki:knowledge/wiki/sources/fangfangtu-signal-bar-entry-note.md;raw:knowledge/raw/notes/方方土视频笔记 - 信号K线 & 入场.pdf,M12-FTD-001,方方土日线趋势顺势信号K,SPY,1d
看涨,663.9000,155.7632,660.6900,667.0600,655.91,longbridge_quote_readonly,等待收盘复核,低,2026-04-27T13:40:00,-1244.55,-1.24,触及止损参考,raw:knowledge/raw/brooks/transcribed_v2/al_brooks_price_action_course_v2/units/video_048D_breakout_mode_opening_range.md;raw:knowledge/raw/brooks/transcribed_v2/al_brooks_price_action_course_v2/units/video_008C_candles_ttr_ii_ioi_breakout_mode.md;raw:knowledge/raw/brooks/transcribed_v2/al_brooks_price_action_course_v2/units/video_026A_triangles_ttr_wedges_flags_reversal_or_continuation.md,M10-PA-012,开盘区间突破,QQQ,15m
看涨,664.0650,148.1481,660.6900,667.2250,655.91,longbridge_quote_readonly,等待收盘复核,中,2026-04-27T13:30:00,-1208.15,-1.21,触及止损参考,raw:knowledge/raw/brooks/transcribed_v2/al_brooks_price_action_course_v2/units/video_048D_breakout_mode_opening_range.md;raw:knowledge/raw/brooks/transcribed_v2/al_brooks_price_action_course_v2/units/video_008C_candles_ttr_ii_ioi_breakout_mode.md;raw:knowledge/raw/brooks/transcribed_v2/al_brooks_price_action_course_v2/units/video_026A_triangles_ttr_wedges_flags_reversal_or_continuation.md,M10-PA-012,开盘区间突破,QQQ,5m
看跌,490.2900,61.8047,498.3800,474.1100,491.95,longbridge_quote_readonly,等待收盘复核,高,2026-04-27T16:00:00-04:00,-102.60,-0.10,观察中,raw:knowledge/raw/brooks/transcribed_v2/al_brooks_price_action_course_v2/units/video_009A_pullbacks_bar_counting_basics_high_low_1_2.md;raw:knowledge/raw/brooks/transcribed_v2/al_brooks_price_action_course_v2/units/video_009C_pullbacks_endless_higher_lower_timeframes_countertrend_exit.md;raw:knowledge/raw/brooks/transcribed_v2/al_brooks_price_action_course_v2/units/video_014E_trends_tight_channel_small_pullback.md;raw:knowledge/raw/youtube/fangfangtu/transcripts/Price_Action方方土.pdf;raw:knowledge/raw/youtube/fangfangtu/transcripts/Price_Action方方土.pdf;raw:knowledge/raw/notes/方方土视频笔记 - 回调&数K线.pdf;raw:knowledge/raw/notes/方方土视频笔记 - 市场周期.pdf,M10-PA-001,趋势回调二次入场,DIA,1d
看跌,490.7000,175.4386,493.5500,488.3900,491.95,longbridge_quote_readonly,等待收盘复核,中,2026-04-27T11:10:00,-219.30,-0.22,观察中,raw:knowledge/raw/brooks/transcribed_v2/al_brooks_price_action_course_v2/units/video_048D_breakout_mode_opening_range.md;raw:knowledge/raw/brooks/transcribed_v2/al_brooks_price_action_course_v2/units/video_008C_candles_ttr_ii_ioi_breakout_mode.md;raw:knowledge/raw/brooks/transcribed_v2/al_brooks_price_action_course_v2/units/video_026A_triangles_ttr_wedges_flags_reversal_or_continuation.md,M10-PA-012,开盘区间突破,DIA,15m
看跌,490.6700,173.6111,493.5500,488.3600,491.95,longbridge_quote_readonly,等待收盘复核,中,2026-04-27T11:00:00,-222.22,-0.22,观察中,raw:knowledge/raw/brooks/transcribed_v2/al_brooks_price_action_course_v2/units/video_048D_breakout_mode_opening_range.md;raw:knowledge/raw/brooks/transcribed_v2/al_brooks_price_action_course_v2/units/video_008C_candles_ttr_ii_ioi_breakout_mode.md;raw:knowledge/raw/brooks/transcribed_v2/al_brooks_price_action_course_v2/units/video_026A_triangles_ttr_wedges_flags_reversal_or_continuation.md,M10-PA-012,开盘区间突破,DIA,5m
看涨,352.4550,450.4505,351.3450,353.5000,350.16,longbridge_quote_readonly,等待收盘复核,低,2026-04-27T13:40:00,-1033.78,-1.03,触及止损参考,raw:knowledge/raw/brooks/transcribed_v2/al_brooks_price_action_course_v2/units/video_048D_breakout_mode_opening_range.md;raw:knowledge/raw/brooks/transcribed_v2/al_brooks_price_action_course_v2/units/video_008C_candles_ttr_ii_ioi_breakout_mode.md;raw:knowledge/raw/brooks/transcribed_v2/al_brooks_price_action_course_v2/units/video_026A_triangles_ttr_wedges_flags_reversal_or_continuation.md,M10-PA-012,开盘区间突破,VTI,15m
看涨,352.6700,377.3585,351.3450,353.7150,350.16,longbridge_quote_readonly,等待收盘复核,低,2026-04-27T13:30:00,-947.17,-0.95,触及止损参考,raw:knowledge/raw/brooks/transcribed_v2/al_brooks_price_action_course_v2/units/video_048D_breakout_mode_opening_range.md;raw:knowledge/raw/brooks/transcribed_v2/al_brooks_price_action_course_v2/units/video_008C_candles_ttr_ii_ioi_breakout_mode.md;raw:knowledge/raw/brooks/transcribed_v2/al_brooks_price_action_course_v2/units/video_026A_triangles_ttr_wedges_flags_reversal_or_continuation.md,M10-PA-012,开盘区间突破,VTI,5m
看涨,657.5000,187.9699,654.8400,662.8200,653.28,longbridge_quote_readonly,等待收盘复核,低,2026-04-27T16:00:00-04:00,-793.23,-0.79,触及止损参考,raw:knowledge/raw/brooks/transcribed_v2/al_brooks_price_action_course_v2/units/video_015D_breakouts_second_leg_traps_strong_breakouts.md;raw:knowledge/raw/brooks/transcribed_v2/al_brooks_price_action_course_v2/units/video_015A_breakouts_definition_80_rule_reversal_tr.md;raw:knowledge/raw/brooks/transcribed_v2/al_brooks_price_action_course_v2/units/video_015B_breakouts_follow_through_reversal_small_start.md;raw:knowledge/raw/youtube/fangfangtu/transcripts/Price_Action方方土.pdf;raw:knowledge/raw/youtube/fangfangtu/transcripts/Price_Action方方土.pdf;raw:knowledge/raw/notes/方方土视频笔记-突破.pdf;raw:knowledge/raw/notes/方方土视频笔记-突破.pdf,M10-PA-002,突破后续跟进,VOO,1d
看涨,656.9800,273.2240,655.1500,658.5600,653.28,longbridge_quote_readonly,等待收盘复核,低,2026-04-27T13:25:00,-1010.93,-1.01,触及止损参考,raw:knowledge/raw/brooks/transcribed_v2/al_brooks_price_action_course_v2/units/video_048D_breakout_mode_opening_range.md;raw:knowledge/raw/brooks/transcribed_v2/al_brooks_price_action_course_v2/units/video_008C_candles_ttr_ii_ioi_breakout_mode.md;raw:knowledge/raw/brooks/transcribed_v2/al_brooks_price_action_course_v2/units/video_026A_triangles_ttr_wedges_flags_reversal_or_continuation.md,M10-PA-012,开盘区间突破,VOO,15m
看跌,655.0800,303.0303,656.7300,653.5000,653.28,longbridge_quote_readonly,等待收盘复核,低,2026-04-27T11:20:00,545.45,0.55,触及目标参考,raw:knowledge/raw/brooks/transcribed_v2/al_brooks_price_action_course_v2/units/video_048D_breakout_mode_opening_range.md;raw:knowledge/raw/brooks/transcribed_v2/al_brooks_price_action_course_v2/units/video_008C_candles_ttr_ii_ioi_breakout_mode.md;raw:knowledge/raw/brooks/transcribed_v2/al_brooks_price_action_course_v2/units/video_026A_triangles_ttr_wedges_flags_reversal_or_continuation.md,M10-PA-012,开盘区间突破,VOO,5m
看涨,657.90,163.3987,654.84,664.02,653.28,longbridge_quote_readonly,等待收盘复核,中,2026-04-27T16:00:00-04:00,-754.90,-0.75,触及止损参考,wiki:knowledge/wiki/sources/fangfangtu-market-cycle-note.md;raw:knowledge/raw/notes/方方土视频笔记 - 市场周期.pdf;wiki:knowledge/wiki/sources/fangfangtu-signal-bar-entry-note.md;raw:knowledge/raw/notes/方方土视频笔记 - 信号K线 & 入场.pdf,M12-FTD-001,方方土日线趋势顺势信号K,VOO,1d
看涨,718.5000,173.0703,715.6110,724.2780,713.83,longbridge_quote_readonly,等待收盘复核,低,2026-04-27T16:00:00-04:00,-808.24,-0.81,触及止损参考,raw:knowledge/raw/brooks/transcribed_v2/al_brooks_price_action_course_v2/units/video_015D_breakouts_second_leg_traps_strong_breakouts.md;raw:knowledge/raw/brooks/transcribed_v2/al_brooks_price_action_course_v2/units/video_015A_breakouts_definition_80_rule_reversal_tr.md;raw:knowledge/raw/brooks/transcribed_v2/al_brooks_price_action_course_v2/units/video_015B_breakouts_follow_through_reversal_small_start.md;raw:knowledge/raw/youtube/fangfangtu/transcripts/Price_Action方方土.pdf;raw:knowledge/raw/youtube/fangfangtu/transcripts/Price_Action方方土.pdf;raw:knowledge/raw/notes/方方土视频笔记-突破.pdf;raw:knowledge/raw/notes/方方土视频笔记-突破.pdf,M10-PA-002,突破后续跟进,IVV,1d
看涨,717.9200,251.2563,715.9300,719.6650,713.83,longbridge_quote_readonly,等待收盘复核,低,2026-04-27T13:25:00,-1027.64,-1.03,触及止损参考,raw:knowledge/raw/brooks/transcribed_v2/al_brooks_price_action_course_v2/units/video_048D_breakout_mode_opening_range.md;raw:knowledge/raw/brooks/transcribed_v2/al_brooks_price_action_course_v2/units/video_008C_candles_ttr_ii_ioi_breakout_mode.md;raw:knowledge/raw/brooks/transcribed_v2/al_brooks_price_action_course_v2/units/video_026A_triangles_ttr_wedges_flags_reversal_or_continuation.md,M10-PA-012,开盘区间突破,IVV,15m
看跌,715.8400,272.4796,717.6750,714.0950,713.83,longbridge_quote_readonly,等待收盘复核,低,2026-04-27T11:20:00,547.68,0.55,触及目标参考,raw:knowledge/raw/brooks/transcribed_v2/al_brooks_price_action_course_v2/units/video_048D_breakout_mode_opening_range.md;raw:knowledge/raw/brooks/transcribed_v2/al_brooks_price_action_course_v2/units/video_008C_candles_ttr_ii_ioi_breakout_mode.md;raw:knowledge/raw/brooks/transcribed_v2/al_brooks_price_action_course_v2/units/video_026A_triangles_ttr_wedges_flags_reversal_or_continuation.md,M10-PA-012,开盘区间突破,IVV,5m
看涨,718.95,149.7006,715.61,725.63,713.83,longbridge_quote_readonly,等待收盘复核,中,2026-04-27T16:00:00-04:00,-766.47,-0.77,触及止损参考,wiki:knowledge/wiki/sources/fangfangtu-market-cycle-note.md;raw:knowledge/raw/notes/方方土视频笔记 - 市场周期.pdf;wiki:knowledge/wiki/sources/fangfangtu-signal-bar-entry-note.md;raw:knowledge/raw/notes/方方土视频笔记 - 信号K线 & 入场.pdf,M12-FTD-001,方方土日线趋势顺势信号K,IVV,1d
看涨,160.5700,1754.3860,160.2850,161.1400,156.99,longbridge_quote_readonly,等待收盘复核,低,2026-04-27T15:55:00,-6280.70,-6.28,触及止损参考,raw:knowledge/raw/brooks/transcribed_v2/al_brooks_price_action_course_v2/units/video_015D_breakouts_second_leg_traps_strong_breakouts.md;raw:knowledge/raw/brooks/transcribed_v2/al_brooks_price_action_course_v2/units/video_015A_breakouts_definition_80_rule_reversal_tr.md;raw:knowledge/raw/brooks/transcribed_v2/al_brooks_price_action_course_v2/units/video_015B_breakouts_follow_through_reversal_small_start.md;raw:knowledge/raw/youtube/fangfangtu/transcripts/Price_Action方方土.pdf;raw:knowledge/raw/youtube/fangfangtu/transcripts/Price_Action方方土.pdf;raw:knowledge/raw/notes/方方土视频笔记-突破.pdf;raw:knowledge/raw/notes/方方土视频笔记-突破.pdf,M10-PA-002,突破后续跟进,XLK,15m
看涨,160.4900,297.6190,158.8100,162.0100,156.99,longbridge_quote_readonly,等待收盘复核,中,2026-04-27T15:45:00,-1041.67,-1.04,触及止损参考,raw:knowledge/raw/brooks/transcribed_v2/al_brooks_price_action_course_v2/units/video_048D_breakout_mode_opening_range.md;raw:knowledge/raw/brooks/transcribed_v2/al_brooks_price_action_course_v2/units/video_008C_candles_ttr_ii_ioi_breakout_mode.md;raw:knowledge/raw/brooks/transcribed_v2/al_brooks_price_action_course_v2/units/video_026A_triangles_ttr_wedges_flags_reversal_or_continuation.md,M10-PA-012,开盘区间突破,XLK,5m
看涨,51.8800,877.1930,51.3100,52.4050,52.08,longbridge_quote_readonly,等待收盘复核,中,2026-04-27T10:40:00,171.05,0.17,观察中,raw:knowledge/raw/brooks/transcribed_v2/al_brooks_price_action_course_v2/units/video_048D_breakout_mode_opening_range.md;raw:knowledge/raw/brooks/transcribed_v2/al_brooks_price_action_course_v2/units/video_008C_candles_ttr_ii_ioi_breakout_mode.md;raw:knowledge/raw/brooks/transcribed_v2/al_brooks_price_action_course_v2/units/video_026A_triangles_ttr_wedges_flags_reversal_or_continuation.md,M10-PA-012,开盘区间突破,XLF,15m
看涨,51.8450,934.5794,51.3100,52.3700,52.08,longbridge_quote_readonly,等待收盘复核,中,2026-04-27T10:35:00,214.95,0.21,观察中,raw:knowledge/raw/brooks/transcribed_v2/al_brooks_price_action_course_v2/units/video_048D_breakout_mode_opening_range.md;raw:knowledge/raw/brooks/transcribed_v2/al_brooks_price_action_course_v2/units/video_008C_candles_ttr_ii_ioi_breakout_mode.md;raw:knowledge/raw/brooks/transcribed_v2/al_brooks_price_action_course_v2/units/video_026A_triangles_ttr_wedges_flags_reversal_or_continuation.md,M10-PA-012,开盘区间突破,XLF,5m
看涨,57.6800,117.0960,53.4100,66.2200,57.67,longbridge_quote_readonly,等待收盘复核,高,2026-04-27T16:00:00-04:00,-1.17,-0.00,观察中,raw:knowledge/raw/brooks/transcribed_v2/al_brooks_price_action_course_v2/units/video_009A_pullbacks_bar_counting_basics_high_low_1_2.md;raw:knowledge/raw/brooks/transcribed_v2/al_brooks_price_action_course_v2/units/video_009C_pullbacks_endless_higher_lower_timeframes_countertrend_exit.md;raw:knowledge/raw/brooks/transcribed_v2/al_brooks_price_action_course_v2/units/video_014E_trends_tight_channel_small_pullback.md;raw:knowledge/raw/youtube/fangfangtu/transcripts/Price_Action方方土.pdf;raw:knowledge/raw/youtube/fangfangtu/transcripts/Price_Action方方土.pdf;raw:knowledge/raw/notes/方方土视频笔记 - 回调&数K线.pdf;raw:knowledge/raw/notes/方方土视频笔记 - 市场周期.pdf,M10-PA-001,趋势回调二次入场,XLE,1d
看跌,56.7700,2702.7027,56.9550,56.4000,57.67,longbridge_quote_readonly,等待收盘复核,低,2026-04-27T15:55:00,-2432.43,-2.43,触及止损参考,raw:knowledge/raw/brooks/transcribed_v2/al_brooks_price_action_course_v2/units/video_015D_breakouts_second_leg_traps_strong_breakouts.md;raw:knowledge/raw/brooks/transcribed_v2/al_brooks_price_action_course_v2/units/video_015A_breakouts_definition_80_rule_reversal_tr.md;raw:knowledge/raw/brooks/transcribed_v2/al_brooks_price_action_course_v2/units/video_015B_breakouts_follow_through_reversal_small_start.md;raw:knowledge/raw/youtube/fangfangtu/transcripts/Price_Action方方土.pdf;raw:knowledge/raw/youtube/fangfangtu/transcripts/Price_Action方方土.pdf;raw:knowledge/raw/notes/方方土视频笔记-突破.pdf;raw:knowledge/raw/notes/方方土视频笔记-突破.pdf,M10-PA-002,突破后续跟进,XLE,5m
看跌,57.0000,735.2941,57.6800,56.4000,57.67,longbridge_quote_readonly,等待收盘复核,中,2026-04-27T10:40:00,-492.65,-0.49,观察中,raw:knowledge/raw/brooks/transcribed_v2/al_brooks_price_action_course_v2/units/video_048D_breakout_mode_opening_range.md;raw:knowledge/raw/brooks/transcribed_v2/al_brooks_price_action_course_v2/units/video_008C_candles_ttr_ii_ioi_breakout_mode.md;raw:knowledge/raw/brooks/transcribed_v2/al_brooks_price_action_course_v2/units/video_026A_triangles_ttr_wedges_flags_reversal_or_continuation.md,M10-PA-012,开盘区间突破,XLE,15m
看跌,57.0000,735.2941,57.6800,56.4000,57.67,longbridge_quote_readonly,等待收盘复核,中,2026-04-27T10:40:00,-492.65,-0.49,观察中,raw:knowledge/raw/brooks/transcribed_v2/al_brooks_price_action_course_v2/units/video_048D_breakout_mode_opening_range.md;raw:knowledge/raw/brooks/transcribed_v2/al_brooks_price_action_course_v2/units/video_008C_candles_ttr_ii_ioi_breakout_mode.md;raw:knowledge/raw/brooks/transcribed_v2/al_brooks_price_action_course_v2/units/video_026A_triangles_ttr_wedges_flags_reversal_or_continuation.md,M10-PA-012,开盘区间突破,XLE,5m
看跌,143.4200,87.7963,149.1150,132.0300,144.36,longbridge_quote_readonly,等待收盘复核,高,2026-04-27T16:00:00-04:00,-82.53,-0.08,观察中,raw:knowledge/raw/brooks/transcribed_v2/al_brooks_price_action_course_v2/units/video_009A_pullbacks_bar_counting_basics_high_low_1_2.md;raw:knowledge/raw/brooks/transcribed_v2/al_brooks_price_action_course_v2/units/video_009C_pullbacks_endless_higher_lower_timeframes_countertrend_exit.md;raw:knowledge/raw/brooks/transcribed_v2/al_brooks_price_action_course_v2/units/video_014E_trends_tight_channel_small_pullback.md;raw:knowledge/raw/youtube/fangfangtu/transcripts/Price_Action方方土.pdf;raw:knowledge/raw/youtube/fangfangtu/transcripts/Price_Action方方土.pdf;raw:knowledge/raw/notes/方方土视频笔记 - 回调&数K线.pdf;raw:knowledge/raw/notes/方方土视频笔记 - 市场周期.pdf,M10-PA-001,趋势回调二次入场,XLV,1d
看跌,143.4200,1449.2754,143.7650,142.7300,144.36,longbridge_quote_readonly,等待收盘复核,低,2026-04-27T15:55:00,-1362.32,-1.36,触及止损参考,raw:knowledge/raw/brooks/transcribed_v2/al_brooks_price_action_course_v2/units/video_009A_pullbacks_bar_counting_basics_high_low_1_2.md;raw:knowledge/raw/brooks/transcribed_v2/al_brooks_price_action_course_v2/units/video_009C_pullbacks_endless_higher_lower_timeframes_countertrend_exit.md;raw:knowledge/raw/brooks/transcribed_v2/al_brooks_price_action_course_v2/units/video_014E_trends_tight_channel_small_pullback.md;raw:knowledge/raw/youtube/fangfangtu/transcripts/Price_Action方方土.pdf;raw:knowledge/raw/youtube/fangfangtu/transcripts/Price_Action方方土.pdf;raw:knowledge/raw/notes/方方土视频笔记 - 回调&数K线.pdf;raw:knowledge/raw/notes/方方土视频笔记 - 市场周期.pdf,M10-PA-001,趋势回调二次入场,XLV,5m
看跌,143.4600,1785.7143,143.7400,142.9000,144.36,longbridge_quote_readonly,等待收盘复核,低,2026-04-27T15:55:00,-1607.14,-1.61,触及止损参考,raw:knowledge/raw/brooks/transcribed_v2/al_brooks_price_action_course_v2/units/video_015D_breakouts_second_leg_traps_strong_breakouts.md;raw:knowledge/raw/brooks/transcribed_v2/al_brooks_price_action_course_v2/units/video_015A_breakouts_definition_80_rule_reversal_tr.md;raw:knowledge/raw/brooks/transcribed_v2/al_brooks_price_action_course_v2/units/video_015B_breakouts_follow_through_reversal_small_start.md;raw:knowledge/raw/youtube/fangfangtu/transcripts/Price_Action方方土.pdf;raw:knowledge/raw/youtube/fangfangtu/transcripts/Price_Action方方土.pdf;raw:knowledge/raw/notes/方方土视频笔记-突破.pdf;raw:knowledge/raw/notes/方方土视频笔记-突破.pdf,M10-PA-002,突破后续跟进,XLV,15m
看跌,117.2750,109.2896,121.8500,108.1250,117.18,longbridge_quote_readonly,等待收盘复核,高,2026-04-27T16:00:00-04:00,10.38,0.01,观察中,raw:knowledge/raw/brooks/transcribed_v2/al_brooks_price_action_course_v2/units/video_009A_pullbacks_bar_counting_basics_high_low_1_2.md;raw:knowledge/raw/brooks/transcribed_v2/al_brooks_price_action_course_v2/units/video_009C_pullbacks_endless_higher_lower_timeframes_countertrend_exit.md;raw:knowledge/raw/brooks/transcribed_v2/al_brooks_price_action_course_v2/units/video_014E_trends_tight_channel_small_pullback.md;raw:knowledge/raw/youtube/fangfangtu/transcripts/Price_Action方方土.pdf;raw:knowledge/raw/youtube/fangfangtu/transcripts/Price_Action方方土.pdf;raw:knowledge/raw/notes/方方土视频笔记 - 回调&数K线.pdf;raw:knowledge/raw/notes/方方土视频笔记 - 市场周期.pdf,M10-PA-001,趋势回调二次入场,XLY,1d
看跌,117.8300,2173.9130,118.0600,117.3700,117.18,longbridge_quote_readonly,等待收盘复核,低,2026-04-27T15:55:00,1413.04,1.41,触及目标参考,raw:knowledge/raw/brooks/transcribed_v2/al_brooks_price_action_course_v2/units/video_009A_pullbacks_bar_counting_basics_high_low_1_2.md;raw:knowledge/raw/brooks/transcribed_v2/al_brooks_price_action_course_v2/units/video_009C_pullbacks_endless_higher_lower_timeframes_countertrend_exit.md;raw:knowledge/raw/brooks/transcribed_v2/al_brooks_price_action_course_v2/units/video_014E_trends_tight_channel_small_pullback.md;raw:knowledge/raw/youtube/fangfangtu/transcripts/Price_Action方方土.pdf;raw:knowledge/raw/youtube/fangfangtu/transcripts/Price_Action方方土.pdf;raw:knowledge/raw/notes/方方土视频笔记 - 回调&数K线.pdf;raw:knowledge/raw/notes/方方土视频笔记 - 市场周期.pdf,M10-PA-001,趋势回调二次入场,XLY,5m
看跌,117.8400,4545.4545,117.9500,117.6200,117.18,longbridge_quote_readonly,等待收盘复核,低,2026-04-27T15:55:00,3000.00,3.00,触及目标参考,raw:knowledge/raw/brooks/transcribed_v2/al_brooks_price_action_course_v2/units/video_015D_breakouts_second_leg_traps_strong_breakouts.md;raw:knowledge/raw/brooks/transcribed_v2/al_brooks_price_action_course_v2/units/video_015A_breakouts_definition_80_rule_reversal_tr.md;raw:knowledge/raw/brooks/transcribed_v2/al_brooks_price_action_course_v2/units/video_015B_breakouts_follow_through_reversal_small_start.md;raw:knowledge/raw/youtube/fangfangtu/transcripts/Price_Action方方土.pdf;raw:knowledge/raw/youtube/fangfangtu/transcripts/Price_Action方方土.pdf;raw:knowledge/raw/notes/方方土视频笔记-突破.pdf;raw:knowledge/raw/notes/方方土视频笔记-突破.pdf,M10-PA-002,突破后续跟进,XLY,5m
看跌,117.4950,584.7953,118.3500,116.6450,117.18,longbridge_quote_readonly,等待收盘复核,中,2026-04-27T10:10:00,184.21,0.18,观察中,raw:knowledge/raw/brooks/transcribed_v2/al_brooks_price_action_course_v2/units/video_048D_breakout_mode_opening_range.md;raw:knowledge/raw/brooks/transcribed_v2/al_brooks_price_action_course_v2/units/video_008C_candles_ttr_ii_ioi_breakout_mode.md;raw:knowledge/raw/brooks/transcribed_v2/al_brooks_price_action_course_v2/units/video_026A_triangles_ttr_wedges_flags_reversal_or_continuation.md,M10-PA-012,开盘区间突破,XLY,15m
看跌,117.4950,584.7953,118.3500,116.6450,117.18,longbridge_quote_readonly,等待收盘复核,中,2026-04-27T10:10:00,184.21,0.18,观察中,raw:knowledge/raw/brooks/transcribed_v2/al_brooks_price_action_course_v2/units/video_048D_breakout_mode_opening_range.md;raw:knowledge/raw/brooks/transcribed_v2/al_brooks_price_action_course_v2/units/video_008C_candles_ttr_ii_ioi_breakout_mode.md;raw:knowledge/raw/brooks/transcribed_v2/al_brooks_price_action_course_v2/units/video_026A_triangles_ttr_wedges_flags_reversal_or_continuation.md,M10-PA-012,开盘区间突破,XLY,5m
看跌,171.5200,138.5042,175.1300,164.3000,170.16,longbridge_quote_readonly,等待收盘复核,高,2026-04-27T16:00:00-04:00,189.06,0.19,观察中,raw:knowledge/raw/brooks/transcribed_v2/al_brooks_price_action_course_v2/units/video_009A_pullbacks_bar_counting_basics_high_low_1_2.md;raw:knowledge/raw/brooks/transcribed_v2/al_brooks_price_action_course_v2/units/video_009C_pullbacks_endless_higher_lower_timeframes_countertrend_exit.md;raw:knowledge/raw/brooks/transcribed_v2/al_brooks_price_action_course_v2/units/video_014E_trends_tight_channel_small_pullback.md;raw:knowledge/raw/youtube/fangfangtu/transcripts/Price_Action方方土.pdf;raw:knowledge/raw/youtube/fangfangtu/transcripts/Price_Action方方土.pdf;raw:knowledge/raw/notes/方方土视频笔记 - 回调&数K线.pdf;raw:knowledge/raw/notes/方方土视频笔记 - 市场周期.pdf,M10-PA-001,趋势回调二次入场,XLI,1d
看跌,82.2700,314.4654,83.8600,79.0900,83.36,longbridge_quote_readonly,等待收盘复核,高,2026-04-27T16:00:00-04:00,-342.77,-0.34,观察中,raw:knowledge/raw/brooks/transcribed_v2/al_brooks_price_action_course_v2/units/video_009A_pullbacks_bar_counting_basics_high_low_1_2.md;raw:knowledge/raw/brooks/transcribed_v2/al_brooks_price_action_course_v2/units/video_009C_pullbacks_endless_higher_lower_timeframes_countertrend_exit.md;raw:knowledge/raw/brooks/transcribed_v2/al_brooks_price_action_course_v2/units/video_014E_trends_tight_channel_small_pullback.md;raw:knowledge/raw/youtube/fangfangtu/transcripts/Price_Action方方土.pdf;raw:knowledge/raw/youtube/fangfangtu/transcripts/Price_Action方方土.pdf;raw:knowledge/raw/notes/方方土视频笔记 - 回调&数K线.pdf;raw:knowledge/raw/notes/方方土视频笔记 - 市场周期.pdf,M10-PA-001,趋势回调二次入场,XLP,1d
看跌,82.7550,854.7009,83.3400,82.2650,83.36,longbridge_quote_readonly,等待收盘复核,中,2026-04-27T11:25:00,-517.09,-0.52,触及止损参考,raw:knowledge/raw/brooks/transcribed_v2/al_brooks_price_action_course_v2/units/video_048D_breakout_mode_opening_range.md;raw:knowledge/raw/brooks/transcribed_v2/al_brooks_price_action_course_v2/units/video_008C_candles_ttr_ii_ioi_breakout_mode.md;raw:knowledge/raw/brooks/transcribed_v2/al_brooks_price_action_course_v2/units/video_026A_triangles_ttr_wedges_flags_reversal_or_continuation.md,M10-PA-012,开盘区间突破,XLP,15m
看跌,82.7800,892.8571,83.3400,82.2900,83.36,longbridge_quote_readonly,等待收盘复核,中,2026-04-27T11:15:00,-517.86,-0.52,触及止损参考,raw:knowledge/raw/brooks/transcribed_v2/al_brooks_price_action_course_v2/units/video_048D_breakout_mode_opening_range.md;raw:knowledge/raw/brooks/transcribed_v2/al_brooks_price_action_course_v2/units/video_008C_candles_ttr_ii_ioi_breakout_mode.md;raw:knowledge/raw/brooks/transcribed_v2/al_brooks_price_action_course_v2/units/video_026A_triangles_ttr_wedges_flags_reversal_or_continuation.md,M10-PA-012,开盘区间突破,XLP,5m
看跌,82.27,467.2897,83.34,80.13,83.36,longbridge_quote_readonly,等待收盘复核,中,2026-04-27T16:00:00-04:00,-509.35,-0.51,触及止损参考,wiki:knowledge/wiki/sources/fangfangtu-market-cycle-note.md;raw:knowledge/raw/notes/方方土视频笔记 - 市场周期.pdf;wiki:knowledge/wiki/sources/fangfangtu-signal-bar-entry-note.md;raw:knowledge/raw/notes/方方土视频笔记 - 信号K线 & 入场.pdf,M12-FTD-001,方方土日线趋势顺势信号K,XLP,1d
看跌,46.1700,4347.8261,46.2850,45.9400,46.32,longbridge_quote_readonly,等待收盘复核,低,2026-04-27T15:55:00,-630.43,-0.63,触及止损参考,raw:knowledge/raw/brooks/transcribed_v2/al_brooks_price_action_course_v2/units/video_009A_pullbacks_bar_counting_basics_high_low_1_2.md;raw:knowledge/raw/brooks/transcribed_v2/al_brooks_price_action_course_v2/units/video_009C_pullbacks_endless_higher_lower_timeframes_countertrend_exit.md;raw:knowledge/raw/brooks/transcribed_v2/al_brooks_price_action_course_v2/units/video_014E_trends_tight_channel_small_pullback.md;raw:knowledge/raw/youtube/fangfangtu/transcripts/Price_Action方方土.pdf;raw:knowledge/raw/youtube/fangfangtu/transcripts/Price_Action方方土.pdf;raw:knowledge/raw/notes/方方土视频笔记 - 回调&数K线.pdf;raw:knowledge/raw/notes/方方土视频笔记 - 市场周期.pdf,M10-PA-001,趋势回调二次入场,XLU,5m
看跌,46.2200,1818.1818,46.4950,45.9750,46.32,longbridge_quote_readonly,等待收盘复核,中,2026-04-27T15:25:00,-172.73,-0.17,观察中,raw:knowledge/raw/brooks/transcribed_v2/al_brooks_price_action_course_v2/units/video_048D_breakout_mode_opening_range.md;raw:knowledge/raw/brooks/transcribed_v2/al_brooks_price_action_course_v2/units/video_008C_candles_ttr_ii_ioi_breakout_mode.md;raw:knowledge/raw/brooks/transcribed_v2/al_brooks_price_action_course_v2/units/video_026A_triangles_ttr_wedges_flags_reversal_or_continuation.md,M10-PA-012,开盘区间突破,XLU,15m
看跌,46.2450,2000.0000,46.4950,46.0000,46.32,longbridge_quote_readonly,等待收盘复核,中,2026-04-27T11:35:00,-140.00,-0.14,观察中,raw:knowledge/raw/brooks/transcribed_v2/al_brooks_price_action_course_v2/units/video_048D_breakout_mode_opening_range.md;raw:knowledge/raw/brooks/transcribed_v2/al_brooks_price_action_course_v2/units/video_008C_candles_ttr_ii_ioi_breakout_mode.md;raw:knowledge/raw/brooks/transcribed_v2/al_brooks_price_action_course_v2/units/video_026A_triangles_ttr_wedges_flags_reversal_or_continuation.md,M10-PA-012,开盘区间突破,XLU,5m
看涨,116.1400,684.9315,115.4100,116.8400,115.60,longbridge_quote_readonly,等待收盘复核,中,2026-04-27T10:10:00,-369.86,-0.37,观察中,raw:knowledge/raw/brooks/transcribed_v2/al_brooks_price_action_course_v2/units/video_048D_breakout_mode_opening_range.md;raw:knowledge/raw/brooks/transcribed_v2/al_brooks_price_action_course_v2/units/video_008C_candles_ttr_ii_ioi_breakout_mode.md;raw:knowledge/raw/brooks/transcribed_v2/al_brooks_price_action_course_v2/units/video_026A_triangles_ttr_wedges_flags_reversal_or_continuation.md,M10-PA-012,开盘区间突破,XLC,15m
看涨,116.1700,657.8947,115.4100,116.8700,115.60,longbridge_quote_readonly,等待收盘复核,中,2026-04-27T10:05:00,-375.00,-0.37,观察中,raw:knowledge/raw/brooks/transcribed_v2/al_brooks_price_action_course_v2/units/video_048D_breakout_mode_opening_range.md;raw:knowledge/raw/brooks/transcribed_v2/al_brooks_price_action_course_v2/units/video_008C_candles_ttr_ii_ioi_breakout_mode.md;raw:knowledge/raw/brooks/transcribed_v2/al_brooks_price_action_course_v2/units/video_026A_triangles_ttr_wedges_flags_reversal_or_continuation.md,M10-PA-012,开盘区间突破,XLC,5m
看涨,506.2900,213.6752,503.9500,510.9700,487.80,longbridge_quote_readonly,等待收盘复核,低,2026-04-27T15:55:00,-3951.92,-3.95,触及止损参考,raw:knowledge/raw/brooks/transcribed_v2/al_brooks_price_action_course_v2/units/video_009A_pullbacks_bar_counting_basics_high_low_1_2.md;raw:knowledge/raw/brooks/transcribed_v2/al_brooks_price_action_course_v2/units/video_009C_pullbacks_endless_higher_lower_timeframes_countertrend_exit.md;raw:knowledge/raw/brooks/transcribed_v2/al_brooks_price_action_course_v2/units/video_014E_trends_tight_channel_small_pullback.md;raw:knowledge/raw/youtube/fangfangtu/transcripts/Price_Action方方土.pdf;raw:knowledge/raw/youtube/fangfangtu/transcripts/Price_Action方方土.pdf;raw:knowledge/raw/notes/方方土视频笔记 - 回调&数K线.pdf;raw:knowledge/raw/notes/方方土视频笔记 - 市场周期.pdf,M10-PA-001,趋势回调二次入场,SMH,5m
看涨,506.2600,337.8378,504.7800,509.2200,487.80,longbridge_quote_readonly,等待收盘复核,低,2026-04-27T15:55:00,-6238.17,-6.24,触及止损参考,raw:knowledge/raw/brooks/transcribed_v2/al_brooks_price_action_course_v2/units/video_015D_breakouts_second_leg_traps_strong_breakouts.md;raw:knowledge/raw/brooks/transcribed_v2/al_brooks_price_action_course_v2/units/video_015A_breakouts_definition_80_rule_reversal_tr.md;raw:knowledge/raw/brooks/transcribed_v2/al_brooks_price_action_course_v2/units/video_015B_breakouts_follow_through_reversal_small_start.md;raw:knowledge/raw/youtube/fangfangtu/transcripts/Price_Action方方土.pdf;raw:knowledge/raw/youtube/fangfangtu/transcripts/Price_Action方方土.pdf;raw:knowledge/raw/notes/方方土视频笔记-突破.pdf;raw:knowledge/raw/notes/方方土视频笔记-突破.pdf,M10-PA-002,突破后续跟进,SMH,15m
看涨,455.4100,471.6981,454.3500,457.5300,436.47,longbridge_quote_readonly,等待收盘复核,低,2026-04-27T15:55:00,-8933.96,-8.93,触及止损参考,raw:knowledge/raw/brooks/transcribed_v2/al_brooks_price_action_course_v2/units/video_015D_breakouts_second_leg_traps_strong_breakouts.md;raw:knowledge/raw/brooks/transcribed_v2/al_brooks_price_action_course_v2/units/video_015A_breakouts_definition_80_rule_reversal_tr.md;raw:knowledge/raw/brooks/transcribed_v2/al_brooks_price_action_course_v2/units/video_015B_breakouts_follow_through_reversal_small_start.md;raw:knowledge/raw/youtube/fangfangtu/transcripts/Price_Action方方土.pdf;raw:knowledge/raw/youtube/fangfangtu/transcripts/Price_Action方方土.pdf;raw:knowledge/raw/notes/方方土视频笔记-突破.pdf;raw:knowledge/raw/notes/方方土视频笔记-突破.pdf,M10-PA-002,突破后续跟进,SOXX,15m
看涨,62.5450,552.4862,61.6400,63.4450,60.27,longbridge_quote_readonly,等待收盘复核,中,2026-04-27T13:40:00,-1256.91,-1.26,触及止损参考,raw:knowledge/raw/brooks/transcribed_v2/al_brooks_price_action_course_v2/units/video_048D_breakout_mode_opening_range.md;raw:knowledge/raw/brooks/transcribed_v2/al_brooks_price_action_course_v2/units/video_008C_candles_ttr_ii_ioi_breakout_mode.md;raw:knowledge/raw/brooks/transcribed_v2/al_brooks_price_action_course_v2/units/video_026A_triangles_ttr_wedges_flags_reversal_or_continuation.md,M10-PA-012,开盘区间突破,TQQQ,15m
看涨,62.5930,524.6590,61.6400,63.4930,60.27,longbridge_quote_readonly,等待收盘复核,高,2026-04-27T13:30:00,-1218.78,-1.22,触及止损参考,raw:knowledge/raw/brooks/transcribed_v2/al_brooks_price_action_course_v2/units/video_048D_breakout_mode_opening_range.md;raw:knowledge/raw/brooks/transcribed_v2/al_brooks_price_action_course_v2/units/video_008C_candles_ttr_ii_ioi_breakout_mode.md;raw:knowledge/raw/brooks/transcribed_v2/al_brooks_price_action_course_v2/units/video_026A_triangles_ttr_wedges_flags_reversal_or_continuation.md,M10-PA-012,开盘区间突破,TQQQ,5m
看跌,52.4500,4545.4545,52.5600,52.2300,54.46,longbridge_quote_readonly,等待收盘复核,低,2026-04-27T15:55:00,-9113.64,-9.11,触及止损参考,raw:knowledge/raw/brooks/transcribed_v2/al_brooks_price_action_course_v2/units/video_015D_breakouts_second_leg_traps_strong_breakouts.md;raw:knowledge/raw/brooks/transcribed_v2/al_brooks_price_action_course_v2/units/video_015A_breakouts_definition_80_rule_reversal_tr.md;raw:knowledge/raw/brooks/transcribed_v2/al_brooks_price_action_course_v2/units/video_015B_breakouts_follow_through_reversal_small_start.md;raw:knowledge/raw/youtube/fangfangtu/transcripts/Price_Action方方土.pdf;raw:knowledge/raw/youtube/fangfangtu/transcripts/Price_Action方方土.pdf;raw:knowledge/raw/notes/方方土视频笔记-突破.pdf;raw:knowledge/raw/notes/方方土视频笔记-突破.pdf,M10-PA-002,突破后续跟进,SQQQ,15m
看跌,52.5550,662.2517,53.3100,51.8050,54.46,longbridge_quote_readonly,等待收盘复核,中,2026-04-27T13:40:00,-1258.28,-1.26,触及止损参考,raw:knowledge/raw/brooks/transcribed_v2/al_brooks_price_action_course_v2/units/video_048D_breakout_mode_opening_range.md;raw:knowledge/raw/brooks/transcribed_v2/al_brooks_price_action_course_v2/units/video_008C_candles_ttr_ii_ioi_breakout_mode.md;raw:knowledge/raw/brooks/transcribed_v2/al_brooks_price_action_course_v2/units/video_026A_triangles_ttr_wedges_flags_reversal_or_continuation.md,M10-PA-012,开盘区间突破,SQQQ,15m
看跌,52.5050,621.1180,53.3100,51.7550,54.46,longbridge_quote_readonly,等待收盘复核,高,2026-04-27T13:30:00,-1211.18,-1.21,触及止损参考,raw:knowledge/raw/brooks/transcribed_v2/al_brooks_price_action_course_v2/units/video_048D_breakout_mode_opening_range.md;raw:knowledge/raw/brooks/transcribed_v2/al_brooks_price_action_course_v2/units/video_008C_candles_ttr_ii_ioi_breakout_mode.md;raw:knowledge/raw/brooks/transcribed_v2/al_brooks_price_action_course_v2/units/video_026A_triangles_ttr_wedges_flags_reversal_or_continuation.md,M10-PA-012,开盘区间突破,SQQQ,5m
看跌,428.5200,24.7770,448.7000,388.1600,420.10,longbridge_quote_readonly,等待收盘复核,高,2026-04-27T16:00:00-04:00,208.62,0.21,观察中,raw:knowledge/raw/brooks/transcribed_v2/al_brooks_price_action_course_v2/units/video_009A_pullbacks_bar_counting_basics_high_low_1_2.md;raw:knowledge/raw/brooks/transcribed_v2/al_brooks_price_action_course_v2/units/video_009C_pullbacks_endless_higher_lower_timeframes_countertrend_exit.md;raw:knowledge/raw/brooks/transcribed_v2/al_brooks_price_action_course_v2/units/video_014E_trends_tight_channel_small_pullback.md;raw:knowledge/raw/youtube/fangfangtu/transcripts/Price_Action方方土.pdf;raw:knowledge/raw/youtube/fangfangtu/transcripts/Price_Action方方土.pdf;raw:knowledge/raw/notes/方方土视频笔记 - 回调&数K线.pdf;raw:knowledge/raw/notes/方方土视频笔记 - 市场周期.pdf,M10-PA-001,趋势回调二次入场,GLD,1d
看涨,429.9100,1052.6316,429.4350,430.8600,420.10,longbridge_quote_readonly,等待收盘复核,低,2026-04-27T15:55:00,-10326.32,-10.33,触及止损参考,raw:knowledge/raw/brooks/transcribed_v2/al_brooks_price_action_course_v2/units/video_009A_pullbacks_bar_counting_basics_high_low_1_2.md;raw:knowledge/raw/brooks/transcribed_v2/al_brooks_price_action_course_v2/units/video_009C_pullbacks_endless_higher_lower_timeframes_countertrend_exit.md;raw:knowledge/raw/brooks/transcribed_v2/al_brooks_price_action_course_v2/units/video_014E_trends_tight_channel_small_pullback.md;raw:knowledge/raw/youtube/fangfangtu/transcripts/Price_Action方方土.pdf;raw:knowledge/raw/youtube/fangfangtu/transcripts/Price_Action方方土.pdf;raw:knowledge/raw/notes/方方土视频笔记 - 回调&数K线.pdf;raw:knowledge/raw/notes/方方土视频笔记 - 市场周期.pdf,M10-PA-001,趋势回调二次入场,GLD,5m
看跌,429.5700,224.2152,431.8000,428.3700,420.10,longbridge_quote_readonly,等待收盘复核,中,2026-04-27T10:55:00,2123.32,2.12,触及目标参考,raw:knowledge/raw/brooks/transcribed_v2/al_brooks_price_action_course_v2/units/video_048D_breakout_mode_opening_range.md;raw:knowledge/raw/brooks/transcribed_v2/al_brooks_price_action_course_v2/units/video_008C_candles_ttr_ii_ioi_breakout_mode.md;raw:knowledge/raw/brooks/transcribed_v2/al_brooks_price_action_course_v2/units/video_026A_triangles_ttr_wedges_flags_reversal_or_continuation.md,M10-PA-012,开盘区间突破,GLD,15m
看跌,430.5300,393.7008,431.8000,429.3300,420.10,longbridge_quote_readonly,等待收盘复核,低,2026-04-27T10:05:00,4106.30,4.11,触及目标参考,raw:knowledge/raw/brooks/transcribed_v2/al_brooks_price_action_course_v2/units/video_048D_breakout_mode_opening_range.md;raw:knowledge/raw/brooks/transcribed_v2/al_brooks_price_action_course_v2/units/video_008C_candles_ttr_ii_ioi_breakout_mode.md;raw:knowledge/raw/brooks/transcribed_v2/al_brooks_price_action_course_v2/units/video_026A_triangles_ttr_wedges_flags_reversal_or_continuation.md,M10-PA-012,开盘区间突破,GLD,5m
看跌,67.5500,65.7030,75.1600,52.3300,66.02,longbridge_quote_readonly,等待收盘复核,高,2026-04-27T16:00:00-04:00,100.20,0.10,观察中,raw:knowledge/raw/brooks/transcribed_v2/al_brooks_price_action_course_v2/units/video_009A_pullbacks_bar_counting_basics_high_low_1_2.md;raw:knowledge/raw/brooks/transcribed_v2/al_brooks_price_action_course_v2/units/video_009C_pullbacks_endless_higher_lower_timeframes_countertrend_exit.md;raw:knowledge/raw/brooks/transcribed_v2/al_brooks_price_action_course_v2/units/video_014E_trends_tight_channel_small_pullback.md;raw:knowledge/raw/youtube/fangfangtu/transcripts/Price_Action方方土.pdf;raw:knowledge/raw/youtube/fangfangtu/transcripts/Price_Action方方土.pdf;raw:knowledge/raw/notes/方方土视频笔记 - 回调&数K线.pdf;raw:knowledge/raw/notes/方方土视频笔记 - 市场周期.pdf,M10-PA-001,趋势回调二次入场,SLV,1d
看跌,67.8600,990.0990,68.3650,67.3750,66.02,longbridge_quote_readonly,等待收盘复核,中,2026-04-27T10:55:00,1816.83,1.82,触及目标参考,raw:knowledge/raw/brooks/transcribed_v2/al_brooks_price_action_course_v2/units/video_048D_breakout_mode_opening_range.md;raw:knowledge/raw/brooks/transcribed_v2/al_brooks_price_action_course_v2/units/video_008C_candles_ttr_ii_ioi_breakout_mode.md;raw:knowledge/raw/brooks/transcribed_v2/al_brooks_price_action_course_v2/units/video_026A_triangles_ttr_wedges_flags_reversal_or_continuation.md,M10-PA-012,开盘区间突破,SLV,15m
看跌,67.8400,952.3810,68.3650,67.3550,66.02,longbridge_quote_readonly,等待收盘复核,中,2026-04-27T10:50:00,1728.57,1.73,触及目标参考,raw:knowledge/raw/brooks/transcribed_v2/al_brooks_price_action_course_v2/units/video_048D_breakout_mode_opening_range.md;raw:knowledge/raw/brooks/transcribed_v2/al_brooks_price_action_course_v2/units/video_008C_candles_ttr_ii_ioi_breakout_mode.md;raw:knowledge/raw/brooks/transcribed_v2/al_brooks_price_action_course_v2/units/video_026A_triangles_ttr_wedges_flags_reversal_or_continuation.md,M10-PA-012,开盘区间突破,SLV,5m
看涨,136.4900,19.1241,110.3450,188.7800,138.92,longbridge_quote_readonly,等待收盘复核,高,2026-04-27T16:00:00-04:00,46.38,0.05,观察中,raw:knowledge/raw/brooks/transcribed_v2/al_brooks_price_action_course_v2/units/video_009A_pullbacks_bar_counting_basics_high_low_1_2.md;raw:knowledge/raw/brooks/transcribed_v2/al_brooks_price_action_course_v2/units/video_009C_pullbacks_endless_higher_lower_timeframes_countertrend_exit.md;raw:knowledge/raw/brooks/transcribed_v2/al_brooks_price_action_course_v2/units/video_014E_trends_tight_channel_small_pullback.md;raw:knowledge/raw/youtube/fangfangtu/transcripts/Price_Action方方土.pdf;raw:knowledge/raw/youtube/fangfangtu/transcripts/Price_Action方方土.pdf;raw:knowledge/raw/notes/方方土视频笔记 - 回调&数K线.pdf;raw:knowledge/raw/notes/方方土视频笔记 - 市场周期.pdf,M10-PA-001,趋势回调二次入场,USO,1d
看涨,135.2200,334.4482,133.7250,136.4300,138.92,longbridge_quote_readonly,等待收盘复核,中,2026-04-27T10:55:00,1235.79,1.24,触及目标参考,raw:knowledge/raw/brooks/transcribed_v2/al_brooks_price_action_course_v2/units/video_048D_breakout_mode_opening_range.md;raw:knowledge/raw/brooks/transcribed_v2/al_brooks_price_action_course_v2/units/video_008C_candles_ttr_ii_ioi_breakout_mode.md;raw:knowledge/raw/brooks/transcribed_v2/al_brooks_price_action_course_v2/units/video_026A_triangles_ttr_wedges_flags_reversal_or_continuation.md,M10-PA-012,开盘区间突破,USO,15m
看跌,133.6380,385.5050,134.9350,132.4280,138.92,longbridge_quote_readonly,等待收盘复核,中,2026-04-27T10:00:00,-2034.31,-2.03,触及止损参考,raw:knowledge/raw/brooks/transcribed_v2/al_brooks_price_action_course_v2/units/video_048D_breakout_mode_opening_range.md;raw:knowledge/raw/brooks/transcribed_v2/al_brooks_price_action_course_v2/units/video_008C_candles_ttr_ii_ioi_breakout_mode.md;raw:knowledge/raw/brooks/transcribed_v2/al_brooks_price_action_course_v2/units/video_026A_triangles_ttr_wedges_flags_reversal_or_continuation.md,M10-PA-012,开盘区间突破,USO,5m
看跌,86.1930,491.6421,87.2100,84.1590,86.08,longbridge_quote_readonly,等待收盘复核,中,2026-04-27T16:00:00-04:00,58.01,0.06,观察中,raw:knowledge/raw/brooks/transcribed_v2/al_brooks_price_action_course_v2/units/video_009A_pullbacks_bar_counting_basics_high_low_1_2.md;raw:knowledge/raw/brooks/transcribed_v2/al_brooks_price_action_course_v2/units/video_009C_pullbacks_endless_higher_lower_timeframes_countertrend_exit.md;raw:knowledge/raw/brooks/transcribed_v2/al_brooks_price_action_course_v2/units/video_014E_trends_tight_channel_small_pullback.md;raw:knowledge/raw/youtube/fangfangtu/transcripts/Price_Action方方土.pdf;raw:knowledge/raw/youtube/fangfangtu/transcripts/Price_Action方方土.pdf;raw:knowledge/raw/notes/方方土视频笔记 - 回调&数K线.pdf;raw:knowledge/raw/notes/方方土视频笔记 - 市场周期.pdf,M10-PA-001,趋势回调二次入场,TLT,1d
看跌,86.2800,7142.8571,86.3500,86.1400,86.08,longbridge_quote_readonly,等待收盘复核,低,2026-04-27T15:55:00,1464.29,1.46,触及目标参考,raw:knowledge/raw/brooks/transcribed_v2/al_brooks_price_action_course_v2/units/video_009A_pullbacks_bar_counting_basics_high_low_1_2.md;raw:knowledge/raw/brooks/transcribed_v2/al_brooks_price_action_course_v2/units/video_009C_pullbacks_endless_higher_lower_timeframes_countertrend_exit.md;raw:knowledge/raw/brooks/transcribed_v2/al_brooks_price_action_course_v2/units/video_014E_trends_tight_channel_small_pullback.md;raw:knowledge/raw/youtube/fangfangtu/transcripts/Price_Action方方土.pdf;raw:knowledge/raw/youtube/fangfangtu/transcripts/Price_Action方方土.pdf;raw:knowledge/raw/notes/方方土视频笔记 - 回调&数K线.pdf;raw:knowledge/raw/notes/方方土视频笔记 - 市场周期.pdf,M10-PA-001,趋势回调二次入场,TLT,5m
看跌,86.3250,1960.7843,86.5800,86.1900,86.08,longbridge_quote_readonly,等待收盘复核,低,2026-04-27T11:10:00,490.20,0.49,触及目标参考,raw:knowledge/raw/brooks/transcribed_v2/al_brooks_price_action_course_v2/units/video_048D_breakout_mode_opening_range.md;raw:knowledge/raw/brooks/transcribed_v2/al_brooks_price_action_course_v2/units/video_008C_candles_ttr_ii_ioi_breakout_mode.md;raw:knowledge/raw/brooks/transcribed_v2/al_brooks_price_action_course_v2/units/video_026A_triangles_ttr_wedges_flags_reversal_or_continuation.md,M10-PA-012,开盘区间突破,TLT,15m
看涨,86.6010,3205.1282,86.4450,86.7360,86.08,longbridge_quote_readonly,等待收盘复核,低,2026-04-27T10:00:00,-1685.90,-1.69,触及止损参考,raw:knowledge/raw/brooks/transcribed_v2/al_brooks_price_action_course_v2/units/video_048D_breakout_mode_opening_range.md;raw:knowledge/raw/brooks/transcribed_v2/al_brooks_price_action_course_v2/units/video_008C_candles_ttr_ii_ioi_breakout_mode.md;raw:knowledge/raw/brooks/transcribed_v2/al_brooks_price_action_course_v2/units/video_026A_triangles_ttr_wedges_flags_reversal_or_continuation.md,M10-PA-012,开盘区间突破,TLT,5m
看涨,80.5150,5882.3529,80.4300,80.5950,80.39,longbridge_quote_readonly,等待收盘复核,低,2026-04-27T15:45:00,-735.29,-0.74,触及止损参考,raw:knowledge/raw/brooks/transcribed_v2/al_brooks_price_action_course_v2/units/video_048D_breakout_mode_opening_range.md;raw:knowledge/raw/brooks/transcribed_v2/al_brooks_price_action_course_v2/units/video_008C_candles_ttr_ii_ioi_breakout_mode.md;raw:knowledge/raw/brooks/transcribed_v2/al_brooks_price_action_course_v2/units/video_026A_triangles_ttr_wedges_flags_reversal_or_continuation.md,M10-PA-012,开盘区间突破,HYG,5m
看涨,80.54,4166.6667,80.42,80.78,80.39,longbridge_quote_readonly,等待收盘复核,中,2026-04-27T16:00:00-04:00,-625.00,-0.63,触及止损参考,wiki:knowledge/wiki/sources/fangfangtu-market-cycle-note.md;raw:knowledge/raw/notes/方方土视频笔记 - 市场周期.pdf;wiki:knowledge/wiki/sources/fangfangtu-signal-bar-entry-note.md;raw:knowledge/raw/notes/方方土视频笔记 - 信号K线 & 入场.pdf,M12-FTD-001,方方土日线趋势顺势信号K,HYG,1d
看跌,109.1950,456.6210,110.2900,107.0050,109.06,longbridge_quote_readonly,等待收盘复核,中,2026-04-27T16:00:00-04:00,61.64,0.06,观察中,raw:knowledge/raw/brooks/transcribed_v2/al_brooks_price_action_course_v2/units/video_009A_pullbacks_bar_counting_basics_high_low_1_2.md;raw:knowledge/raw/brooks/transcribed_v2/al_brooks_price_action_course_v2/units/video_009C_pullbacks_endless_higher_lower_timeframes_countertrend_exit.md;raw:knowledge/raw/brooks/transcribed_v2/al_brooks_price_action_course_v2/units/video_014E_trends_tight_channel_small_pullback.md;raw:knowledge/raw/youtube/fangfangtu/transcripts/Price_Action方方土.pdf;raw:knowledge/raw/youtube/fangfangtu/transcripts/Price_Action方方土.pdf;raw:knowledge/raw/notes/方方土视频笔记 - 回调&数K线.pdf;raw:knowledge/raw/notes/方方土视频笔记 - 市场周期.pdf,M10-PA-001,趋势回调二次入场,LQD,1d
看跌,109.3850,2564.1026,109.5800,109.2350,109.06,longbridge_quote_readonly,等待收盘复核,低,2026-04-27T10:55:00,833.33,0.83,触及目标参考,raw:knowledge/raw/brooks/transcribed_v2/al_brooks_price_action_course_v2/units/video_048D_breakout_mode_opening_range.md;raw:knowledge/raw/brooks/transcribed_v2/al_brooks_price_action_course_v2/units/video_008C_candles_ttr_ii_ioi_breakout_mode.md;raw:knowledge/raw/brooks/transcribed_v2/al_brooks_price_action_course_v2/units/video_026A_triangles_ttr_wedges_flags_reversal_or_continuation.md,M10-PA-012,开盘区间突破,LQD,15m
看跌,109.3850,2564.1026,109.5800,109.2350,109.06,longbridge_quote_readonly,等待收盘复核,低,2026-04-27T10:55:00,833.33,0.83,触及目标参考,raw:knowledge/raw/brooks/transcribed_v2/al_brooks_price_action_course_v2/units/video_048D_breakout_mode_opening_range.md;raw:knowledge/raw/brooks/transcribed_v2/al_brooks_price_action_course_v2/units/video_008C_candles_ttr_ii_ioi_breakout_mode.md;raw:knowledge/raw/brooks/transcribed_v2/al_brooks_price_action_course_v2/units/video_026A_triangles_ttr_wedges_flags_reversal_or_continuation.md,M10-PA-012,开盘区间突破,LQD,5m
看跌,63.6150,7692.3077,63.6800,63.4850,62.76,longbridge_quote_readonly,等待收盘复核,低,2026-04-27T15:55:00,6615.38,6.62,触及目标参考,raw:knowledge/raw/brooks/transcribed_v2/al_brooks_price_action_course_v2/units/video_009A_pullbacks_bar_counting_basics_high_low_1_2.md;raw:knowledge/raw/brooks/transcribed_v2/al_brooks_price_action_course_v2/units/video_009C_pullbacks_endless_higher_lower_timeframes_countertrend_exit.md;raw:knowledge/raw/brooks/transcribed_v2/al_brooks_price_action_course_v2/units/video_014E_trends_tight_channel_small_pullback.md;raw:knowledge/raw/youtube/fangfangtu/transcripts/Price_Action方方土.pdf;raw:knowledge/raw/youtube/fangfangtu/transcripts/Price_Action方方土.pdf;raw:knowledge/raw/notes/方方土视频笔记 - 回调&数K线.pdf;raw:knowledge/raw/notes/方方土视频笔记 - 市场周期.pdf,M10-PA-001,趋势回调二次入场,EEM,5m
看跌,63.5850,1298.7013,63.9700,63.2050,62.76,longbridge_quote_readonly,等待收盘复核,中,2026-04-27T13:55:00,1077.92,1.08,触及目标参考,raw:knowledge/raw/brooks/transcribed_v2/al_brooks_price_action_course_v2/units/video_048D_breakout_mode_opening_range.md;raw:knowledge/raw/brooks/transcribed_v2/al_brooks_price_action_course_v2/units/video_008C_candles_ttr_ii_ioi_breakout_mode.md;raw:knowledge/raw/brooks/transcribed_v2/al_brooks_price_action_course_v2/units/video_026A_triangles_ttr_wedges_flags_reversal_or_continuation.md,M10-PA-012,开盘区间突破,EEM,15m
看跌,63.5750,1265.8228,63.9700,63.1950,62.76,longbridge_quote_readonly,等待收盘复核,中,2026-04-27T13:00:00,1037.97,1.04,触及目标参考,raw:knowledge/raw/brooks/transcribed_v2/al_brooks_price_action_course_v2/units/video_048D_breakout_mode_opening_range.md;raw:knowledge/raw/brooks/transcribed_v2/al_brooks_price_action_course_v2/units/video_008C_candles_ttr_ii_ioi_breakout_mode.md;raw:knowledge/raw/brooks/transcribed_v2/al_brooks_price_action_course_v2/units/video_026A_triangles_ttr_wedges_flags_reversal_or_continuation.md,M10-PA-012,开盘区间突破,EEM,5m
看涨,102.0550,262.4672,100.1500,105.8650,100.85,longbridge_quote_readonly,等待收盘复核,高,2026-04-27T16:00:00-04:00,-316.27,-0.32,观察中,raw:knowledge/raw/brooks/transcribed_v2/al_brooks_price_action_course_v2/units/video_009A_pullbacks_bar_counting_basics_high_low_1_2.md;raw:knowledge/raw/brooks/transcribed_v2/al_brooks_price_action_course_v2/units/video_009C_pullbacks_endless_higher_lower_timeframes_countertrend_exit.md;raw:knowledge/raw/brooks/transcribed_v2/al_brooks_price_action_course_v2/units/video_014E_trends_tight_channel_small_pullback.md;raw:knowledge/raw/youtube/fangfangtu/transcripts/Price_Action方方土.pdf;raw:knowledge/raw/youtube/fangfangtu/transcripts/Price_Action方方土.pdf;raw:knowledge/raw/notes/方方土视频笔记 - 回调&数K线.pdf;raw:knowledge/raw/notes/方方土视频笔记 - 市场周期.pdf,M10-PA-001,趋势回调二次入场,EFA,1d
看跌,101.3650,2325.5814,101.5800,100.9350,100.85,longbridge_quote_readonly,等待收盘复核,低,2026-04-27T15:55:00,1197.67,1.20,触及目标参考,raw:knowledge/raw/brooks/transcribed_v2/al_brooks_price_action_course_v2/units/video_009A_pullbacks_bar_counting_basics_high_low_1_2.md;raw:knowledge/raw/brooks/transcribed_v2/al_brooks_price_action_course_v2/units/video_009C_pullbacks_endless_higher_lower_timeframes_countertrend_exit.md;raw:knowledge/raw/brooks/transcribed_v2/al_brooks_price_action_course_v2/units/video_014E_trends_tight_channel_small_pullback.md;raw:knowledge/raw/youtube/fangfangtu/transcripts/Price_Action方方土.pdf;raw:knowledge/raw/youtube/fangfangtu/transcripts/Price_Action方方土.pdf;raw:knowledge/raw/notes/方方土视频笔记 - 回调&数K线.pdf;raw:knowledge/raw/notes/方方土视频笔记 - 市场周期.pdf,M10-PA-001,趋势回调二次入场,EFA,5m
看跌,101.3800,8333.3333,101.4400,101.2600,100.85,longbridge_quote_readonly,等待收盘复核,低,2026-04-27T15:55:00,4416.67,4.42,触及目标参考,raw:knowledge/raw/brooks/transcribed_v2/al_brooks_price_action_course_v2/units/video_015D_breakouts_second_leg_traps_strong_breakouts.md;raw:knowledge/raw/brooks/transcribed_v2/al_brooks_price_action_course_v2/units/video_015A_breakouts_definition_80_rule_reversal_tr.md;raw:knowledge/raw/brooks/transcribed_v2/al_brooks_price_action_course_v2/units/video_015B_breakouts_follow_through_reversal_small_start.md;raw:knowledge/raw/youtube/fangfangtu/transcripts/Price_Action方方土.pdf;raw:knowledge/raw/youtube/fangfangtu/transcripts/Price_Action方方土.pdf;raw:knowledge/raw/notes/方方土视频笔记-突破.pdf;raw:knowledge/raw/notes/方方土视频笔记-突破.pdf,M10-PA-002,突破后续跟进,EFA,5m
看跌,101.5450,990.0990,102.0500,101.1750,100.85,longbridge_quote_readonly,等待收盘复核,低,2026-04-27T10:55:00,688.12,0.69,触及目标参考,raw:knowledge/raw/brooks/transcribed_v2/al_brooks_price_action_course_v2/units/video_048D_breakout_mode_opening_range.md;raw:knowledge/raw/brooks/transcribed_v2/al_brooks_price_action_course_v2/units/video_008C_candles_ttr_ii_ioi_breakout_mode.md;raw:knowledge/raw/brooks/transcribed_v2/al_brooks_price_action_course_v2/units/video_026A_triangles_ttr_wedges_flags_reversal_or_continuation.md,M10-PA-012,开盘区间突破,EFA,15m
看跌,101.6700,1315.7895,102.0500,101.3000,100.85,longbridge_quote_readonly,等待收盘复核,低,2026-04-27T10:30:00,1078.95,1.08,触及目标参考,raw:knowledge/raw/brooks/transcribed_v2/al_brooks_price_action_course_v2/units/video_048D_breakout_mode_opening_range.md;raw:knowledge/raw/brooks/transcribed_v2/al_brooks_price_action_course_v2/units/video_008C_candles_ttr_ii_ioi_breakout_mode.md;raw:knowledge/raw/brooks/transcribed_v2/al_brooks_price_action_course_v2/units/video_026A_triangles_ttr_wedges_flags_reversal_or_continuation.md,M10-PA-012,开盘区间突破,EFA,5m
看跌,76.2500,526.3158,77.2000,75.3100,75.15,longbridge_quote_readonly,等待收盘复核,中,2026-04-27T11:25:00,578.42,0.58,触及目标参考,raw:knowledge/raw/brooks/transcribed_v2/al_brooks_price_action_course_v2/units/video_048D_breakout_mode_opening_range.md;raw:knowledge/raw/brooks/transcribed_v2/al_brooks_price_action_course_v2/units/video_008C_candles_ttr_ii_ioi_breakout_mode.md;raw:knowledge/raw/brooks/transcribed_v2/al_brooks_price_action_course_v2/units/video_026A_triangles_ttr_wedges_flags_reversal_or_continuation.md,M10-PA-012,开盘区间突破,ARKK,15m
看跌,76.1250,465.1163,77.2000,75.1850,75.15,longbridge_quote_readonly,等待收盘复核,中,2026-04-27T11:20:00,453.02,0.45,触及目标参考,raw:knowledge/raw/brooks/transcribed_v2/al_brooks_price_action_course_v2/units/video_048D_breakout_mode_opening_range.md;raw:knowledge/raw/brooks/transcribed_v2/al_brooks_price_action_course_v2/units/video_008C_candles_ttr_ii_ioi_breakout_mode.md;raw:knowledge/raw/brooks/transcribed_v2/al_brooks_price_action_course_v2/units/video_026A_triangles_ttr_wedges_flags_reversal_or_continuation.md,M10-PA-012,开盘区间突破,ARKK,5m
看涨,424.6180,66.2427,417.0700,430.9480,425.81,longbridge_quote_readonly,等待收盘复核,高,2026-04-27T10:25:00,78.96,0.08,观察中,raw:knowledge/raw/brooks/transcribed_v2/al_brooks_price_action_course_v2/units/video_048D_breakout_mode_opening_range.md;raw:knowledge/raw/brooks/transcribed_v2/al_brooks_price_action_course_v2/units/video_008C_candles_ttr_ii_ioi_breakout_mode.md;raw:knowledge/raw/brooks/transcribed_v2/al_brooks_price_action_course_v2/units/video_026A_triangles_ttr_wedges_flags_reversal_or_continuation.md,M10-PA-012,开盘区间突破,MSFT,15m
看涨,424.6180,66.2427,417.0700,430.9480,425.81,longbridge_quote_readonly,等待收盘复核,高,2026-04-27T10:25:00,78.96,0.08,观察中,raw:knowledge/raw/brooks/transcribed_v2/al_brooks_price_action_course_v2/units/video_048D_breakout_mode_opening_range.md;raw:knowledge/raw/brooks/transcribed_v2/al_brooks_price_action_course_v2/units/video_008C_candles_ttr_ii_ioi_breakout_mode.md;raw:knowledge/raw/brooks/transcribed_v2/al_brooks_price_action_course_v2/units/video_026A_triangles_ttr_wedges_flags_reversal_or_continuation.md,M10-PA-012,开盘区间突破,MSFT,5m
看涨,216.8200,328.9474,215.3000,219.8600,209.82,longbridge_quote_readonly,等待收盘复核,中,2026-04-27T15:55:00,-2302.63,-2.30,触及止损参考,raw:knowledge/raw/brooks/transcribed_v2/al_brooks_price_action_course_v2/units/video_009A_pullbacks_bar_counting_basics_high_low_1_2.md;raw:knowledge/raw/brooks/transcribed_v2/al_brooks_price_action_course_v2/units/video_009C_pullbacks_endless_higher_lower_timeframes_countertrend_exit.md;raw:knowledge/raw/brooks/transcribed_v2/al_brooks_price_action_course_v2/units/video_014E_trends_tight_channel_small_pullback.md;raw:knowledge/raw/youtube/fangfangtu/transcripts/Price_Action方方土.pdf;raw:knowledge/raw/youtube/fangfangtu/transcripts/Price_Action方方土.pdf;raw:knowledge/raw/notes/方方土视频笔记 - 回调&数K线.pdf;raw:knowledge/raw/notes/方方土视频笔记 - 市场周期.pdf,M10-PA-001,趋势回调二次入场,NVDA,5m
看涨,216.6100,54.1712,207.3800,235.0700,209.82,longbridge_quote_readonly,等待收盘复核,高,2026-04-27T16:00:00-04:00,-367.82,-0.37,观察中,raw:knowledge/raw/brooks/transcribed_v2/al_brooks_price_action_course_v2/units/video_015D_breakouts_second_leg_traps_strong_breakouts.md;raw:knowledge/raw/brooks/transcribed_v2/al_brooks_price_action_course_v2/units/video_015A_breakouts_definition_80_rule_reversal_tr.md;raw:knowledge/raw/brooks/transcribed_v2/al_brooks_price_action_course_v2/units/video_015B_breakouts_follow_through_reversal_small_start.md;raw:knowledge/raw/youtube/fangfangtu/transcripts/Price_Action方方土.pdf;raw:knowledge/raw/youtube/fangfangtu/transcripts/Price_Action方方土.pdf;raw:knowledge/raw/notes/方方土视频笔记-突破.pdf;raw:knowledge/raw/notes/方方土视频笔记-突破.pdf,M10-PA-002,突破后续跟进,NVDA,1d
看涨,216.6100,581.3953,215.7500,218.3300,209.82,longbridge_quote_readonly,等待收盘复核,低,2026-04-27T15:55:00,-3947.67,-3.95,触及止损参考,raw:knowledge/raw/brooks/transcribed_v2/al_brooks_price_action_course_v2/units/video_015D_breakouts_second_leg_traps_strong_breakouts.md;raw:knowledge/raw/brooks/transcribed_v2/al_brooks_price_action_course_v2/units/video_015A_breakouts_definition_80_rule_reversal_tr.md;raw:knowledge/raw/brooks/transcribed_v2/al_brooks_price_action_course_v2/units/video_015B_breakouts_follow_through_reversal_small_start.md;raw:knowledge/raw/youtube/fangfangtu/transcripts/Price_Action方方土.pdf;raw:knowledge/raw/youtube/fangfangtu/transcripts/Price_Action方方土.pdf;raw:knowledge/raw/notes/方方土视频笔记-突破.pdf;raw:knowledge/raw/notes/方方土视频笔记-突破.pdf,M10-PA-002,突破后续跟进,NVDA,15m
看涨,213.0240,108.1315,208.4000,216.5740,209.82,longbridge_quote_readonly,等待收盘复核,高,2026-04-27T12:40:00,-346.45,-0.35,观察中,raw:knowledge/raw/brooks/transcribed_v2/al_brooks_price_action_course_v2/units/video_048D_breakout_mode_opening_range.md;raw:knowledge/raw/brooks/transcribed_v2/al_brooks_price_action_course_v2/units/video_008C_candles_ttr_ii_ioi_breakout_mode.md;raw:knowledge/raw/brooks/transcribed_v2/al_brooks_price_action_course_v2/units/video_026A_triangles_ttr_wedges_flags_reversal_or_continuation.md,M10-PA-012,开盘区间突破,NVDA,15m
看涨,212.5500,120.4819,208.4000,216.1000,209.82,longbridge_quote_readonly,等待收盘复核,高,2026-04-27T12:30:00,-328.92,-0.33,观察中,raw:knowledge/raw/brooks/transcribed_v2/al_brooks_price_action_course_v2/units/video_048D_breakout_mode_opening_range.md;raw:knowledge/raw/brooks/transcribed_v2/al_brooks_price_action_course_v2/units/video_008C_candles_ttr_ii_ioi_breakout_mode.md;raw:knowledge/raw/brooks/transcribed_v2/al_brooks_price_action_course_v2/units/video_026A_triangles_ttr_wedges_flags_reversal_or_continuation.md,M10-PA-012,开盘区间突破,NVDA,5m
看涨,216.83,52.9101,207.38,235.72,209.82,longbridge_quote_readonly,等待收盘复核,中,2026-04-27T16:00:00-04:00,-370.90,-0.37,观察中,wiki:knowledge/wiki/sources/fangfangtu-market-cycle-note.md;raw:knowledge/raw/notes/方方土视频笔记 - 市场周期.pdf;wiki:knowledge/wiki/sources/fangfangtu-signal-bar-entry-note.md;raw:knowledge/raw/notes/方方土视频笔记 - 信号K线 & 入场.pdf,M12-FTD-001,方方土日线趋势顺势信号K,NVDA,1d
看跌,350.3400,1388.8889,350.7000,349.6200,350.98,longbridge_quote_readonly,等待收盘复核,低,2026-04-27T15:55:00,-888.89,-0.89,触及止损参考,raw:knowledge/raw/brooks/transcribed_v2/al_brooks_price_action_course_v2/units/video_015D_breakouts_second_leg_traps_strong_breakouts.md;raw:knowledge/raw/brooks/transcribed_v2/al_brooks_price_action_course_v2/units/video_015A_breakouts_definition_80_rule_reversal_tr.md;raw:knowledge/raw/brooks/transcribed_v2/al_brooks_price_action_course_v2/units/video_015B_breakouts_follow_through_reversal_small_start.md;raw:knowledge/raw/youtube/fangfangtu/transcripts/Price_Action方方土.pdf;raw:knowledge/raw/youtube/fangfangtu/transcripts/Price_Action方方土.pdf;raw:knowledge/raw/notes/方方土视频笔记-突破.pdf;raw:knowledge/raw/notes/方方土视频笔记-突破.pdf,M10-PA-002,突破后续跟进,GOOGL,5m
看涨,350.7500,62.3441,342.7300,356.9600,350.98,longbridge_quote_readonly,等待收盘复核,高,2026-04-27T10:25:00,14.34,0.01,观察中,raw:knowledge/raw/brooks/transcribed_v2/al_brooks_price_action_course_v2/units/video_048D_breakout_mode_opening_range.md;raw:knowledge/raw/brooks/transcribed_v2/al_brooks_price_action_course_v2/units/video_008C_candles_ttr_ii_ioi_breakout_mode.md;raw:knowledge/raw/brooks/transcribed_v2/al_brooks_price_action_course_v2/units/video_026A_triangles_ttr_wedges_flags_reversal_or_continuation.md,M10-PA-012,开盘区间突破,GOOGL,15m
看涨,349.4600,74.2942,342.7300,355.6700,350.98,longbridge_quote_readonly,等待收盘复核,高,2026-04-27T10:00:00,112.93,0.11,观察中,raw:knowledge/raw/brooks/transcribed_v2/al_brooks_price_action_course_v2/units/video_048D_breakout_mode_opening_range.md;raw:knowledge/raw/brooks/transcribed_v2/al_brooks_price_action_course_v2/units/video_008C_candles_ttr_ii_ioi_breakout_mode.md;raw:knowledge/raw/brooks/transcribed_v2/al_brooks_price_action_course_v2/units/video_026A_triangles_ttr_wedges_flags_reversal_or_continuation.md,M10-PA-012,开盘区间突破,GOOGL,5m
看涨,353.18,47.8469,342.73,374.08,350.98,longbridge_quote_readonly,等待收盘复核,中,2026-04-27T16:00:00-04:00,-105.26,-0.11,观察中,wiki:knowledge/wiki/sources/fangfangtu-market-cycle-note.md;raw:knowledge/raw/notes/方方土视频笔记 - 市场周期.pdf;wiki:knowledge/wiki/sources/fangfangtu-signal-bar-entry-note.md;raw:knowledge/raw/notes/方方土视频笔记 - 信号K线 & 入场.pdf,M12-FTD-001,方方土日线趋势顺势信号K,GOOGL,1d
看跌,348.5200,1428.5714,348.8700,347.8200,348.56,longbridge_quote_readonly,等待收盘复核,低,2026-04-27T15:55:00,-57.14,-0.06,观察中,raw:knowledge/raw/brooks/transcribed_v2/al_brooks_price_action_course_v2/units/video_015D_breakouts_second_leg_traps_strong_breakouts.md;raw:knowledge/raw/brooks/transcribed_v2/al_brooks_price_action_course_v2/units/video_015A_breakouts_definition_80_rule_reversal_tr.md;raw:knowledge/raw/brooks/transcribed_v2/al_brooks_price_action_course_v2/units/video_015B_breakouts_follow_through_reversal_small_start.md;raw:knowledge/raw/youtube/fangfangtu/transcripts/Price_Action方方土.pdf;raw:knowledge/raw/youtube/fangfangtu/transcripts/Price_Action方方土.pdf;raw:knowledge/raw/notes/方方土视频笔记-突破.pdf;raw:knowledge/raw/notes/方方土视频笔记-突破.pdf,M10-PA-002,突破后续跟进,GOOG,5m
看涨,348.6150,64.0615,340.8100,354.6850,348.56,longbridge_quote_readonly,等待收盘复核,高,2026-04-27T10:25:00,-3.52,-0.00,观察中,raw:knowledge/raw/brooks/transcribed_v2/al_brooks_price_action_course_v2/units/video_048D_breakout_mode_opening_range.md;raw:knowledge/raw/brooks/transcribed_v2/al_brooks_price_action_course_v2/units/video_008C_candles_ttr_ii_ioi_breakout_mode.md;raw:knowledge/raw/brooks/transcribed_v2/al_brooks_price_action_course_v2/units/video_026A_triangles_ttr_wedges_flags_reversal_or_continuation.md,M10-PA-012,开盘区间突破,GOOG,15m
看涨,347.4900,74.8503,340.8100,353.5600,348.56,longbridge_quote_readonly,等待收盘复核,高,2026-04-27T10:00:00,80.09,0.08,观察中,raw:knowledge/raw/brooks/transcribed_v2/al_brooks_price_action_course_v2/units/video_048D_breakout_mode_opening_range.md;raw:knowledge/raw/brooks/transcribed_v2/al_brooks_price_action_course_v2/units/video_008C_candles_ttr_ii_ioi_breakout_mode.md;raw:knowledge/raw/brooks/transcribed_v2/al_brooks_price_action_course_v2/units/video_026A_triangles_ttr_wedges_flags_reversal_or_continuation.md,M10-PA-012,开盘区间突破,GOOG,5m
看涨,350.90,49.5540,340.81,371.08,348.56,longbridge_quote_readonly,等待收盘复核,中,2026-04-27T16:00:00-04:00,-115.96,-0.12,观察中,wiki:knowledge/wiki/sources/fangfangtu-market-cycle-note.md;raw:knowledge/raw/notes/方方土视频笔记 - 市场周期.pdf;wiki:knowledge/wiki/sources/fangfangtu-signal-bar-entry-note.md;raw:knowledge/raw/notes/方方土视频笔记 - 信号K线 & 入场.pdf,M12-FTD-001,方方土日线趋势顺势信号K,GOOG,1d
看涨,681.4200,47.2724,670.8430,689.3470,668.62,longbridge_quote_readonly,等待收盘复核,高,2026-04-27T10:55:00,-604.85,-0.60,触及止损参考,raw:knowledge/raw/brooks/transcribed_v2/al_brooks_price_action_course_v2/units/video_048D_breakout_mode_opening_range.md;raw:knowledge/raw/brooks/transcribed_v2/al_brooks_price_action_course_v2/units/video_008C_candles_ttr_ii_ioi_breakout_mode.md;raw:knowledge/raw/brooks/transcribed_v2/al_brooks_price_action_course_v2/units/video_026A_triangles_ttr_wedges_flags_reversal_or_continuation.md,M10-PA-012,开盘区间突破,META,15m
看涨,679.7700,56.0099,670.8430,687.6970,668.62,longbridge_quote_readonly,等待收盘复核,中,2026-04-27T10:45:00,-624.23,-0.62,触及止损参考,raw:knowledge/raw/brooks/transcribed_v2/al_brooks_price_action_course_v2/units/video_048D_breakout_mode_opening_range.md;raw:knowledge/raw/brooks/transcribed_v2/al_brooks_price_action_course_v2/units/video_008C_candles_ttr_ii_ioi_breakout_mode.md;raw:knowledge/raw/brooks/transcribed_v2/al_brooks_price_action_course_v2/units/video_026A_triangles_ttr_wedges_flags_reversal_or_continuation.md,M10-PA-012,开盘区间突破,META,5m
看涨,682.50,42.8816,670.84,705.82,668.62,longbridge_quote_readonly,等待收盘复核,中,2026-04-27T16:00:00-04:00,-594.98,-0.59,触及止损参考,wiki:knowledge/wiki/sources/fangfangtu-market-cycle-note.md;raw:knowledge/raw/notes/方方土视频笔记 - 市场周期.pdf;wiki:knowledge/wiki/sources/fangfangtu-signal-bar-entry-note.md;raw:knowledge/raw/notes/方方土视频笔记 - 信号K线 & 入场.pdf,M12-FTD-001,方方土日线趋势顺势信号K,META,1d
看跌,364.0200,11.0473,409.2800,273.5000,375.80,longbridge_quote_readonly,等待收盘复核,高,2026-04-27T16:00:00-04:00,-130.13,-0.13,观察中,raw:knowledge/raw/brooks/transcribed_v2/al_brooks_price_action_course_v2/units/video_009A_pullbacks_bar_counting_basics_high_low_1_2.md;raw:knowledge/raw/brooks/transcribed_v2/al_brooks_price_action_course_v2/units/video_009C_pullbacks_endless_higher_lower_timeframes_countertrend_exit.md;raw:knowledge/raw/brooks/transcribed_v2/al_brooks_price_action_course_v2/units/video_014E_trends_tight_channel_small_pullback.md;raw:knowledge/raw/youtube/fangfangtu/transcripts/Price_Action方方土.pdf;raw:knowledge/raw/youtube/fangfangtu/transcripts/Price_Action方方土.pdf;raw:knowledge/raw/notes/方方土视频笔记 - 回调&数K线.pdf;raw:knowledge/raw/notes/方方土视频笔记 - 市场周期.pdf,M10-PA-001,趋势回调二次入场,TSLA,1d
看涨,373.0200,65.1890,365.3500,379.8400,375.80,longbridge_quote_readonly,等待收盘复核,高,2026-04-27T12:40:00,181.16,0.18,观察中,raw:knowledge/raw/brooks/transcribed_v2/al_brooks_price_action_course_v2/units/video_048D_breakout_mode_opening_range.md;raw:knowledge/raw/brooks/transcribed_v2/al_brooks_price_action_course_v2/units/video_008C_candles_ttr_ii_ioi_breakout_mode.md;raw:knowledge/raw/brooks/transcribed_v2/al_brooks_price_action_course_v2/units/video_026A_triangles_ttr_wedges_flags_reversal_or_continuation.md,M10-PA-012,开盘区间突破,TSLA,15m
看跌,364.8900,68.6813,372.1700,358.0700,375.80,longbridge_quote_readonly,等待收盘复核,高,2026-04-27T11:00:00,-749.24,-0.75,触及止损参考,raw:knowledge/raw/brooks/transcribed_v2/al_brooks_price_action_course_v2/units/video_048D_breakout_mode_opening_range.md;raw:knowledge/raw/brooks/transcribed_v2/al_brooks_price_action_course_v2/units/video_008C_candles_ttr_ii_ioi_breakout_mode.md;raw:knowledge/raw/brooks/transcribed_v2/al_brooks_price_action_course_v2/units/video_026A_triangles_ttr_wedges_flags_reversal_or_continuation.md,M10-PA-012,开盘区间突破,TSLA,5m
看涨,418.4400,195.3125,415.8800,423.5600,399.90,longbridge_quote_readonly,等待收盘复核,中,2026-04-27T15:55:00,-3621.09,-3.62,触及止损参考,raw:knowledge/raw/brooks/transcribed_v2/al_brooks_price_action_course_v2/units/video_009A_pullbacks_bar_counting_basics_high_low_1_2.md;raw:knowledge/raw/brooks/transcribed_v2/al_brooks_price_action_course_v2/units/video_009C_pullbacks_endless_higher_lower_timeframes_countertrend_exit.md;raw:knowledge/raw/brooks/transcribed_v2/al_brooks_price_action_course_v2/units/video_014E_trends_tight_channel_small_pullback.md;raw:knowledge/raw/youtube/fangfangtu/transcripts/Price_Action方方土.pdf;raw:knowledge/raw/youtube/fangfangtu/transcripts/Price_Action方方土.pdf;raw:knowledge/raw/notes/方方土视频笔记 - 回调&数K线.pdf;raw:knowledge/raw/notes/方方土视频笔记 - 市场周期.pdf,M10-PA-001,趋势回调二次入场,AVGO,5m
看涨,418.2000,308.6420,416.5800,421.4400,399.90,longbridge_quote_readonly,等待收盘复核,低,2026-04-27T15:55:00,-5648.15,-5.65,触及止损参考,raw:knowledge/raw/brooks/transcribed_v2/al_brooks_price_action_course_v2/units/video_015D_breakouts_second_leg_traps_strong_breakouts.md;raw:knowledge/raw/brooks/transcribed_v2/al_brooks_price_action_course_v2/units/video_015A_breakouts_definition_80_rule_reversal_tr.md;raw:knowledge/raw/brooks/transcribed_v2/al_brooks_price_action_course_v2/units/video_015B_breakouts_follow_through_reversal_small_start.md;raw:knowledge/raw/youtube/fangfangtu/transcripts/Price_Action方方土.pdf;raw:knowledge/raw/youtube/fangfangtu/transcripts/Price_Action方方土.pdf;raw:knowledge/raw/notes/方方土视频笔记-突破.pdf;raw:knowledge/raw/notes/方方土视频笔记-突破.pdf,M10-PA-002,突破后续跟进,AVGO,15m
看跌,415.5230,69.6670,422.7000,408.6430,399.90,longbridge_quote_readonly,等待收盘复核,高,2026-04-27T10:55:00,1088.41,1.09,触及目标参考,raw:knowledge/raw/brooks/transcribed_v2/al_brooks_price_action_course_v2/units/video_048D_breakout_mode_opening_range.md;raw:knowledge/raw/brooks/transcribed_v2/al_brooks_price_action_course_v2/units/video_008C_candles_ttr_ii_ioi_breakout_mode.md;raw:knowledge/raw/brooks/transcribed_v2/al_brooks_price_action_course_v2/units/video_026A_triangles_ttr_wedges_flags_reversal_or_continuation.md,M10-PA-012,开盘区间突破,AVGO,15m
看跌,415.1700,66.4011,422.7000,408.2900,399.90,longbridge_quote_readonly,等待收盘复核,高,2026-04-27T10:45:00,1013.94,1.01,触及目标参考,raw:knowledge/raw/brooks/transcribed_v2/al_brooks_price_action_course_v2/units/video_048D_breakout_mode_opening_range.md;raw:knowledge/raw/brooks/transcribed_v2/al_brooks_price_action_course_v2/units/video_008C_candles_ttr_ii_ioi_breakout_mode.md;raw:knowledge/raw/brooks/transcribed_v2/al_brooks_price_action_course_v2/units/video_026A_triangles_ttr_wedges_flags_reversal_or_continuation.md,M10-PA-012,开盘区间突破,AVGO,5m
看涨,85.0000,349.6503,83.5700,87.8600,81.98,longbridge_quote_readonly,等待收盘复核,高,2026-04-27T15:55:00,-1057.69,-1.06,触及止损参考,raw:knowledge/raw/brooks/transcribed_v2/al_brooks_price_action_course_v2/units/video_009A_pullbacks_bar_counting_basics_high_low_1_2.md;raw:knowledge/raw/brooks/transcribed_v2/al_brooks_price_action_course_v2/units/video_009C_pullbacks_endless_higher_lower_timeframes_countertrend_exit.md;raw:knowledge/raw/brooks/transcribed_v2/al_brooks_price_action_course_v2/units/video_014E_trends_tight_channel_small_pullback.md;raw:knowledge/raw/youtube/fangfangtu/transcripts/Price_Action方方土.pdf;raw:knowledge/raw/youtube/fangfangtu/transcripts/Price_Action方方土.pdf;raw:knowledge/raw/notes/方方土视频笔记 - 回调&数K线.pdf;raw:knowledge/raw/notes/方方土视频笔记 - 市场周期.pdf,M10-PA-001,趋势回调二次入场,INTC,5m
看涨,84.9900,632.9114,84.2000,86.5700,81.98,longbridge_quote_readonly,等待收盘复核,中,2026-04-27T15:55:00,-1908.23,-1.91,触及止损参考,raw:knowledge/raw/brooks/transcribed_v2/al_brooks_price_action_course_v2/units/video_015D_breakouts_second_leg_traps_strong_breakouts.md;raw:knowledge/raw/brooks/transcribed_v2/al_brooks_price_action_course_v2/units/video_015A_breakouts_definition_80_rule_reversal_tr.md;raw:knowledge/raw/brooks/transcribed_v2/al_brooks_price_action_course_v2/units/video_015B_breakouts_follow_through_reversal_small_start.md;raw:knowledge/raw/youtube/fangfangtu/transcripts/Price_Action方方土.pdf;raw:knowledge/raw/youtube/fangfangtu/transcripts/Price_Action方方土.pdf;raw:knowledge/raw/notes/方方土视频笔记-突破.pdf;raw:knowledge/raw/notes/方方土视频笔记-突破.pdf,M10-PA-002,突破后续跟进,INTC,15m
看涨,84.9900,757.5758,84.3300,86.3100,81.98,longbridge_quote_readonly,等待收盘复核,中,2026-04-27T15:55:00,-2284.09,-2.28,触及止损参考,raw:knowledge/raw/brooks/transcribed_v2/al_brooks_price_action_course_v2/units/video_015D_breakouts_second_leg_traps_strong_breakouts.md;raw:knowledge/raw/brooks/transcribed_v2/al_brooks_price_action_course_v2/units/video_015A_breakouts_definition_80_rule_reversal_tr.md;raw:knowledge/raw/brooks/transcribed_v2/al_brooks_price_action_course_v2/units/video_015B_breakouts_follow_through_reversal_small_start.md;raw:knowledge/raw/youtube/fangfangtu/transcripts/Price_Action方方土.pdf;raw:knowledge/raw/youtube/fangfangtu/transcripts/Price_Action方方土.pdf;raw:knowledge/raw/notes/方方土视频笔记-突破.pdf;raw:knowledge/raw/notes/方方土视频笔记-突破.pdf,M10-PA-002,突破后续跟进,INTC,5m
看涨,86.8800,122.2494,82.7900,90.9200,81.98,longbridge_quote_readonly,等待收盘复核,高,2026-04-27T10:00:00,-599.63,-0.60,触及止损参考,raw:knowledge/raw/brooks/transcribed_v2/al_brooks_price_action_course_v2/units/video_048D_breakout_mode_opening_range.md;raw:knowledge/raw/brooks/transcribed_v2/al_brooks_price_action_course_v2/units/video_008C_candles_ttr_ii_ioi_breakout_mode.md;raw:knowledge/raw/brooks/transcribed_v2/al_brooks_price_action_course_v2/units/video_026A_triangles_ttr_wedges_flags_reversal_or_continuation.md,M10-PA-012,开盘区间突破,INTC,5m
看涨,524.5600,34.3855,510.0190,553.6420,495.29,longbridge_quote_readonly,等待收盘复核,高,2026-04-27T16:00:00-04:00,-1006.57,-1.01,触及止损参考,raw:knowledge/raw/brooks/transcribed_v2/al_brooks_price_action_course_v2/units/video_015D_breakouts_second_leg_traps_strong_breakouts.md;raw:knowledge/raw/brooks/transcribed_v2/al_brooks_price_action_course_v2/units/video_015A_breakouts_definition_80_rule_reversal_tr.md;raw:knowledge/raw/brooks/transcribed_v2/al_brooks_price_action_course_v2/units/video_015B_breakouts_follow_through_reversal_small_start.md;raw:knowledge/raw/youtube/fangfangtu/transcripts/Price_Action方方土.pdf;raw:knowledge/raw/youtube/fangfangtu/transcripts/Price_Action方方土.pdf;raw:knowledge/raw/notes/方方土视频笔记-突破.pdf;raw:knowledge/raw/notes/方方土视频笔记-突破.pdf,M10-PA-002,突破后续跟进,MU,1d
看涨,524.5600,196.0784,522.0100,529.6600,495.29,longbridge_quote_readonly,等待收盘复核,低,2026-04-27T15:55:00,-5739.80,-5.74,触及止损参考,raw:knowledge/raw/brooks/transcribed_v2/al_brooks_price_action_course_v2/units/video_015D_breakouts_second_leg_traps_strong_breakouts.md;raw:knowledge/raw/brooks/transcribed_v2/al_brooks_price_action_course_v2/units/video_015A_breakouts_definition_80_rule_reversal_tr.md;raw:knowledge/raw/brooks/transcribed_v2/al_brooks_price_action_course_v2/units/video_015B_breakouts_follow_through_reversal_small_start.md;raw:knowledge/raw/youtube/fangfangtu/transcripts/Price_Action方方土.pdf;raw:knowledge/raw/youtube/fangfangtu/transcripts/Price_Action方方土.pdf;raw:knowledge/raw/notes/方方土视频笔记-突破.pdf;raw:knowledge/raw/notes/方方土视频笔记-突破.pdf,M10-PA-002,突破后续跟进,MU,5m
看涨,531.36,23.4302,510.02,574.04,495.29,longbridge_quote_readonly,等待收盘复核,中,2026-04-27T16:00:00-04:00,-845.20,-0.85,触及止损参考,wiki:knowledge/wiki/sources/fangfangtu-market-cycle-note.md;raw:knowledge/raw/notes/方方土视频笔记 - 市场周期.pdf;wiki:knowledge/wiki/sources/fangfangtu-signal-bar-entry-note.md;raw:knowledge/raw/notes/方方土视频笔记 - 信号K线 & 入场.pdf,M12-FTD-001,方方土日线趋势顺势信号K,MU,1d
看涨,150.6500,378.7879,149.3300,153.2900,148.33,longbridge_quote_readonly,等待收盘复核,中,2026-04-27T15:55:00,-878.79,-0.88,触及止损参考,raw:knowledge/raw/brooks/transcribed_v2/al_brooks_price_action_course_v2/units/video_009A_pullbacks_bar_counting_basics_high_low_1_2.md;raw:knowledge/raw/brooks/transcribed_v2/al_brooks_price_action_course_v2/units/video_009C_pullbacks_endless_higher_lower_timeframes_countertrend_exit.md;raw:knowledge/raw/brooks/transcribed_v2/al_brooks_price_action_course_v2/units/video_014E_trends_tight_channel_small_pullback.md;raw:knowledge/raw/youtube/fangfangtu/transcripts/Price_Action方方土.pdf;raw:knowledge/raw/youtube/fangfangtu/transcripts/Price_Action方方土.pdf;raw:knowledge/raw/notes/方方土视频笔记 - 回调&数K线.pdf;raw:knowledge/raw/notes/方方土视频笔记 - 市场周期.pdf,M10-PA-001,趋势回调二次入场,QCOM,5m
看跌,149.5500,43.8982,160.9400,140.1700,148.33,longbridge_quote_readonly,等待收盘复核,高,2026-04-27T10:10:00,53.56,0.05,观察中,raw:knowledge/raw/brooks/transcribed_v2/al_brooks_price_action_course_v2/units/video_048D_breakout_mode_opening_range.md;raw:knowledge/raw/brooks/transcribed_v2/al_brooks_price_action_course_v2/units/video_008C_candles_ttr_ii_ioi_breakout_mode.md;raw:knowledge/raw/brooks/transcribed_v2/al_brooks_price_action_course_v2/units/video_026A_triangles_ttr_wedges_flags_reversal_or_continuation.md,M10-PA-012,开盘区间突破,QCOM,15m
看跌,151.4650,52.7704,160.9400,142.0850,148.33,longbridge_quote_readonly,等待收盘复核,高,2026-04-27T10:00:00,165.44,0.17,观察中,raw:knowledge/raw/brooks/transcribed_v2/al_brooks_price_action_course_v2/units/video_048D_breakout_mode_opening_range.md;raw:knowledge/raw/brooks/transcribed_v2/al_brooks_price_action_course_v2/units/video_008C_candles_ttr_ii_ioi_breakout_mode.md;raw:knowledge/raw/brooks/transcribed_v2/al_brooks_price_action_course_v2/units/video_026A_triangles_ttr_wedges_flags_reversal_or_continuation.md,M10-PA-012,开盘区间突破,QCOM,5m
看涨,172.9700,114.4165,168.6000,177.0400,166.10,longbridge_quote_readonly,等待收盘复核,高,2026-04-27T13:25:00,-786.04,-0.79,触及止损参考,raw:knowledge/raw/brooks/transcribed_v2/al_brooks_price_action_course_v2/units/video_048D_breakout_mode_opening_range.md;raw:knowledge/raw/brooks/transcribed_v2/al_brooks_price_action_course_v2/units/video_008C_candles_ttr_ii_ioi_breakout_mode.md;raw:knowledge/raw/brooks/transcribed_v2/al_brooks_price_action_course_v2/units/video_026A_triangles_ttr_wedges_flags_reversal_or_continuation.md,M10-PA-012,开盘区间突破,ORCL,15m
看涨,172.8070,118.8495,168.6000,176.8770,166.10,longbridge_quote_readonly,等待收盘复核,高,2026-04-27T13:20:00,-797.12,-0.80,触及止损参考,raw:knowledge/raw/brooks/transcribed_v2/al_brooks_price_action_course_v2/units/video_048D_breakout_mode_opening_range.md;raw:knowledge/raw/brooks/transcribed_v2/al_brooks_price_action_course_v2/units/video_008C_candles_ttr_ii_ioi_breakout_mode.md;raw:knowledge/raw/brooks/transcribed_v2/al_brooks_price_action_course_v2/units/video_026A_triangles_ttr_wedges_flags_reversal_or_continuation.md,M10-PA-012,开盘区间突破,ORCL,5m
看跌,180.0100,314.4654,181.6000,176.8300,182.23,longbridge_quote_readonly,等待收盘复核,中,2026-04-27T15:55:00,-698.11,-0.70,触及止损参考,raw:knowledge/raw/brooks/transcribed_v2/al_brooks_price_action_course_v2/units/video_009A_pullbacks_bar_counting_basics_high_low_1_2.md;raw:knowledge/raw/brooks/transcribed_v2/al_brooks_price_action_course_v2/units/video_009C_pullbacks_endless_higher_lower_timeframes_countertrend_exit.md;raw:knowledge/raw/brooks/transcribed_v2/al_brooks_price_action_course_v2/units/video_014E_trends_tight_channel_small_pullback.md;raw:knowledge/raw/youtube/fangfangtu/transcripts/Price_Action方方土.pdf;raw:knowledge/raw/youtube/fangfangtu/transcripts/Price_Action方方土.pdf;raw:knowledge/raw/notes/方方土视频笔记 - 回调&数K线.pdf;raw:knowledge/raw/notes/方方土视频笔记 - 市场周期.pdf,M10-PA-001,趋势回调二次入场,CRM,5m
看跌,180.1800,364.9635,181.5500,177.4400,182.23,longbridge_quote_readonly,等待收盘复核,中,2026-04-27T15:55:00,-748.18,-0.75,触及止损参考,raw:knowledge/raw/brooks/transcribed_v2/al_brooks_price_action_course_v2/units/video_015D_breakouts_second_leg_traps_strong_breakouts.md;raw:knowledge/raw/brooks/transcribed_v2/al_brooks_price_action_course_v2/units/video_015A_breakouts_definition_80_rule_reversal_tr.md;raw:knowledge/raw/brooks/transcribed_v2/al_brooks_price_action_course_v2/units/video_015B_breakouts_follow_through_reversal_small_start.md;raw:knowledge/raw/youtube/fangfangtu/transcripts/Price_Action方方土.pdf;raw:knowledge/raw/youtube/fangfangtu/transcripts/Price_Action方方土.pdf;raw:knowledge/raw/notes/方方土视频笔记-突破.pdf;raw:knowledge/raw/notes/方方土视频笔记-突破.pdf,M10-PA-002,突破后续跟进,CRM,15m
看涨,184.2200,74.5156,177.5100,190.3900,182.23,longbridge_quote_readonly,等待收盘复核,高,2026-04-27T10:25:00,-148.29,-0.15,观察中,raw:knowledge/raw/brooks/transcribed_v2/al_brooks_price_action_course_v2/units/video_048D_breakout_mode_opening_range.md;raw:knowledge/raw/brooks/transcribed_v2/al_brooks_price_action_course_v2/units/video_008C_candles_ttr_ii_ioi_breakout_mode.md;raw:knowledge/raw/brooks/transcribed_v2/al_brooks_price_action_course_v2/units/video_026A_triangles_ttr_wedges_flags_reversal_or_continuation.md,M10-PA-012,开盘区间突破,CRM,15m
看涨,184.2200,74.5156,177.5100,190.3900,182.23,longbridge_quote_readonly,等待收盘复核,高,2026-04-27T10:25:00,-148.29,-0.15,观察中,raw:knowledge/raw/brooks/transcribed_v2/al_brooks_price_action_course_v2/units/video_048D_breakout_mode_opening_range.md;raw:knowledge/raw/brooks/transcribed_v2/al_brooks_price_action_course_v2/units/video_008C_candles_ttr_ii_ioi_breakout_mode.md;raw:knowledge/raw/brooks/transcribed_v2/al_brooks_price_action_course_v2/units/video_026A_triangles_ttr_wedges_flags_reversal_or_continuation.md,M10-PA-012,开盘区间突破,CRM,5m
看跌,239.1100,344.8276,240.5600,236.2100,242.71,longbridge_quote_readonly,等待收盘复核,中,2026-04-27T15:55:00,-1241.38,-1.24,触及止损参考,raw:knowledge/raw/brooks/transcribed_v2/al_brooks_price_action_course_v2/units/video_009A_pullbacks_bar_counting_basics_high_low_1_2.md;raw:knowledge/raw/brooks/transcribed_v2/al_brooks_price_action_course_v2/units/video_009C_pullbacks_endless_higher_lower_timeframes_countertrend_exit.md;raw:knowledge/raw/brooks/transcribed_v2/al_brooks_price_action_course_v2/units/video_014E_trends_tight_channel_small_pullback.md;raw:knowledge/raw/youtube/fangfangtu/transcripts/Price_Action方方土.pdf;raw:knowledge/raw/youtube/fangfangtu/transcripts/Price_Action方方土.pdf;raw:knowledge/raw/notes/方方土视频笔记 - 回调&数K线.pdf;raw:knowledge/raw/notes/方方土视频笔记 - 市场周期.pdf,M10-PA-001,趋势回调二次入场,ADBE,5m
看跌,239.3100,485.4369,240.3400,237.2500,242.71,longbridge_quote_readonly,等待收盘复核,低,2026-04-27T15:55:00,-1650.49,-1.65,触及止损参考,raw:knowledge/raw/brooks/transcribed_v2/al_brooks_price_action_course_v2/units/video_015D_breakouts_second_leg_traps_strong_breakouts.md;raw:knowledge/raw/brooks/transcribed_v2/al_brooks_price_action_course_v2/units/video_015A_breakouts_definition_80_rule_reversal_tr.md;raw:knowledge/raw/brooks/transcribed_v2/al_brooks_price_action_course_v2/units/video_015B_breakouts_follow_through_reversal_small_start.md;raw:knowledge/raw/youtube/fangfangtu/transcripts/Price_Action方方土.pdf;raw:knowledge/raw/youtube/fangfangtu/transcripts/Price_Action方方土.pdf;raw:knowledge/raw/notes/方方土视频笔记-突破.pdf;raw:knowledge/raw/notes/方方土视频笔记-突破.pdf,M10-PA-002,突破后续跟进,ADBE,15m
看跌,239.3100,1282.0513,239.7000,238.5300,242.71,longbridge_quote_readonly,等待收盘复核,低,2026-04-27T15:55:00,-4358.97,-4.36,触及止损参考,raw:knowledge/raw/brooks/transcribed_v2/al_brooks_price_action_course_v2/units/video_015D_breakouts_second_leg_traps_strong_breakouts.md;raw:knowledge/raw/brooks/transcribed_v2/al_brooks_price_action_course_v2/units/video_015A_breakouts_definition_80_rule_reversal_tr.md;raw:knowledge/raw/brooks/transcribed_v2/al_brooks_price_action_course_v2/units/video_015B_breakouts_follow_through_reversal_small_start.md;raw:knowledge/raw/youtube/fangfangtu/transcripts/Price_Action方方土.pdf;raw:knowledge/raw/youtube/fangfangtu/transcripts/Price_Action方方土.pdf;raw:knowledge/raw/notes/方方土视频笔记-突破.pdf;raw:knowledge/raw/notes/方方土视频笔记-突破.pdf,M10-PA-002,突破后续跟进,ADBE,5m
看跌,239.5200,78.5916,245.8820,233.1980,242.71,longbridge_quote_readonly,等待收盘复核,高,2026-04-27T15:05:00,-250.71,-0.25,观察中,raw:knowledge/raw/brooks/transcribed_v2/al_brooks_price_action_course_v2/units/video_048D_breakout_mode_opening_range.md;raw:knowledge/raw/brooks/transcribed_v2/al_brooks_price_action_course_v2/units/video_008C_candles_ttr_ii_ioi_breakout_mode.md;raw:knowledge/raw/brooks/transcribed_v2/al_brooks_price_action_course_v2/units/video_026A_triangles_ttr_wedges_flags_reversal_or_continuation.md,M10-PA-012,开盘区间突破,ADBE,5m
看跌,90.4500,1519.7568,90.7790,89.7920,91.36,longbridge_quote_readonly,等待收盘复核,低,2026-04-27T15:55:00,-1382.98,-1.38,触及止损参考,raw:knowledge/raw/brooks/transcribed_v2/al_brooks_price_action_course_v2/units/video_015D_breakouts_second_leg_traps_strong_breakouts.md;raw:knowledge/raw/brooks/transcribed_v2/al_brooks_price_action_course_v2/units/video_015A_breakouts_definition_80_rule_reversal_tr.md;raw:knowledge/raw/brooks/transcribed_v2/al_brooks_price_action_course_v2/units/video_015B_breakouts_follow_through_reversal_small_start.md;raw:knowledge/raw/youtube/fangfangtu/transcripts/Price_Action方方土.pdf;raw:knowledge/raw/youtube/fangfangtu/transcripts/Price_Action方方土.pdf;raw:knowledge/raw/notes/方方土视频笔记-突破.pdf;raw:knowledge/raw/notes/方方土视频笔记-突破.pdf,M10-PA-002,突破后续跟进,NOW,15m
看涨,91.7400,127.5510,87.8200,95.6350,91.36,longbridge_quote_readonly,等待收盘复核,高,2026-04-27T10:10:00,-48.47,-0.05,观察中,raw:knowledge/raw/brooks/transcribed_v2/al_brooks_price_action_course_v2/units/video_048D_breakout_mode_opening_range.md;raw:knowledge/raw/brooks/transcribed_v2/al_brooks_price_action_course_v2/units/video_008C_candles_ttr_ii_ioi_breakout_mode.md;raw:knowledge/raw/brooks/transcribed_v2/al_brooks_price_action_course_v2/units/video_026A_triangles_ttr_wedges_flags_reversal_or_continuation.md,M10-PA-012,开盘区间突破,NOW,15m
看涨,91.7400,127.5510,87.8200,95.6350,91.36,longbridge_quote_readonly,等待收盘复核,高,2026-04-27T10:10:00,-48.47,-0.05,观察中,raw:knowledge/raw/brooks/transcribed_v2/al_brooks_price_action_course_v2/units/video_048D_breakout_mode_opening_range.md;raw:knowledge/raw/brooks/transcribed_v2/al_brooks_price_action_course_v2/units/video_008C_candles_ttr_ii_ioi_breakout_mode.md;raw:knowledge/raw/brooks/transcribed_v2/al_brooks_price_action_course_v2/units/video_026A_triangles_ttr_wedges_flags_reversal_or_continuation.md,M10-PA-012,开盘区间突破,NOW,5m
看涨,145.9900,83.6120,140.0100,151.4800,142.64,longbridge_quote_readonly,等待收盘复核,高,2026-04-27T14:10:00,-280.10,-0.28,观察中,raw:knowledge/raw/brooks/transcribed_v2/al_brooks_price_action_course_v2/units/video_048D_breakout_mode_opening_range.md;raw:knowledge/raw/brooks/transcribed_v2/al_brooks_price_action_course_v2/units/video_008C_candles_ttr_ii_ioi_breakout_mode.md;raw:knowledge/raw/brooks/transcribed_v2/al_brooks_price_action_course_v2/units/video_026A_triangles_ttr_wedges_flags_reversal_or_continuation.md,M10-PA-012,开盘区间突破,SNOW,15m
看涨,145.9900,83.6120,140.0100,151.4800,142.64,longbridge_quote_readonly,等待收盘复核,高,2026-04-27T14:10:00,-280.10,-0.28,观察中,raw:knowledge/raw/brooks/transcribed_v2/al_brooks_price_action_course_v2/units/video_048D_breakout_mode_opening_range.md;raw:knowledge/raw/brooks/transcribed_v2/al_brooks_price_action_course_v2/units/video_008C_candles_ttr_ii_ioi_breakout_mode.md;raw:knowledge/raw/brooks/transcribed_v2/al_brooks_price_action_course_v2/units/video_026A_triangles_ttr_wedges_flags_reversal_or_continuation.md,M10-PA-012,开盘区间突破,SNOW,5m
看跌,142.9100,1162.7907,143.3400,142.0500,141.37,longbridge_quote_readonly,等待收盘复核,低,2026-04-27T15:55:00,1790.70,1.79,触及目标参考,raw:knowledge/raw/brooks/transcribed_v2/al_brooks_price_action_course_v2/units/video_009A_pullbacks_bar_counting_basics_high_low_1_2.md;raw:knowledge/raw/brooks/transcribed_v2/al_brooks_price_action_course_v2/units/video_009C_pullbacks_endless_higher_lower_timeframes_countertrend_exit.md;raw:knowledge/raw/brooks/transcribed_v2/al_brooks_price_action_course_v2/units/video_014E_trends_tight_channel_small_pullback.md;raw:knowledge/raw/youtube/fangfangtu/transcripts/Price_Action方方土.pdf;raw:knowledge/raw/youtube/fangfangtu/transcripts/Price_Action方方土.pdf;raw:knowledge/raw/notes/方方土视频笔记 - 回调&数K线.pdf;raw:knowledge/raw/notes/方方土视频笔记 - 市场周期.pdf,M10-PA-001,趋势回调二次入场,PLTR,5m
看涨,144.8100,131.5789,141.0100,148.5300,141.37,longbridge_quote_readonly,等待收盘复核,高,2026-04-27T10:40:00,-452.63,-0.45,观察中,raw:knowledge/raw/brooks/transcribed_v2/al_brooks_price_action_course_v2/units/video_048D_breakout_mode_opening_range.md;raw:knowledge/raw/brooks/transcribed_v2/al_brooks_price_action_course_v2/units/video_008C_candles_ttr_ii_ioi_breakout_mode.md;raw:knowledge/raw/brooks/transcribed_v2/al_brooks_price_action_course_v2/units/video_026A_triangles_ttr_wedges_flags_reversal_or_continuation.md,M10-PA-012,开盘区间突破,PLTR,15m
看涨,144.8100,131.5789,141.0100,148.5300,141.37,longbridge_quote_readonly,等待收盘复核,高,2026-04-27T10:40:00,-452.63,-0.45,观察中,raw:knowledge/raw/brooks/transcribed_v2/al_brooks_price_action_course_v2/units/video_048D_breakout_mode_opening_range.md;raw:knowledge/raw/brooks/transcribed_v2/al_brooks_price_action_course_v2/units/video_008C_candles_ttr_ii_ioi_breakout_mode.md;raw:knowledge/raw/brooks/transcribed_v2/al_brooks_price_action_course_v2/units/video_026A_triangles_ttr_wedges_flags_reversal_or_continuation.md,M10-PA-012,开盘区间突破,PLTR,5m
看涨,184.0200,26.2881,165.0000,222.0600,182.18,longbridge_quote_readonly,等待收盘复核,高,2026-04-27T16:00:00-04:00,-48.37,-0.05,观察中,raw:knowledge/raw/brooks/transcribed_v2/al_brooks_price_action_course_v2/units/video_009A_pullbacks_bar_counting_basics_high_low_1_2.md;raw:knowledge/raw/brooks/transcribed_v2/al_brooks_price_action_course_v2/units/video_009C_pullbacks_endless_higher_lower_timeframes_countertrend_exit.md;raw:knowledge/raw/brooks/transcribed_v2/al_brooks_price_action_course_v2/units/video_014E_trends_tight_channel_small_pullback.md;raw:knowledge/raw/youtube/fangfangtu/transcripts/Price_Action方方土.pdf;raw:knowledge/raw/youtube/fangfangtu/transcripts/Price_Action方方土.pdf;raw:knowledge/raw/notes/方方土视频笔记 - 回调&数K线.pdf;raw:knowledge/raw/notes/方方土视频笔记 - 市场周期.pdf,M10-PA-001,趋势回调二次入场,PANW,1d
看涨,182.9000,78.1250,176.5000,195.7000,182.18,longbridge_quote_readonly,等待收盘复核,高,2026-04-27T16:00:00-04:00,-56.25,-0.06,观察中,raw:knowledge/raw/brooks/transcribed_v2/al_brooks_price_action_course_v2/units/video_015D_breakouts_second_leg_traps_strong_breakouts.md;raw:knowledge/raw/brooks/transcribed_v2/al_brooks_price_action_course_v2/units/video_015A_breakouts_definition_80_rule_reversal_tr.md;raw:knowledge/raw/brooks/transcribed_v2/al_brooks_price_action_course_v2/units/video_015B_breakouts_follow_through_reversal_small_start.md;raw:knowledge/raw/youtube/fangfangtu/transcripts/Price_Action方方土.pdf;raw:knowledge/raw/youtube/fangfangtu/transcripts/Price_Action方方土.pdf;raw:knowledge/raw/notes/方方土视频笔记-突破.pdf;raw:knowledge/raw/notes/方方土视频笔记-突破.pdf,M10-PA-002,突破后续跟进,PANW,1d
看涨,183.4000,72.4638,176.5000,189.3000,182.18,longbridge_quote_readonly,等待收盘复核,高,2026-04-27T10:25:00,-88.41,-0.09,观察中,raw:knowledge/raw/brooks/transcribed_v2/al_brooks_price_action_course_v2/units/video_048D_breakout_mode_opening_range.md;raw:knowledge/raw/brooks/transcribed_v2/al_brooks_price_action_course_v2/units/video_008C_candles_ttr_ii_ioi_breakout_mode.md;raw:knowledge/raw/brooks/transcribed_v2/al_brooks_price_action_course_v2/units/video_026A_triangles_ttr_wedges_flags_reversal_or_continuation.md,M10-PA-012,开盘区间突破,PANW,15m
看涨,183.4000,72.4638,176.5000,189.3000,182.18,longbridge_quote_readonly,等待收盘复核,高,2026-04-27T10:25:00,-88.41,-0.09,观察中,raw:knowledge/raw/brooks/transcribed_v2/al_brooks_price_action_course_v2/units/video_048D_breakout_mode_opening_range.md;raw:knowledge/raw/brooks/transcribed_v2/al_brooks_price_action_course_v2/units/video_008C_candles_ttr_ii_ioi_breakout_mode.md;raw:knowledge/raw/brooks/transcribed_v2/al_brooks_price_action_course_v2/units/video_026A_triangles_ttr_wedges_flags_reversal_or_continuation.md,M10-PA-012,开盘区间突破,PANW,5m
看涨,184.02,66.4894,176.50,199.06,182.18,longbridge_quote_readonly,等待收盘复核,中,2026-04-27T16:00:00-04:00,-122.34,-0.12,观察中,wiki:knowledge/wiki/sources/fangfangtu-market-cycle-note.md;raw:knowledge/raw/notes/方方土视频笔记 - 市场周期.pdf;wiki:knowledge/wiki/sources/fangfangtu-signal-bar-entry-note.md;raw:knowledge/raw/notes/方方土视频笔记 - 信号K线 & 入场.pdf,M12-FTD-001,方方土日线趋势顺势信号K,PANW,1d
