bar_timestamp,direction,event_type,generated_at,hypothetical_entry_price,hypothetical_stop_price,hypothetical_target_price,real_money_actions,review_status,schema_version,stage,strategy_id,strategy_title,symbol,timeframe
,,未触发,2026-05-05T17:15:30Z,,,,false,当前K线未触发,m12.12.observation-event.v1,M12.12.daily_observation_loop,M10-PA-001,趋势回调二次入场,SPY,1d
,,未触发,2026-05-05T17:15:30Z,,,,false,当前K线未触发,m12.12.observation-event.v1,M12.12.daily_observation_loop,M10-PA-001,趋势回调二次入场,SPY,1h
,,未触发,2026-05-05T17:15:30Z,,,,false,当前K线未触发,m12.12.observation-event.v1,M12.12.daily_observation_loop,M10-PA-001,趋势回调二次入场,SPY,15m
,,未触发,2026-05-05T17:15:30Z,,,,false,当前K线未触发,m12.12.observation-event.v1,M12.12.daily_observation_loop,M10-PA-001,趋势回调二次入场,SPY,5m
,,未触发,2026-05-05T17:15:30Z,,,,false,当前K线未触发,m12.12.observation-event.v1,M12.12.daily_observation_loop,M10-PA-002,突破后续跟进,SPY,1d
,,未触发,2026-05-05T17:15:30Z,,,,false,当前K线未触发,m12.12.observation-event.v1,M12.12.daily_observation_loop,M10-PA-002,突破后续跟进,SPY,1h
,,未触发,2026-05-05T17:15:30Z,,,,false,当前K线未触发,m12.12.observation-event.v1,M12.12.daily_observation_loop,M10-PA-002,突破后续跟进,SPY,15m
,,未触发,2026-05-05T17:15:30Z,,,,false,当前K线未触发,m12.12.observation-event.v1,M12.12.daily_observation_loop,M10-PA-002,突破后续跟进,SPY,5m
,,未触发,2026-05-05T17:15:30Z,,,,false,当前K线未触发,m12.12.observation-event.v1,M12.12.daily_observation_loop,M10-PA-012,开盘区间突破,SPY,15m
2026-05-05T10:05:00,long,今日候选,2026-05-05T17:15:30Z,723.1840,721.4900,724.4840,false,needs_read_only_bar_close_review,m12.12.observation-event.v1,M12.12.daily_observation_loop,M10-PA-012,开盘区间突破,SPY,5m
,,未触发,2026-05-05T17:15:30Z,,,,false,当前日线未触发,m12.12.observation-event.v1,M12.12.daily_observation_loop,M12-FTD-001,方方土日线趋势顺势信号K,SPY,1d
,,未触发,2026-05-05T17:15:30Z,,,,false,当前K线未触发,m12.12.observation-event.v1,M12.12.daily_observation_loop,M10-PA-001,趋势回调二次入场,QQQ,1d
,,未触发,2026-05-05T17:15:30Z,,,,false,当前K线未触发,m12.12.observation-event.v1,M12.12.daily_observation_loop,M10-PA-001,趋势回调二次入场,QQQ,1h
,,未触发,2026-05-05T17:15:30Z,,,,false,当前K线未触发,m12.12.observation-event.v1,M12.12.daily_observation_loop,M10-PA-001,趋势回调二次入场,QQQ,15m
,,未触发,2026-05-05T17:15:30Z,,,,false,当前K线未触发,m12.12.observation-event.v1,M12.12.daily_observation_loop,M10-PA-001,趋势回调二次入场,QQQ,5m
2026-05-05T16:00:00-04:00,long,今日候选,2026-05-05T17:15:30Z,681.4400,677.5100,689.3000,false,needs_read_only_bar_close_review,m12.12.observation-event.v1,M12.12.daily_observation_loop,M10-PA-002,突破后续跟进,QQQ,1d
,,未触发,2026-05-05T17:15:30Z,,,,false,当前K线未触发,m12.12.observation-event.v1,M12.12.daily_observation_loop,M10-PA-002,突破后续跟进,QQQ,1h
,,未触发,2026-05-05T17:15:30Z,,,,false,当前K线未触发,m12.12.observation-event.v1,M12.12.daily_observation_loop,M10-PA-002,突破后续跟进,QQQ,15m
,,未触发,2026-05-05T17:15:30Z,,,,false,当前K线未触发,m12.12.observation-event.v1,M12.12.daily_observation_loop,M10-PA-002,突破后续跟进,QQQ,5m
,,未触发,2026-05-05T17:15:30Z,,,,false,当前K线未触发,m12.12.observation-event.v1,M12.12.daily_observation_loop,M10-PA-012,开盘区间突破,QQQ,15m
2026-05-05T10:25:00,long,今日候选,2026-05-05T17:15:30Z,681.1200,677.5100,684.5300,false,needs_read_only_bar_close_review,m12.12.observation-event.v1,M12.12.daily_observation_loop,M10-PA-012,开盘区间突破,QQQ,5m
,,未触发,2026-05-05T17:15:30Z,,,,false,当前日线未触发,m12.12.observation-event.v1,M12.12.daily_observation_loop,M12-FTD-001,方方土日线趋势顺势信号K,QQQ,1d
2026-05-05T16:00:00-04:00,long,今日候选,2026-05-05T17:15:30Z,282.3400,270.3600,306.3000,false,needs_read_only_bar_close_review,m12.12.observation-event.v1,M12.12.daily_observation_loop,M10-PA-001,趋势回调二次入场,IWM,1d
,,未触发,2026-05-05T17:15:30Z,,,,false,当前K线未触发,m12.12.observation-event.v1,M12.12.daily_observation_loop,M10-PA-001,趋势回调二次入场,IWM,1h
,,未触发,2026-05-05T17:15:30Z,,,,false,当前K线未触发,m12.12.observation-event.v1,M12.12.daily_observation_loop,M10-PA-001,趋势回调二次入场,IWM,15m
,,未触发,2026-05-05T17:15:30Z,,,,false,当前K线未触发,m12.12.observation-event.v1,M12.12.daily_observation_loop,M10-PA-001,趋势回调二次入场,IWM,5m
2026-05-05T16:00:00-04:00,long,今日候选,2026-05-05T17:15:30Z,282.0800,280.0000,286.2400,false,needs_read_only_bar_close_review,m12.12.observation-event.v1,M12.12.daily_observation_loop,M10-PA-002,突破后续跟进,IWM,1d
,,未触发,2026-05-05T17:15:30Z,,,,false,当前K线未触发,m12.12.observation-event.v1,M12.12.daily_observation_loop,M10-PA-002,突破后续跟进,IWM,1h
,,未触发,2026-05-05T17:15:30Z,,,,false,当前K线未触发,m12.12.observation-event.v1,M12.12.daily_observation_loop,M10-PA-002,突破后续跟进,IWM,15m
,,未触发,2026-05-05T17:15:30Z,,,,false,当前K线未触发,m12.12.observation-event.v1,M12.12.daily_observation_loop,M10-PA-002,突破后续跟进,IWM,5m
,,未触发,2026-05-05T17:15:30Z,,,,false,当前K线未触发,m12.12.observation-event.v1,M12.12.daily_observation_loop,M10-PA-012,开盘区间突破,IWM,15m
2026-05-05T10:05:00,long,今日候选,2026-05-05T17:15:30Z,281.5300,280.0000,282.4600,false,needs_read_only_bar_close_review,m12.12.observation-event.v1,M12.12.daily_observation_loop,M10-PA-012,开盘区间突破,IWM,5m
,,未触发,2026-05-05T17:15:30Z,,,,false,当前日线未触发,m12.12.observation-event.v1,M12.12.daily_observation_loop,M12-FTD-001,方方土日线趋势顺势信号K,IWM,1d
,,未触发,2026-05-05T17:15:30Z,,,,false,当前K线未触发,m12.12.observation-event.v1,M12.12.daily_observation_loop,M10-PA-001,趋势回调二次入场,DIA,1d
,,未触发,2026-05-05T17:15:30Z,,,,false,当前K线未触发,m12.12.observation-event.v1,M12.12.daily_observation_loop,M10-PA-001,趋势回调二次入场,DIA,1h
,,未触发,2026-05-05T17:15:30Z,,,,false,当前K线未触发,m12.12.observation-event.v1,M12.12.daily_observation_loop,M10-PA-001,趋势回调二次入场,DIA,15m
,,未触发,2026-05-05T17:15:30Z,,,,false,当前K线未触发,m12.12.observation-event.v1,M12.12.daily_observation_loop,M10-PA-001,趋势回调二次入场,DIA,5m
,,未触发,2026-05-05T17:15:30Z,,,,false,当前K线未触发,m12.12.observation-event.v1,M12.12.daily_observation_loop,M10-PA-002,突破后续跟进,DIA,1d
,,未触发,2026-05-05T17:15:30Z,,,,false,当前K线未触发,m12.12.observation-event.v1,M12.12.daily_observation_loop,M10-PA-002,突破后续跟进,DIA,1h
,,未触发,2026-05-05T17:15:30Z,,,,false,当前K线未触发,m12.12.observation-event.v1,M12.12.daily_observation_loop,M10-PA-002,突破后续跟进,DIA,15m
,,未触发,2026-05-05T17:15:30Z,,,,false,当前K线未触发,m12.12.observation-event.v1,M12.12.daily_observation_loop,M10-PA-002,突破后续跟进,DIA,5m
,,未触发,2026-05-05T17:15:30Z,,,,false,当前K线未触发,m12.12.observation-event.v1,M12.12.daily_observation_loop,M10-PA-012,开盘区间突破,DIA,15m
2026-05-05T10:05:00,long,今日候选,2026-05-05T17:15:30Z,492.1300,490.0300,494.1650,false,needs_read_only_bar_close_review,m12.12.observation-event.v1,M12.12.daily_observation_loop,M10-PA-012,开盘区间突破,DIA,5m
,,未触发,2026-05-05T17:15:30Z,,,,false,当前日线未触发,m12.12.observation-event.v1,M12.12.daily_observation_loop,M12-FTD-001,方方土日线趋势顺势信号K,DIA,1d
,,未触发,2026-05-05T17:15:30Z,,,,false,当前K线未触发,m12.12.observation-event.v1,M12.12.daily_observation_loop,M10-PA-001,趋势回调二次入场,VTI,1d
,,未触发,2026-05-05T17:15:30Z,,,,false,当前K线未触发,m12.12.observation-event.v1,M12.12.daily_observation_loop,M10-PA-001,趋势回调二次入场,VTI,1h
,,未触发,2026-05-05T17:15:30Z,,,,false,当前K线未触发,m12.12.observation-event.v1,M12.12.daily_observation_loop,M10-PA-001,趋势回调二次入场,VTI,15m
,,未触发,2026-05-05T17:15:30Z,,,,false,当前K线未触发,m12.12.observation-event.v1,M12.12.daily_observation_loop,M10-PA-001,趋势回调二次入场,VTI,5m
,,未触发,2026-05-05T17:15:30Z,,,,false,当前K线未触发,m12.12.observation-event.v1,M12.12.daily_observation_loop,M10-PA-002,突破后续跟进,VTI,1d
,,未触发,2026-05-05T17:15:30Z,,,,false,当前K线未触发,m12.12.observation-event.v1,M12.12.daily_observation_loop,M10-PA-002,突破后续跟进,VTI,1h
,,未触发,2026-05-05T17:15:30Z,,,,false,当前K线未触发,m12.12.observation-event.v1,M12.12.daily_observation_loop,M10-PA-002,突破后续跟进,VTI,15m
,,未触发,2026-05-05T17:15:30Z,,,,false,当前K线未触发,m12.12.observation-event.v1,M12.12.daily_observation_loop,M10-PA-002,突破后续跟进,VTI,5m
,,未触发,2026-05-05T17:15:30Z,,,,false,当前K线未触发,m12.12.observation-event.v1,M12.12.daily_observation_loop,M10-PA-012,开盘区间突破,VTI,15m
2026-05-05T10:00:00,long,今日候选,2026-05-05T17:15:30Z,356.2900,355.7700,356.7950,false,needs_read_only_bar_close_review,m12.12.observation-event.v1,M12.12.daily_observation_loop,M10-PA-012,开盘区间突破,VTI,5m
,,未触发,2026-05-05T17:15:30Z,,,,false,当前日线未触发,m12.12.observation-event.v1,M12.12.daily_observation_loop,M12-FTD-001,方方土日线趋势顺势信号K,VTI,1d
,,未触发,2026-05-05T17:15:30Z,,,,false,当前K线未触发,m12.12.observation-event.v1,M12.12.daily_observation_loop,M10-PA-001,趋势回调二次入场,VOO,1d
,,未触发,2026-05-05T17:15:30Z,,,,false,当前K线未触发,m12.12.observation-event.v1,M12.12.daily_observation_loop,M10-PA-001,趋势回调二次入场,VOO,1h
,,未触发,2026-05-05T17:15:30Z,,,,false,当前K线未触发,m12.12.observation-event.v1,M12.12.daily_observation_loop,M10-PA-001,趋势回调二次入场,VOO,15m
,,未触发,2026-05-05T17:15:30Z,,,,false,当前K线未触发,m12.12.observation-event.v1,M12.12.daily_observation_loop,M10-PA-001,趋势回调二次入场,VOO,5m
,,未触发,2026-05-05T17:15:30Z,,,,false,当前K线未触发,m12.12.observation-event.v1,M12.12.daily_observation_loop,M10-PA-002,突破后续跟进,VOO,1d
,,未触发,2026-05-05T17:15:30Z,,,,false,当前K线未触发,m12.12.observation-event.v1,M12.12.daily_observation_loop,M10-PA-002,突破后续跟进,VOO,1h
,,未触发,2026-05-05T17:15:30Z,,,,false,当前K线未触发,m12.12.observation-event.v1,M12.12.daily_observation_loop,M10-PA-002,突破后续跟进,VOO,15m
,,未触发,2026-05-05T17:15:30Z,,,,false,当前K线未触发,m12.12.observation-event.v1,M12.12.daily_observation_loop,M10-PA-002,突破后续跟进,VOO,5m
,,未触发,2026-05-05T17:15:30Z,,,,false,当前K线未触发,m12.12.observation-event.v1,M12.12.daily_observation_loop,M10-PA-012,开盘区间突破,VOO,15m
2026-05-05T10:05:00,long,今日候选,2026-05-05T17:15:30Z,664.8600,663.3300,666.0300,false,needs_read_only_bar_close_review,m12.12.observation-event.v1,M12.12.daily_observation_loop,M10-PA-012,开盘区间突破,VOO,5m
,,未触发,2026-05-05T17:15:30Z,,,,false,当前日线未触发,m12.12.observation-event.v1,M12.12.daily_observation_loop,M12-FTD-001,方方土日线趋势顺势信号K,VOO,1d
,,未触发,2026-05-05T17:15:30Z,,,,false,当前K线未触发,m12.12.observation-event.v1,M12.12.daily_observation_loop,M10-PA-001,趋势回调二次入场,IVV,1d
,,未触发,2026-05-05T17:15:30Z,,,,false,当前K线未触发,m12.12.observation-event.v1,M12.12.daily_observation_loop,M10-PA-001,趋势回调二次入场,IVV,1h
,,未触发,2026-05-05T17:15:30Z,,,,false,当前K线未触发,m12.12.observation-event.v1,M12.12.daily_observation_loop,M10-PA-001,趋势回调二次入场,IVV,15m
,,未触发,2026-05-05T17:15:30Z,,,,false,当前K线未触发,m12.12.observation-event.v1,M12.12.daily_observation_loop,M10-PA-001,趋势回调二次入场,IVV,5m
,,未触发,2026-05-05T17:15:30Z,,,,false,当前K线未触发,m12.12.observation-event.v1,M12.12.daily_observation_loop,M10-PA-002,突破后续跟进,IVV,1d
,,未触发,2026-05-05T17:15:30Z,,,,false,当前K线未触发,m12.12.observation-event.v1,M12.12.daily_observation_loop,M10-PA-002,突破后续跟进,IVV,1h
,,未触发,2026-05-05T17:15:30Z,,,,false,当前K线未触发,m12.12.observation-event.v1,M12.12.daily_observation_loop,M10-PA-002,突破后续跟进,IVV,15m
,,未触发,2026-05-05T17:15:30Z,,,,false,当前K线未触发,m12.12.observation-event.v1,M12.12.daily_observation_loop,M10-PA-002,突破后续跟进,IVV,5m
,,未触发,2026-05-05T17:15:30Z,,,,false,当前K线未触发,m12.12.observation-event.v1,M12.12.daily_observation_loop,M10-PA-012,开盘区间突破,IVV,15m
2026-05-05T10:05:00,long,今日候选,2026-05-05T17:15:30Z,726.5250,724.9300,727.7550,false,needs_read_only_bar_close_review,m12.12.observation-event.v1,M12.12.daily_observation_loop,M10-PA-012,开盘区间突破,IVV,5m
,,未触发,2026-05-05T17:15:30Z,,,,false,当前日线未触发,m12.12.observation-event.v1,M12.12.daily_observation_loop,M12-FTD-001,方方土日线趋势顺势信号K,IVV,1d
,,未触发,2026-05-05T17:15:30Z,,,,false,当前K线未触发,m12.12.observation-event.v1,M12.12.daily_observation_loop,M10-PA-001,趋势回调二次入场,XLK,1d
,,未触发,2026-05-05T17:15:30Z,,,,false,当前K线未触发,m12.12.observation-event.v1,M12.12.daily_observation_loop,M10-PA-001,趋势回调二次入场,XLK,1h
,,未触发,2026-05-05T17:15:30Z,,,,false,当前K线未触发,m12.12.observation-event.v1,M12.12.daily_observation_loop,M10-PA-001,趋势回调二次入场,XLK,15m
,,未触发,2026-05-05T17:15:30Z,,,,false,当前K线未触发,m12.12.observation-event.v1,M12.12.daily_observation_loop,M10-PA-001,趋势回调二次入场,XLK,5m
2026-05-05T16:00:00-04:00,long,今日候选,2026-05-05T17:15:30Z,165.4500,163.5200,169.3100,false,needs_read_only_bar_close_review,m12.12.observation-event.v1,M12.12.daily_observation_loop,M10-PA-002,突破后续跟进,XLK,1d
,,未触发,2026-05-05T17:15:30Z,,,,false,当前K线未触发,m12.12.observation-event.v1,M12.12.daily_observation_loop,M10-PA-002,突破后续跟进,XLK,1h
,,未触发,2026-05-05T17:15:30Z,,,,false,当前K线未触发,m12.12.observation-event.v1,M12.12.daily_observation_loop,M10-PA-002,突破后续跟进,XLK,15m
,,未触发,2026-05-05T17:15:30Z,,,,false,当前K线未触发,m12.12.observation-event.v1,M12.12.daily_observation_loop,M10-PA-002,突破后续跟进,XLK,5m
,,未触发,2026-05-05T17:15:30Z,,,,false,当前K线未触发,m12.12.observation-event.v1,M12.12.daily_observation_loop,M10-PA-012,开盘区间突破,XLK,15m
2026-05-05T10:20:00,long,今日候选,2026-05-05T17:15:30Z,165.0300,163.5200,166.3000,false,needs_read_only_bar_close_review,m12.12.observation-event.v1,M12.12.daily_observation_loop,M10-PA-012,开盘区间突破,XLK,5m
2026-05-05T16:00:00-04:00,long,今日候选,2026-05-05T17:15:30Z,165.58,163.52,169.70,false,needs_read_only_bar_close_review,m12.12.observation-event.v1,M12.12.daily_observation_loop,M12-FTD-001,方方土日线趋势顺势信号K,XLK,1d
,,未触发,2026-05-05T17:15:30Z,,,,false,当前K线未触发,m12.12.observation-event.v1,M12.12.daily_observation_loop,M10-PA-001,趋势回调二次入场,XLF,1d
,,未触发,2026-05-05T17:15:30Z,,,,false,当前K线未触发,m12.12.observation-event.v1,M12.12.daily_observation_loop,M10-PA-001,趋势回调二次入场,XLF,1h
,,未触发,2026-05-05T17:15:30Z,,,,false,当前K线未触发,m12.12.observation-event.v1,M12.12.daily_observation_loop,M10-PA-001,趋势回调二次入场,XLF,15m
,,未触发,2026-05-05T17:15:30Z,,,,false,当前K线未触发,m12.12.observation-event.v1,M12.12.daily_observation_loop,M10-PA-001,趋势回调二次入场,XLF,5m
,,未触发,2026-05-05T17:15:30Z,,,,false,当前K线未触发,m12.12.observation-event.v1,M12.12.daily_observation_loop,M10-PA-002,突破后续跟进,XLF,1d
,,未触发,2026-05-05T17:15:30Z,,,,false,当前K线未触发,m12.12.observation-event.v1,M12.12.daily_observation_loop,M10-PA-002,突破后续跟进,XLF,1h
,,未触发,2026-05-05T17:15:30Z,,,,false,当前K线未触发,m12.12.observation-event.v1,M12.12.daily_observation_loop,M10-PA-002,突破后续跟进,XLF,15m
,,未触发,2026-05-05T17:15:30Z,,,,false,当前K线未触发,m12.12.observation-event.v1,M12.12.daily_observation_loop,M10-PA-002,突破后续跟进,XLF,5m
,,未触发,2026-05-05T17:15:30Z,,,,false,当前K线未触发,m12.12.observation-event.v1,M12.12.daily_observation_loop,M10-PA-012,开盘区间突破,XLF,15m
2026-05-05T10:55:00,long,今日候选,2026-05-05T17:15:30Z,51.7250,51.3800,52.0100,false,needs_read_only_bar_close_review,m12.12.observation-event.v1,M12.12.daily_observation_loop,M10-PA-012,开盘区间突破,XLF,5m
,,未触发,2026-05-05T17:15:30Z,,,,false,当前日线未触发,m12.12.observation-event.v1,M12.12.daily_observation_loop,M12-FTD-001,方方土日线趋势顺势信号K,XLF,1d
,,未触发,2026-05-05T17:15:30Z,,,,false,当前K线未触发,m12.12.observation-event.v1,M12.12.daily_observation_loop,M10-PA-001,趋势回调二次入场,XLE,1d
,,未触发,2026-05-05T17:15:30Z,,,,false,当前K线未触发,m12.12.observation-event.v1,M12.12.daily_observation_loop,M10-PA-001,趋势回调二次入场,XLE,1h
,,未触发,2026-05-05T17:15:30Z,,,,false,当前K线未触发,m12.12.observation-event.v1,M12.12.daily_observation_loop,M10-PA-001,趋势回调二次入场,XLE,15m
,,未触发,2026-05-05T17:15:30Z,,,,false,当前K线未触发,m12.12.observation-event.v1,M12.12.daily_observation_loop,M10-PA-001,趋势回调二次入场,XLE,5m
,,未触发,2026-05-05T17:15:30Z,,,,false,当前K线未触发,m12.12.observation-event.v1,M12.12.daily_observation_loop,M10-PA-002,突破后续跟进,XLE,1d
,,未触发,2026-05-05T17:15:30Z,,,,false,当前K线未触发,m12.12.observation-event.v1,M12.12.daily_observation_loop,M10-PA-002,突破后续跟进,XLE,1h
,,未触发,2026-05-05T17:15:30Z,,,,false,当前K线未触发,m12.12.observation-event.v1,M12.12.daily_observation_loop,M10-PA-002,突破后续跟进,XLE,15m
,,未触发,2026-05-05T17:15:30Z,,,,false,当前K线未触发,m12.12.observation-event.v1,M12.12.daily_observation_loop,M10-PA-002,突破后续跟进,XLE,5m
,,未触发,2026-05-05T17:15:30Z,,,,false,当前K线未触发,m12.12.observation-event.v1,M12.12.daily_observation_loop,M10-PA-012,开盘区间突破,XLE,15m
2026-05-05T10:10:00,long,今日候选,2026-05-05T17:15:30Z,59.5650,58.8900,60.1940,false,needs_read_only_bar_close_review,m12.12.observation-event.v1,M12.12.daily_observation_loop,M10-PA-012,开盘区间突破,XLE,5m
2026-05-05T16:00:00-04:00,long,今日候选,2026-05-05T17:15:30Z,59.68,58.89,61.26,false,needs_read_only_bar_close_review,m12.12.observation-event.v1,M12.12.daily_observation_loop,M12-FTD-001,方方土日线趋势顺势信号K,XLE,1d
,,未触发,2026-05-05T17:15:30Z,,,,false,当前K线未触发,m12.12.observation-event.v1,M12.12.daily_observation_loop,M10-PA-001,趋势回调二次入场,XLV,1d
,,未触发,2026-05-05T17:15:30Z,,,,false,当前K线未触发,m12.12.observation-event.v1,M12.12.daily_observation_loop,M10-PA-001,趋势回调二次入场,XLV,1h
,,未触发,2026-05-05T17:15:30Z,,,,false,当前K线未触发,m12.12.observation-event.v1,M12.12.daily_observation_loop,M10-PA-001,趋势回调二次入场,XLV,15m
,,未触发,2026-05-05T17:15:30Z,,,,false,当前K线未触发,m12.12.observation-event.v1,M12.12.daily_observation_loop,M10-PA-001,趋势回调二次入场,XLV,5m
,,未触发,2026-05-05T17:15:30Z,,,,false,当前K线未触发,m12.12.observation-event.v1,M12.12.daily_observation_loop,M10-PA-002,突破后续跟进,XLV,1d
,,未触发,2026-05-05T17:15:30Z,,,,false,当前K线未触发,m12.12.observation-event.v1,M12.12.daily_observation_loop,M10-PA-002,突破后续跟进,XLV,1h
,,未触发,2026-05-05T17:15:30Z,,,,false,当前K线未触发,m12.12.observation-event.v1,M12.12.daily_observation_loop,M10-PA-002,突破后续跟进,XLV,15m
,,未触发,2026-05-05T17:15:30Z,,,,false,当前K线未触发,m12.12.observation-event.v1,M12.12.daily_observation_loop,M10-PA-002,突破后续跟进,XLV,5m
,,未触发,2026-05-05T17:15:30Z,,,,false,当前K线未触发,m12.12.observation-event.v1,M12.12.daily_observation_loop,M10-PA-012,开盘区间突破,XLV,15m
2026-05-05T11:00:00,long,今日候选,2026-05-05T17:15:30Z,145.5450,144.4300,146.6050,false,needs_read_only_bar_close_review,m12.12.observation-event.v1,M12.12.daily_observation_loop,M10-PA-012,开盘区间突破,XLV,5m
,,未触发,2026-05-05T17:15:30Z,,,,false,当前日线未触发,m12.12.observation-event.v1,M12.12.daily_observation_loop,M12-FTD-001,方方土日线趋势顺势信号K,XLV,1d
,,未触发,2026-05-05T17:15:30Z,,,,false,当前K线未触发,m12.12.observation-event.v1,M12.12.daily_observation_loop,M10-PA-001,趋势回调二次入场,XLY,1d
,,未触发,2026-05-05T17:15:30Z,,,,false,当前K线未触发,m12.12.observation-event.v1,M12.12.daily_observation_loop,M10-PA-001,趋势回调二次入场,XLY,1h
,,未触发,2026-05-05T17:15:30Z,,,,false,当前K线未触发,m12.12.observation-event.v1,M12.12.daily_observation_loop,M10-PA-001,趋势回调二次入场,XLY,15m
,,未触发,2026-05-05T17:15:30Z,,,,false,当前K线未触发,m12.12.observation-event.v1,M12.12.daily_observation_loop,M10-PA-001,趋势回调二次入场,XLY,5m
,,未触发,2026-05-05T17:15:30Z,,,,false,当前K线未触发,m12.12.observation-event.v1,M12.12.daily_observation_loop,M10-PA-002,突破后续跟进,XLY,1d
,,未触发,2026-05-05T17:15:30Z,,,,false,当前K线未触发,m12.12.observation-event.v1,M12.12.daily_observation_loop,M10-PA-002,突破后续跟进,XLY,1h
,,未触发,2026-05-05T17:15:30Z,,,,false,当前K线未触发,m12.12.observation-event.v1,M12.12.daily_observation_loop,M10-PA-002,突破后续跟进,XLY,15m
,,未触发,2026-05-05T17:15:30Z,,,,false,当前K线未触发,m12.12.observation-event.v1,M12.12.daily_observation_loop,M10-PA-002,突破后续跟进,XLY,5m
,,未触发,2026-05-05T17:15:30Z,,,,false,当前K线未触发,m12.12.observation-event.v1,M12.12.daily_observation_loop,M10-PA-012,开盘区间突破,XLY,15m
,,未触发,2026-05-05T17:15:30Z,,,,false,当前K线未触发,m12.12.observation-event.v1,M12.12.daily_observation_loop,M10-PA-012,开盘区间突破,XLY,5m
,,未触发,2026-05-05T17:15:30Z,,,,false,当前日线未触发,m12.12.observation-event.v1,M12.12.daily_observation_loop,M12-FTD-001,方方土日线趋势顺势信号K,XLY,1d
,,未触发,2026-05-05T17:15:30Z,,,,false,当前K线未触发,m12.12.observation-event.v1,M12.12.daily_observation_loop,M10-PA-001,趋势回调二次入场,XLI,1d
,,未触发,2026-05-05T17:15:30Z,,,,false,当前K线未触发,m12.12.observation-event.v1,M12.12.daily_observation_loop,M10-PA-001,趋势回调二次入场,XLI,1h
,,未触发,2026-05-05T17:15:30Z,,,,false,当前K线未触发,m12.12.observation-event.v1,M12.12.daily_observation_loop,M10-PA-001,趋势回调二次入场,XLI,15m
,,未触发,2026-05-05T17:15:30Z,,,,false,当前K线未触发,m12.12.observation-event.v1,M12.12.daily_observation_loop,M10-PA-001,趋势回调二次入场,XLI,5m
,,未触发,2026-05-05T17:15:30Z,,,,false,当前K线未触发,m12.12.observation-event.v1,M12.12.daily_observation_loop,M10-PA-002,突破后续跟进,XLI,1d
,,未触发,2026-05-05T17:15:30Z,,,,false,当前K线未触发,m12.12.observation-event.v1,M12.12.daily_observation_loop,M10-PA-002,突破后续跟进,XLI,1h
,,未触发,2026-05-05T17:15:30Z,,,,false,当前K线未触发,m12.12.observation-event.v1,M12.12.daily_observation_loop,M10-PA-002,突破后续跟进,XLI,15m
,,未触发,2026-05-05T17:15:30Z,,,,false,当前K线未触发,m12.12.observation-event.v1,M12.12.daily_observation_loop,M10-PA-002,突破后续跟进,XLI,5m
,,未触发,2026-05-05T17:15:30Z,,,,false,当前K线未触发,m12.12.observation-event.v1,M12.12.daily_observation_loop,M10-PA-012,开盘区间突破,XLI,15m
2026-05-05T10:05:00,long,今日候选,2026-05-05T17:15:30Z,172.8600,171.2250,174.2150,false,needs_read_only_bar_close_review,m12.12.observation-event.v1,M12.12.daily_observation_loop,M10-PA-012,开盘区间突破,XLI,5m
,,未触发,2026-05-05T17:15:30Z,,,,false,当前日线未触发,m12.12.observation-event.v1,M12.12.daily_observation_loop,M12-FTD-001,方方土日线趋势顺势信号K,XLI,1d
,,未触发,2026-05-05T17:15:30Z,,,,false,当前K线未触发,m12.12.observation-event.v1,M12.12.daily_observation_loop,M10-PA-001,趋势回调二次入场,XLP,1d
,,未触发,2026-05-05T17:15:30Z,,,,false,当前K线未触发,m12.12.observation-event.v1,M12.12.daily_observation_loop,M10-PA-001,趋势回调二次入场,XLP,1h
,,未触发,2026-05-05T17:15:30Z,,,,false,当前K线未触发,m12.12.observation-event.v1,M12.12.daily_observation_loop,M10-PA-001,趋势回调二次入场,XLP,15m
,,未触发,2026-05-05T17:15:30Z,,,,false,当前K线未触发,m12.12.observation-event.v1,M12.12.daily_observation_loop,M10-PA-001,趋势回调二次入场,XLP,5m
,,未触发,2026-05-05T17:15:30Z,,,,false,当前K线未触发,m12.12.observation-event.v1,M12.12.daily_observation_loop,M10-PA-002,突破后续跟进,XLP,1d
,,未触发,2026-05-05T17:15:30Z,,,,false,当前K线未触发,m12.12.observation-event.v1,M12.12.daily_observation_loop,M10-PA-002,突破后续跟进,XLP,1h
,,未触发,2026-05-05T17:15:30Z,,,,false,当前K线未触发,m12.12.observation-event.v1,M12.12.daily_observation_loop,M10-PA-002,突破后续跟进,XLP,15m
,,未触发,2026-05-05T17:15:30Z,,,,false,当前K线未触发,m12.12.observation-event.v1,M12.12.daily_observation_loop,M10-PA-002,突破后续跟进,XLP,5m
,,未触发,2026-05-05T17:15:30Z,,,,false,当前K线未触发,m12.12.observation-event.v1,M12.12.daily_observation_loop,M10-PA-012,开盘区间突破,XLP,15m
2026-05-05T10:05:00,long,今日候选,2026-05-05T17:15:30Z,83.7500,83.2800,84.1600,false,needs_read_only_bar_close_review,m12.12.observation-event.v1,M12.12.daily_observation_loop,M10-PA-012,开盘区间突破,XLP,5m
,,未触发,2026-05-05T17:15:30Z,,,,false,当前日线未触发,m12.12.observation-event.v1,M12.12.daily_observation_loop,M12-FTD-001,方方土日线趋势顺势信号K,XLP,1d
,,未触发,2026-05-05T17:15:30Z,,,,false,当前K线未触发,m12.12.observation-event.v1,M12.12.daily_observation_loop,M10-PA-001,趋势回调二次入场,XLU,1d
,,未触发,2026-05-05T17:15:30Z,,,,false,当前K线未触发,m12.12.observation-event.v1,M12.12.daily_observation_loop,M10-PA-001,趋势回调二次入场,XLU,1h
,,未触发,2026-05-05T17:15:30Z,,,,false,当前K线未触发,m12.12.observation-event.v1,M12.12.daily_observation_loop,M10-PA-001,趋势回调二次入场,XLU,15m
,,未触发,2026-05-05T17:15:30Z,,,,false,当前K线未触发,m12.12.observation-event.v1,M12.12.daily_observation_loop,M10-PA-001,趋势回调二次入场,XLU,5m
,,未触发,2026-05-05T17:15:30Z,,,,false,当前K线未触发,m12.12.observation-event.v1,M12.12.daily_observation_loop,M10-PA-002,突破后续跟进,XLU,1d
,,未触发,2026-05-05T17:15:30Z,,,,false,当前K线未触发,m12.12.observation-event.v1,M12.12.daily_observation_loop,M10-PA-002,突破后续跟进,XLU,1h
,,未触发,2026-05-05T17:15:30Z,,,,false,当前K线未触发,m12.12.observation-event.v1,M12.12.daily_observation_loop,M10-PA-002,突破后续跟进,XLU,15m
2026-05-05T12:00:00,long,今日候选,2026-05-05T17:15:30Z,46.6290,46.5900,46.7070,false,needs_read_only_bar_close_review,m12.12.observation-event.v1,M12.12.daily_observation_loop,M10-PA-002,突破后续跟进,XLU,5m
,,未触发,2026-05-05T17:15:30Z,,,,false,当前K线未触发,m12.12.observation-event.v1,M12.12.daily_observation_loop,M10-PA-012,开盘区间突破,XLU,15m
,,未触发,2026-05-05T17:15:30Z,,,,false,当前K线未触发,m12.12.observation-event.v1,M12.12.daily_observation_loop,M10-PA-012,开盘区间突破,XLU,5m
,,未触发,2026-05-05T17:15:30Z,,,,false,当前日线未触发,m12.12.observation-event.v1,M12.12.daily_observation_loop,M12-FTD-001,方方土日线趋势顺势信号K,XLU,1d
,,未触发,2026-05-05T17:15:30Z,,,,false,当前K线未触发,m12.12.observation-event.v1,M12.12.daily_observation_loop,M10-PA-001,趋势回调二次入场,XLC,1d
,,未触发,2026-05-05T17:15:30Z,,,,false,当前K线未触发,m12.12.observation-event.v1,M12.12.daily_observation_loop,M10-PA-001,趋势回调二次入场,XLC,1h
,,未触发,2026-05-05T17:15:30Z,,,,false,当前K线未触发,m12.12.observation-event.v1,M12.12.daily_observation_loop,M10-PA-001,趋势回调二次入场,XLC,15m
,,未触发,2026-05-05T17:15:30Z,,,,false,当前K线未触发,m12.12.observation-event.v1,M12.12.daily_observation_loop,M10-PA-001,趋势回调二次入场,XLC,5m
,,未触发,2026-05-05T17:15:30Z,,,,false,当前K线未触发,m12.12.observation-event.v1,M12.12.daily_observation_loop,M10-PA-002,突破后续跟进,XLC,1d
,,未触发,2026-05-05T17:15:30Z,,,,false,当前K线未触发,m12.12.observation-event.v1,M12.12.daily_observation_loop,M10-PA-002,突破后续跟进,XLC,1h
,,未触发,2026-05-05T17:15:30Z,,,,false,当前K线未触发,m12.12.observation-event.v1,M12.12.daily_observation_loop,M10-PA-002,突破后续跟进,XLC,15m
,,未触发,2026-05-05T17:15:30Z,,,,false,当前K线未触发,m12.12.observation-event.v1,M12.12.daily_observation_loop,M10-PA-002,突破后续跟进,XLC,5m
,,未触发,2026-05-05T17:15:30Z,,,,false,当前K线未触发,m12.12.observation-event.v1,M12.12.daily_observation_loop,M10-PA-012,开盘区间突破,XLC,15m
2026-05-05T10:15:00,short,今日候选,2026-05-05T17:15:30Z,115.5300,116.2800,114.8400,false,needs_read_only_bar_close_review,m12.12.observation-event.v1,M12.12.daily_observation_loop,M10-PA-012,开盘区间突破,XLC,5m
2026-05-05T16:00:00-04:00,short,今日候选,2026-05-05T17:15:30Z,115.28,116.28,113.28,false,needs_read_only_bar_close_review,m12.12.observation-event.v1,M12.12.daily_observation_loop,M12-FTD-001,方方土日线趋势顺势信号K,XLC,1d
2026-05-05T16:00:00-04:00,long,今日候选,2026-05-05T17:15:30Z,51.6950,50.5000,54.0850,false,needs_read_only_bar_close_review,m12.12.observation-event.v1,M12.12.daily_observation_loop,M10-PA-001,趋势回调二次入场,XLB,1d
,,未触发,2026-05-05T17:15:30Z,,,,false,当前K线未触发,m12.12.observation-event.v1,M12.12.daily_observation_loop,M10-PA-001,趋势回调二次入场,XLB,1h
,,未触发,2026-05-05T17:15:30Z,,,,false,当前K线未触发,m12.12.observation-event.v1,M12.12.daily_observation_loop,M10-PA-001,趋势回调二次入场,XLB,15m
,,未触发,2026-05-05T17:15:30Z,,,,false,当前K线未触发,m12.12.observation-event.v1,M12.12.daily_observation_loop,M10-PA-001,趋势回调二次入场,XLB,5m
,,未触发,2026-05-05T17:15:30Z,,,,false,当前K线未触发,m12.12.observation-event.v1,M12.12.daily_observation_loop,M10-PA-002,突破后续跟进,XLB,1d
,,未触发,2026-05-05T17:15:30Z,,,,false,当前K线未触发,m12.12.observation-event.v1,M12.12.daily_observation_loop,M10-PA-002,突破后续跟进,XLB,1h
,,未触发,2026-05-05T17:15:30Z,,,,false,当前K线未触发,m12.12.observation-event.v1,M12.12.daily_observation_loop,M10-PA-002,突破后续跟进,XLB,15m
2026-05-05T12:00:00,long,今日候选,2026-05-05T17:15:30Z,51.6900,51.6200,51.8300,false,needs_read_only_bar_close_review,m12.12.observation-event.v1,M12.12.daily_observation_loop,M10-PA-002,突破后续跟进,XLB,5m
,,未触发,2026-05-05T17:15:30Z,,,,false,当前K线未触发,m12.12.observation-event.v1,M12.12.daily_observation_loop,M10-PA-012,开盘区间突破,XLB,15m
2026-05-05T10:00:00,long,今日候选,2026-05-05T17:15:30Z,51.2700,50.8940,51.6060,false,needs_read_only_bar_close_review,m12.12.observation-event.v1,M12.12.daily_observation_loop,M10-PA-012,开盘区间突破,XLB,5m
,,未触发,2026-05-05T17:15:30Z,,,,false,当前日线未触发,m12.12.observation-event.v1,M12.12.daily_observation_loop,M12-FTD-001,方方土日线趋势顺势信号K,XLB,1d
,,未触发,2026-05-05T17:15:30Z,,,,false,当前K线未触发,m12.12.observation-event.v1,M12.12.daily_observation_loop,M10-PA-001,趋势回调二次入场,SMH,1d
,,未触发,2026-05-05T17:15:30Z,,,,false,当前K线未触发,m12.12.observation-event.v1,M12.12.daily_observation_loop,M10-PA-001,趋势回调二次入场,SMH,1h
,,未触发,2026-05-05T17:15:30Z,,,,false,当前K线未触发,m12.12.observation-event.v1,M12.12.daily_observation_loop,M10-PA-001,趋势回调二次入场,SMH,15m
,,未触发,2026-05-05T17:15:30Z,,,,false,当前K线未触发,m12.12.observation-event.v1,M12.12.daily_observation_loop,M10-PA-001,趋势回调二次入场,SMH,5m
2026-05-05T16:00:00-04:00,long,今日候选,2026-05-05T17:15:30Z,524.9100,514.1200,546.4900,false,needs_read_only_bar_close_review,m12.12.observation-event.v1,M12.12.daily_observation_loop,M10-PA-002,突破后续跟进,SMH,1d
,,未触发,2026-05-05T17:15:30Z,,,,false,当前K线未触发,m12.12.observation-event.v1,M12.12.daily_observation_loop,M10-PA-002,突破后续跟进,SMH,1h
,,未触发,2026-05-05T17:15:30Z,,,,false,当前K线未触发,m12.12.observation-event.v1,M12.12.daily_observation_loop,M10-PA-002,突破后续跟进,SMH,15m
,,未触发,2026-05-05T17:15:30Z,,,,false,当前K线未触发,m12.12.observation-event.v1,M12.12.daily_observation_loop,M10-PA-002,突破后续跟进,SMH,5m
,,未触发,2026-05-05T17:15:30Z,,,,false,当前K线未触发,m12.12.observation-event.v1,M12.12.daily_observation_loop,M10-PA-012,开盘区间突破,SMH,15m
2026-05-05T10:20:00,long,今日候选,2026-05-05T17:15:30Z,520.7000,514.1200,526.7700,false,needs_read_only_bar_close_review,m12.12.observation-event.v1,M12.12.daily_observation_loop,M10-PA-012,开盘区间突破,SMH,5m
,,未触发,2026-05-05T17:15:30Z,,,,false,当前日线未触发,m12.12.observation-event.v1,M12.12.daily_observation_loop,M12-FTD-001,方方土日线趋势顺势信号K,SMH,1d
,,未触发,2026-05-05T17:15:30Z,,,,false,当前K线未触发,m12.12.observation-event.v1,M12.12.daily_observation_loop,M10-PA-001,趋势回调二次入场,SOXX,1d
,,未触发,2026-05-05T17:15:30Z,,,,false,当前K线未触发,m12.12.observation-event.v1,M12.12.daily_observation_loop,M10-PA-001,趋势回调二次入场,SOXX,1h
,,未触发,2026-05-05T17:15:30Z,,,,false,当前K线未触发,m12.12.observation-event.v1,M12.12.daily_observation_loop,M10-PA-001,趋势回调二次入场,SOXX,15m
,,未触发,2026-05-05T17:15:30Z,,,,false,当前K线未触发,m12.12.observation-event.v1,M12.12.daily_observation_loop,M10-PA-001,趋势回调二次入场,SOXX,5m
2026-05-05T16:00:00-04:00,long,今日候选,2026-05-05T17:15:30Z,483.9300,470.2300,511.3300,false,needs_read_only_bar_close_review,m12.12.observation-event.v1,M12.12.daily_observation_loop,M10-PA-002,突破后续跟进,SOXX,1d
,,未触发,2026-05-05T17:15:30Z,,,,false,当前K线未触发,m12.12.observation-event.v1,M12.12.daily_observation_loop,M10-PA-002,突破后续跟进,SOXX,1h
,,未触发,2026-05-05T17:15:30Z,,,,false,当前K线未触发,m12.12.observation-event.v1,M12.12.daily_observation_loop,M10-PA-002,突破后续跟进,SOXX,15m
,,未触发,2026-05-05T17:15:30Z,,,,false,当前K线未触发,m12.12.observation-event.v1,M12.12.daily_observation_loop,M10-PA-002,突破后续跟进,SOXX,5m
,,未触发,2026-05-05T17:15:30Z,,,,false,当前K线未触发,m12.12.observation-event.v1,M12.12.daily_observation_loop,M10-PA-012,开盘区间突破,SOXX,15m
2026-05-05T10:20:00,long,今日候选,2026-05-05T17:15:30Z,478.2700,470.2300,485.3700,false,needs_read_only_bar_close_review,m12.12.observation-event.v1,M12.12.daily_observation_loop,M10-PA-012,开盘区间突破,SOXX,5m
,,未触发,2026-05-05T17:15:30Z,,,,false,当前日线未触发,m12.12.observation-event.v1,M12.12.daily_observation_loop,M12-FTD-001,方方土日线趋势顺势信号K,SOXX,1d
,,未触发,2026-05-05T17:15:30Z,,,,false,当前K线未触发,m12.12.observation-event.v1,M12.12.daily_observation_loop,M10-PA-001,趋势回调二次入场,TQQQ,1d
,,未触发,2026-05-05T17:15:30Z,,,,false,当前K线未触发,m12.12.observation-event.v1,M12.12.daily_observation_loop,M10-PA-001,趋势回调二次入场,TQQQ,1h
,,未触发,2026-05-05T17:15:30Z,,,,false,当前K线未触发,m12.12.observation-event.v1,M12.12.daily_observation_loop,M10-PA-001,趋势回调二次入场,TQQQ,15m
,,未触发,2026-05-05T17:15:30Z,,,,false,当前K线未触发,m12.12.observation-event.v1,M12.12.daily_observation_loop,M10-PA-001,趋势回调二次入场,TQQQ,5m
2026-05-05T16:00:00-04:00,long,今日候选,2026-05-05T17:15:30Z,67.3800,66.2600,69.6200,false,needs_read_only_bar_close_review,m12.12.observation-event.v1,M12.12.daily_observation_loop,M10-PA-002,突破后续跟进,TQQQ,1d
,,未触发,2026-05-05T17:15:30Z,,,,false,当前K线未触发,m12.12.observation-event.v1,M12.12.daily_observation_loop,M10-PA-002,突破后续跟进,TQQQ,1h
,,未触发,2026-05-05T17:15:30Z,,,,false,当前K线未触发,m12.12.observation-event.v1,M12.12.daily_observation_loop,M10-PA-002,突破后续跟进,TQQQ,15m
,,未触发,2026-05-05T17:15:30Z,,,,false,当前K线未触发,m12.12.observation-event.v1,M12.12.daily_observation_loop,M10-PA-002,突破后续跟进,TQQQ,5m
,,未触发,2026-05-05T17:15:30Z,,,,false,当前K线未触发,m12.12.observation-event.v1,M12.12.daily_observation_loop,M10-PA-012,开盘区间突破,TQQQ,15m
2026-05-05T10:25:00,long,今日候选,2026-05-05T17:15:30Z,67.2950,66.2600,68.2730,false,needs_read_only_bar_close_review,m12.12.observation-event.v1,M12.12.daily_observation_loop,M10-PA-012,开盘区间突破,TQQQ,5m
,,未触发,2026-05-05T17:15:30Z,,,,false,当前日线未触发,m12.12.observation-event.v1,M12.12.daily_observation_loop,M12-FTD-001,方方土日线趋势顺势信号K,TQQQ,1d
,,未触发,2026-05-05T17:15:30Z,,,,false,当前K线未触发,m12.12.observation-event.v1,M12.12.daily_observation_loop,M10-PA-001,趋势回调二次入场,SQQQ,1d
,,未触发,2026-05-05T17:15:30Z,,,,false,当前K线未触发,m12.12.observation-event.v1,M12.12.daily_observation_loop,M10-PA-001,趋势回调二次入场,SQQQ,1h
,,未触发,2026-05-05T17:15:30Z,,,,false,当前K线未触发,m12.12.observation-event.v1,M12.12.daily_observation_loop,M10-PA-001,趋势回调二次入场,SQQQ,15m
,,未触发,2026-05-05T17:15:30Z,,,,false,当前K线未触发,m12.12.observation-event.v1,M12.12.daily_observation_loop,M10-PA-001,趋势回调二次入场,SQQQ,5m
2026-05-05T16:00:00-04:00,short,今日候选,2026-05-05T17:15:30Z,48.6200,49.4900,46.8800,false,needs_read_only_bar_close_review,m12.12.observation-event.v1,M12.12.daily_observation_loop,M10-PA-002,突破后续跟进,SQQQ,1d
,,未触发,2026-05-05T17:15:30Z,,,,false,当前K线未触发,m12.12.observation-event.v1,M12.12.daily_observation_loop,M10-PA-002,突破后续跟进,SQQQ,1h
,,未触发,2026-05-05T17:15:30Z,,,,false,当前K线未触发,m12.12.observation-event.v1,M12.12.daily_observation_loop,M10-PA-002,突破后续跟进,SQQQ,15m
,,未触发,2026-05-05T17:15:30Z,,,,false,当前K线未触发,m12.12.observation-event.v1,M12.12.daily_observation_loop,M10-PA-002,突破后续跟进,SQQQ,5m
,,未触发,2026-05-05T17:15:30Z,,,,false,当前K线未触发,m12.12.observation-event.v1,M12.12.daily_observation_loop,M10-PA-012,开盘区间突破,SQQQ,15m
2026-05-05T10:25:00,short,今日候选,2026-05-05T17:15:30Z,48.6700,49.4900,47.9000,false,needs_read_only_bar_close_review,m12.12.observation-event.v1,M12.12.daily_observation_loop,M10-PA-012,开盘区间突破,SQQQ,5m
,,未触发,2026-05-05T17:15:30Z,,,,false,当前日线未触发,m12.12.observation-event.v1,M12.12.daily_observation_loop,M12-FTD-001,方方土日线趋势顺势信号K,SQQQ,1d
,,未触发,2026-05-05T17:15:30Z,,,,false,当前K线未触发,m12.12.observation-event.v1,M12.12.daily_observation_loop,M10-PA-001,趋势回调二次入场,GLD,1d
,,未触发,2026-05-05T17:15:30Z,,,,false,当前K线未触发,m12.12.observation-event.v1,M12.12.daily_observation_loop,M10-PA-001,趋势回调二次入场,GLD,1h
,,未触发,2026-05-05T17:15:30Z,,,,false,当前K线未触发,m12.12.observation-event.v1,M12.12.daily_observation_loop,M10-PA-001,趋势回调二次入场,GLD,15m
,,未触发,2026-05-05T17:15:30Z,,,,false,当前K线未触发,m12.12.observation-event.v1,M12.12.daily_observation_loop,M10-PA-001,趋势回调二次入场,GLD,5m
,,未触发,2026-05-05T17:15:30Z,,,,false,当前K线未触发,m12.12.observation-event.v1,M12.12.daily_observation_loop,M10-PA-002,突破后续跟进,GLD,1d
,,未触发,2026-05-05T17:15:30Z,,,,false,当前K线未触发,m12.12.observation-event.v1,M12.12.daily_observation_loop,M10-PA-002,突破后续跟进,GLD,1h
,,未触发,2026-05-05T17:15:30Z,,,,false,当前K线未触发,m12.12.observation-event.v1,M12.12.daily_observation_loop,M10-PA-002,突破后续跟进,GLD,15m
2026-05-05T12:00:00,short,今日候选,2026-05-05T17:15:30Z,419.1850,419.4600,418.6350,false,needs_read_only_bar_close_review,m12.12.observation-event.v1,M12.12.daily_observation_loop,M10-PA-002,突破后续跟进,GLD,5m
,,未触发,2026-05-05T17:15:30Z,,,,false,当前K线未触发,m12.12.observation-event.v1,M12.12.daily_observation_loop,M10-PA-012,开盘区间突破,GLD,15m
2026-05-05T10:05:00,long,今日候选,2026-05-05T17:15:30Z,420.8400,419.7100,421.9600,false,needs_read_only_bar_close_review,m12.12.observation-event.v1,M12.12.daily_observation_loop,M10-PA-012,开盘区间突破,GLD,5m
,,未触发,2026-05-05T17:15:30Z,,,,false,当前日线未触发,m12.12.observation-event.v1,M12.12.daily_observation_loop,M12-FTD-001,方方土日线趋势顺势信号K,GLD,1d
,,未触发,2026-05-05T17:15:30Z,,,,false,当前K线未触发,m12.12.observation-event.v1,M12.12.daily_observation_loop,M10-PA-001,趋势回调二次入场,SLV,1d
,,未触发,2026-05-05T17:15:30Z,,,,false,当前K线未触发,m12.12.observation-event.v1,M12.12.daily_observation_loop,M10-PA-001,趋势回调二次入场,SLV,1h
,,未触发,2026-05-05T17:15:30Z,,,,false,当前K线未触发,m12.12.observation-event.v1,M12.12.daily_observation_loop,M10-PA-001,趋势回调二次入场,SLV,15m
,,未触发,2026-05-05T17:15:30Z,,,,false,当前K线未触发,m12.12.observation-event.v1,M12.12.daily_observation_loop,M10-PA-001,趋势回调二次入场,SLV,5m
,,未触发,2026-05-05T17:15:30Z,,,,false,当前K线未触发,m12.12.observation-event.v1,M12.12.daily_observation_loop,M10-PA-002,突破后续跟进,SLV,1d
,,未触发,2026-05-05T17:15:30Z,,,,false,当前K线未触发,m12.12.observation-event.v1,M12.12.daily_observation_loop,M10-PA-002,突破后续跟进,SLV,1h
,,未触发,2026-05-05T17:15:30Z,,,,false,当前K线未触发,m12.12.observation-event.v1,M12.12.daily_observation_loop,M10-PA-002,突破后续跟进,SLV,15m
,,未触发,2026-05-05T17:15:30Z,,,,false,当前K线未触发,m12.12.observation-event.v1,M12.12.daily_observation_loop,M10-PA-002,突破后续跟进,SLV,5m
,,未触发,2026-05-05T17:15:30Z,,,,false,当前K线未触发,m12.12.observation-event.v1,M12.12.daily_observation_loop,M10-PA-012,开盘区间突破,SLV,15m
2026-05-05T10:05:00,long,今日候选,2026-05-05T17:15:30Z,66.8750,66.4150,67.3090,false,needs_read_only_bar_close_review,m12.12.observation-event.v1,M12.12.daily_observation_loop,M10-PA-012,开盘区间突破,SLV,5m
,,未触发,2026-05-05T17:15:30Z,,,,false,当前日线未触发,m12.12.observation-event.v1,M12.12.daily_observation_loop,M12-FTD-001,方方土日线趋势顺势信号K,SLV,1d
,,未触发,2026-05-05T17:15:30Z,,,,false,当前K线未触发,m12.12.observation-event.v1,M12.12.daily_observation_loop,M10-PA-001,趋势回调二次入场,USO,1d
,,未触发,2026-05-05T17:15:30Z,,,,false,当前K线未触发,m12.12.observation-event.v1,M12.12.daily_observation_loop,M10-PA-001,趋势回调二次入场,USO,1h
,,未触发,2026-05-05T17:15:30Z,,,,false,当前K线未触发,m12.12.observation-event.v1,M12.12.daily_observation_loop,M10-PA-001,趋势回调二次入场,USO,15m
,,未触发,2026-05-05T17:15:30Z,,,,false,当前K线未触发,m12.12.observation-event.v1,M12.12.daily_observation_loop,M10-PA-001,趋势回调二次入场,USO,5m
,,未触发,2026-05-05T17:15:30Z,,,,false,当前K线未触发,m12.12.observation-event.v1,M12.12.daily_observation_loop,M10-PA-002,突破后续跟进,USO,1d
,,未触发,2026-05-05T17:15:30Z,,,,false,当前K线未触发,m12.12.observation-event.v1,M12.12.daily_observation_loop,M10-PA-002,突破后续跟进,USO,1h
,,未触发,2026-05-05T17:15:30Z,,,,false,当前K线未触发,m12.12.observation-event.v1,M12.12.daily_observation_loop,M10-PA-002,突破后续跟进,USO,15m
,,未触发,2026-05-05T17:15:30Z,,,,false,当前K线未触发,m12.12.observation-event.v1,M12.12.daily_observation_loop,M10-PA-002,突破后续跟进,USO,5m
,,未触发,2026-05-05T17:15:30Z,,,,false,当前K线未触发,m12.12.observation-event.v1,M12.12.daily_observation_loop,M10-PA-012,开盘区间突破,USO,15m
2026-05-05T10:00:00,short,今日候选,2026-05-05T17:15:30Z,143.0700,144.4050,142.0950,false,needs_read_only_bar_close_review,m12.12.observation-event.v1,M12.12.daily_observation_loop,M10-PA-012,开盘区间突破,USO,5m
,,未触发,2026-05-05T17:15:30Z,,,,false,当前日线未触发,m12.12.observation-event.v1,M12.12.daily_observation_loop,M12-FTD-001,方方土日线趋势顺势信号K,USO,1d
,,未触发,2026-05-05T17:15:30Z,,,,false,当前K线未触发,m12.12.observation-event.v1,M12.12.daily_observation_loop,M10-PA-001,趋势回调二次入场,TLT,1d
,,未触发,2026-05-05T17:15:30Z,,,,false,当前K线未触发,m12.12.observation-event.v1,M12.12.daily_observation_loop,M10-PA-001,趋势回调二次入场,TLT,1h
,,未触发,2026-05-05T17:15:30Z,,,,false,当前K线未触发,m12.12.observation-event.v1,M12.12.daily_observation_loop,M10-PA-001,趋势回调二次入场,TLT,15m
,,未触发,2026-05-05T17:15:30Z,,,,false,当前K线未触发,m12.12.observation-event.v1,M12.12.daily_observation_loop,M10-PA-001,趋势回调二次入场,TLT,5m
,,未触发,2026-05-05T17:15:30Z,,,,false,当前K线未触发,m12.12.observation-event.v1,M12.12.daily_observation_loop,M10-PA-002,突破后续跟进,TLT,1d
,,未触发,2026-05-05T17:15:30Z,,,,false,当前K线未触发,m12.12.observation-event.v1,M12.12.daily_observation_loop,M10-PA-002,突破后续跟进,TLT,1h
,,未触发,2026-05-05T17:15:30Z,,,,false,当前K线未触发,m12.12.observation-event.v1,M12.12.daily_observation_loop,M10-PA-002,突破后续跟进,TLT,15m
2026-05-05T12:00:00,long,今日候选,2026-05-05T17:15:30Z,85.3800,85.3500,85.4400,false,needs_read_only_bar_close_review,m12.12.observation-event.v1,M12.12.daily_observation_loop,M10-PA-002,突破后续跟进,TLT,5m
,,未触发,2026-05-05T17:15:30Z,,,,false,当前K线未触发,m12.12.observation-event.v1,M12.12.daily_observation_loop,M10-PA-012,开盘区间突破,TLT,15m
2026-05-05T10:00:00,long,今日候选,2026-05-05T17:15:30Z,85.2400,85.1200,85.3200,false,needs_read_only_bar_close_review,m12.12.observation-event.v1,M12.12.daily_observation_loop,M10-PA-012,开盘区间突破,TLT,5m
,,未触发,2026-05-05T17:15:30Z,,,,false,当前日线未触发,m12.12.observation-event.v1,M12.12.daily_observation_loop,M12-FTD-001,方方土日线趋势顺势信号K,TLT,1d
,,未触发,2026-05-05T17:15:30Z,,,,false,当前K线未触发,m12.12.observation-event.v1,M12.12.daily_observation_loop,M10-PA-001,趋势回调二次入场,HYG,1d
,,未触发,2026-05-05T17:15:30Z,,,,false,当前K线未触发,m12.12.observation-event.v1,M12.12.daily_observation_loop,M10-PA-001,趋势回调二次入场,HYG,1h
,,未触发,2026-05-05T17:15:30Z,,,,false,当前K线未触发,m12.12.observation-event.v1,M12.12.daily_observation_loop,M10-PA-001,趋势回调二次入场,HYG,15m
,,未触发,2026-05-05T17:15:30Z,,,,false,当前K线未触发,m12.12.observation-event.v1,M12.12.daily_observation_loop,M10-PA-001,趋势回调二次入场,HYG,5m
,,未触发,2026-05-05T17:15:30Z,,,,false,当前K线未触发,m12.12.observation-event.v1,M12.12.daily_observation_loop,M10-PA-002,突破后续跟进,HYG,1d
,,未触发,2026-05-05T17:15:30Z,,,,false,当前K线未触发,m12.12.observation-event.v1,M12.12.daily_observation_loop,M10-PA-002,突破后续跟进,HYG,1h
,,未触发,2026-05-05T17:15:30Z,,,,false,当前K线未触发,m12.12.observation-event.v1,M12.12.daily_observation_loop,M10-PA-002,突破后续跟进,HYG,15m
,,未触发,2026-05-05T17:15:30Z,,,,false,当前K线未触发,m12.12.observation-event.v1,M12.12.daily_observation_loop,M10-PA-002,突破后续跟进,HYG,5m
,,未触发,2026-05-05T17:15:30Z,,,,false,当前K线未触发,m12.12.observation-event.v1,M12.12.daily_observation_loop,M10-PA-012,开盘区间突破,HYG,15m
2026-05-05T10:05:00,long,今日候选,2026-05-05T17:15:30Z,80.0150,79.9000,80.0850,false,needs_read_only_bar_close_review,m12.12.observation-event.v1,M12.12.daily_observation_loop,M10-PA-012,开盘区间突破,HYG,5m
,,未触发,2026-05-05T17:15:30Z,,,,false,当前日线未触发,m12.12.observation-event.v1,M12.12.daily_observation_loop,M12-FTD-001,方方土日线趋势顺势信号K,HYG,1d
,,未触发,2026-05-05T17:15:30Z,,,,false,当前K线未触发,m12.12.observation-event.v1,M12.12.daily_observation_loop,M10-PA-001,趋势回调二次入场,LQD,1d
,,未触发,2026-05-05T17:15:30Z,,,,false,当前K线未触发,m12.12.observation-event.v1,M12.12.daily_observation_loop,M10-PA-001,趋势回调二次入场,LQD,1h
,,未触发,2026-05-05T17:15:30Z,,,,false,当前K线未触发,m12.12.observation-event.v1,M12.12.daily_observation_loop,M10-PA-001,趋势回调二次入场,LQD,15m
,,未触发,2026-05-05T17:15:30Z,,,,false,当前K线未触发,m12.12.observation-event.v1,M12.12.daily_observation_loop,M10-PA-001,趋势回调二次入场,LQD,5m
,,未触发,2026-05-05T17:15:30Z,,,,false,当前K线未触发,m12.12.observation-event.v1,M12.12.daily_observation_loop,M10-PA-002,突破后续跟进,LQD,1d
,,未触发,2026-05-05T17:15:30Z,,,,false,当前K线未触发,m12.12.observation-event.v1,M12.12.daily_observation_loop,M10-PA-002,突破后续跟进,LQD,1h
,,未触发,2026-05-05T17:15:30Z,,,,false,当前K线未触发,m12.12.observation-event.v1,M12.12.daily_observation_loop,M10-PA-002,突破后续跟进,LQD,15m
,,未触发,2026-05-05T17:15:30Z,,,,false,当前K线未触发,m12.12.observation-event.v1,M12.12.daily_observation_loop,M10-PA-002,突破后续跟进,LQD,5m
,,未触发,2026-05-05T17:15:30Z,,,,false,当前K线未触发,m12.12.observation-event.v1,M12.12.daily_observation_loop,M10-PA-012,开盘区间突破,LQD,15m
2026-05-05T10:00:00,long,今日候选,2026-05-05T17:15:30Z,108.6000,108.4100,108.7750,false,needs_read_only_bar_close_review,m12.12.observation-event.v1,M12.12.daily_observation_loop,M10-PA-012,开盘区间突破,LQD,5m
,,未触发,2026-05-05T17:15:30Z,,,,false,当前日线未触发,m12.12.observation-event.v1,M12.12.daily_observation_loop,M12-FTD-001,方方土日线趋势顺势信号K,LQD,1d
,,未触发,2026-05-05T17:15:30Z,,,,false,当前K线未触发,m12.12.observation-event.v1,M12.12.daily_observation_loop,M10-PA-001,趋势回调二次入场,EEM,1d
,,未触发,2026-05-05T17:15:30Z,,,,false,当前K线未触发,m12.12.observation-event.v1,M12.12.daily_observation_loop,M10-PA-001,趋势回调二次入场,EEM,1h
,,未触发,2026-05-05T17:15:30Z,,,,false,当前K线未触发,m12.12.observation-event.v1,M12.12.daily_observation_loop,M10-PA-001,趋势回调二次入场,EEM,15m
,,未触发,2026-05-05T17:15:30Z,,,,false,当前K线未触发,m12.12.observation-event.v1,M12.12.daily_observation_loop,M10-PA-001,趋势回调二次入场,EEM,5m
2026-05-05T16:00:00-04:00,long,今日候选,2026-05-05T17:15:30Z,65.5500,64.8900,66.8700,false,needs_read_only_bar_close_review,m12.12.observation-event.v1,M12.12.daily_observation_loop,M10-PA-002,突破后续跟进,EEM,1d
,,未触发,2026-05-05T17:15:30Z,,,,false,当前K线未触发,m12.12.observation-event.v1,M12.12.daily_observation_loop,M10-PA-002,突破后续跟进,EEM,1h
,,未触发,2026-05-05T17:15:30Z,,,,false,当前K线未触发,m12.12.observation-event.v1,M12.12.daily_observation_loop,M10-PA-002,突破后续跟进,EEM,15m
,,未触发,2026-05-05T17:15:30Z,,,,false,当前K线未触发,m12.12.observation-event.v1,M12.12.daily_observation_loop,M10-PA-002,突破后续跟进,EEM,5m
,,未触发,2026-05-05T17:15:30Z,,,,false,当前K线未触发,m12.12.observation-event.v1,M12.12.daily_observation_loop,M10-PA-012,开盘区间突破,EEM,15m
2026-05-05T10:05:00,long,今日候选,2026-05-05T17:15:30Z,65.3850,64.8900,65.7800,false,needs_read_only_bar_close_review,m12.12.observation-event.v1,M12.12.daily_observation_loop,M10-PA-012,开盘区间突破,EEM,5m
,,未触发,2026-05-05T17:15:30Z,,,,false,当前日线未触发,m12.12.observation-event.v1,M12.12.daily_observation_loop,M12-FTD-001,方方土日线趋势顺势信号K,EEM,1d
2026-05-05T16:00:00-04:00,long,今日候选,2026-05-05T17:15:30Z,102.0750,99.5050,107.2150,false,needs_read_only_bar_close_review,m12.12.observation-event.v1,M12.12.daily_observation_loop,M10-PA-001,趋势回调二次入场,EFA,1d
,,未触发,2026-05-05T17:15:30Z,,,,false,当前K线未触发,m12.12.observation-event.v1,M12.12.daily_observation_loop,M10-PA-001,趋势回调二次入场,EFA,1h
,,未触发,2026-05-05T17:15:30Z,,,,false,当前K线未触发,m12.12.observation-event.v1,M12.12.daily_observation_loop,M10-PA-001,趋势回调二次入场,EFA,15m
,,未触发,2026-05-05T17:15:30Z,,,,false,当前K线未触发,m12.12.observation-event.v1,M12.12.daily_observation_loop,M10-PA-001,趋势回调二次入场,EFA,5m
,,未触发,2026-05-05T17:15:30Z,,,,false,当前K线未触发,m12.12.observation-event.v1,M12.12.daily_observation_loop,M10-PA-002,突破后续跟进,EFA,1d
,,未触发,2026-05-05T17:15:30Z,,,,false,当前K线未触发,m12.12.observation-event.v1,M12.12.daily_observation_loop,M10-PA-002,突破后续跟进,EFA,1h
,,未触发,2026-05-05T17:15:30Z,,,,false,当前K线未触发,m12.12.observation-event.v1,M12.12.daily_observation_loop,M10-PA-002,突破后续跟进,EFA,15m
,,未触发,2026-05-05T17:15:30Z,,,,false,当前K线未触发,m12.12.observation-event.v1,M12.12.daily_observation_loop,M10-PA-002,突破后续跟进,EFA,5m
,,未触发,2026-05-05T17:15:30Z,,,,false,当前K线未触发,m12.12.observation-event.v1,M12.12.daily_observation_loop,M10-PA-012,开盘区间突破,EFA,15m
2026-05-05T10:15:00,short,今日候选,2026-05-05T17:15:30Z,101.3050,101.7250,100.9550,false,needs_read_only_bar_close_review,m12.12.observation-event.v1,M12.12.daily_observation_loop,M10-PA-012,开盘区间突破,EFA,5m
,,未触发,2026-05-05T17:15:30Z,,,,false,当前日线未触发,m12.12.observation-event.v1,M12.12.daily_observation_loop,M12-FTD-001,方方土日线趋势顺势信号K,EFA,1d
,,未触发,2026-05-05T17:15:30Z,,,,false,当前K线未触发,m12.12.observation-event.v1,M12.12.daily_observation_loop,M10-PA-001,趋势回调二次入场,ARKK,1d
,,未触发,2026-05-05T17:15:30Z,,,,false,当前K线未触发,m12.12.observation-event.v1,M12.12.daily_observation_loop,M10-PA-001,趋势回调二次入场,ARKK,1h
,,未触发,2026-05-05T17:15:30Z,,,,false,当前K线未触发,m12.12.observation-event.v1,M12.12.daily_observation_loop,M10-PA-001,趋势回调二次入场,ARKK,15m
,,未触发,2026-05-05T17:15:30Z,,,,false,当前K线未触发,m12.12.observation-event.v1,M12.12.daily_observation_loop,M10-PA-001,趋势回调二次入场,ARKK,5m
,,未触发,2026-05-05T17:15:30Z,,,,false,当前K线未触发,m12.12.observation-event.v1,M12.12.daily_observation_loop,M10-PA-002,突破后续跟进,ARKK,1d
,,未触发,2026-05-05T17:15:30Z,,,,false,当前K线未触发,m12.12.observation-event.v1,M12.12.daily_observation_loop,M10-PA-002,突破后续跟进,ARKK,1h
,,未触发,2026-05-05T17:15:30Z,,,,false,当前K线未触发,m12.12.observation-event.v1,M12.12.daily_observation_loop,M10-PA-002,突破后续跟进,ARKK,15m
2026-05-05T12:15:00,short,今日候选,2026-05-05T17:15:30Z,76.6500,76.7300,76.4900,false,needs_read_only_bar_close_review,m12.12.observation-event.v1,M12.12.daily_observation_loop,M10-PA-002,突破后续跟进,ARKK,5m
,,未触发,2026-05-05T17:15:30Z,,,,false,当前K线未触发,m12.12.observation-event.v1,M12.12.daily_observation_loop,M10-PA-012,开盘区间突破,ARKK,15m
2026-05-05T11:20:00,short,今日候选,2026-05-05T17:15:30Z,77.1950,78.5100,75.9250,false,needs_read_only_bar_close_review,m12.12.observation-event.v1,M12.12.daily_observation_loop,M10-PA-012,开盘区间突破,ARKK,5m
,,未触发,2026-05-05T17:15:30Z,,,,false,当前日线未触发,m12.12.observation-event.v1,M12.12.daily_observation_loop,M12-FTD-001,方方土日线趋势顺势信号K,ARKK,1d
2026-05-05T16:00:00-04:00,long,今日候选,2026-05-05T17:15:30Z,283.2100,265.0700,319.4900,false,needs_read_only_bar_close_review,m12.12.observation-event.v1,M12.12.daily_observation_loop,M10-PA-001,趋势回调二次入场,AAPL,1d
,,未触发,2026-05-05T17:15:30Z,,,,false,当前K线未触发,m12.12.observation-event.v1,M12.12.daily_observation_loop,M10-PA-001,趋势回调二次入场,AAPL,1h
,,未触发,2026-05-05T17:15:30Z,,,,false,当前K线未触发,m12.12.observation-event.v1,M12.12.daily_observation_loop,M10-PA-001,趋势回调二次入场,AAPL,15m
,,未触发,2026-05-05T17:15:30Z,,,,false,当前K线未触发,m12.12.observation-event.v1,M12.12.daily_observation_loop,M10-PA-001,趋势回调二次入场,AAPL,5m
,,未触发,2026-05-05T17:15:30Z,,,,false,当前K线未触发,m12.12.observation-event.v1,M12.12.daily_observation_loop,M10-PA-002,突破后续跟进,AAPL,1d
,,未触发,2026-05-05T17:15:30Z,,,,false,当前K线未触发,m12.12.observation-event.v1,M12.12.daily_observation_loop,M10-PA-002,突破后续跟进,AAPL,1h
,,未触发,2026-05-05T17:15:30Z,,,,false,当前K线未触发,m12.12.observation-event.v1,M12.12.daily_observation_loop,M10-PA-002,突破后续跟进,AAPL,15m
,,未触发,2026-05-05T17:15:30Z,,,,false,当前K线未触发,m12.12.observation-event.v1,M12.12.daily_observation_loop,M10-PA-002,突破后续跟进,AAPL,5m
,,未触发,2026-05-05T17:15:30Z,,,,false,当前K线未触发,m12.12.observation-event.v1,M12.12.daily_observation_loop,M10-PA-012,开盘区间突破,AAPL,15m
2026-05-05T10:20:00,long,今日候选,2026-05-05T17:15:30Z,281.0700,276.5300,284.5200,false,needs_read_only_bar_close_review,m12.12.observation-event.v1,M12.12.daily_observation_loop,M10-PA-012,开盘区间突破,AAPL,5m
,,未触发,2026-05-05T17:15:30Z,,,,false,当前日线未触发,m12.12.observation-event.v1,M12.12.daily_observation_loop,M12-FTD-001,方方土日线趋势顺势信号K,AAPL,1d
,,未触发,2026-05-05T17:15:30Z,,,,false,当前K线未触发,m12.12.observation-event.v1,M12.12.daily_observation_loop,M10-PA-001,趋势回调二次入场,MSFT,1d
,,未触发,2026-05-05T17:15:30Z,,,,false,当前K线未触发,m12.12.observation-event.v1,M12.12.daily_observation_loop,M10-PA-001,趋势回调二次入场,MSFT,1h
,,未触发,2026-05-05T17:15:30Z,,,,false,当前K线未触发,m12.12.observation-event.v1,M12.12.daily_observation_loop,M10-PA-001,趋势回调二次入场,MSFT,15m
,,未触发,2026-05-05T17:15:30Z,,,,false,当前K线未触发,m12.12.observation-event.v1,M12.12.daily_observation_loop,M10-PA-001,趋势回调二次入场,MSFT,5m
,,未触发,2026-05-05T17:15:30Z,,,,false,当前K线未触发,m12.12.observation-event.v1,M12.12.daily_observation_loop,M10-PA-002,突破后续跟进,MSFT,1d
,,未触发,2026-05-05T17:15:30Z,,,,false,当前K线未触发,m12.12.observation-event.v1,M12.12.daily_observation_loop,M10-PA-002,突破后续跟进,MSFT,1h
,,未触发,2026-05-05T17:15:30Z,,,,false,当前K线未触发,m12.12.observation-event.v1,M12.12.daily_observation_loop,M10-PA-002,突破后续跟进,MSFT,15m
,,未触发,2026-05-05T17:15:30Z,,,,false,当前K线未触发,m12.12.observation-event.v1,M12.12.daily_observation_loop,M10-PA-002,突破后续跟进,MSFT,5m
,,未触发,2026-05-05T17:15:30Z,,,,false,当前K线未触发,m12.12.observation-event.v1,M12.12.daily_observation_loop,M10-PA-012,开盘区间突破,MSFT,15m
2026-05-05T10:15:00,short,今日候选,2026-05-05T17:15:30Z,409.8500,416.7800,403.2700,false,needs_read_only_bar_close_review,m12.12.observation-event.v1,M12.12.daily_observation_loop,M10-PA-012,开盘区间突破,MSFT,5m
2026-05-05T16:00:00-04:00,short,今日候选,2026-05-05T17:15:30Z,408.91,416.78,393.17,false,needs_read_only_bar_close_review,m12.12.observation-event.v1,M12.12.daily_observation_loop,M12-FTD-001,方方土日线趋势顺势信号K,MSFT,1d
,,未触发,2026-05-05T17:15:30Z,,,,false,当前K线未触发,m12.12.observation-event.v1,M12.12.daily_observation_loop,M10-PA-001,趋势回调二次入场,NVDA,1d
,,未触发,2026-05-05T17:15:30Z,,,,false,当前K线未触发,m12.12.observation-event.v1,M12.12.daily_observation_loop,M10-PA-001,趋势回调二次入场,NVDA,1h
,,未触发,2026-05-05T17:15:30Z,,,,false,当前K线未触发,m12.12.observation-event.v1,M12.12.daily_observation_loop,M10-PA-001,趋势回调二次入场,NVDA,15m
,,未触发,2026-05-05T17:15:30Z,,,,false,当前K线未触发,m12.12.observation-event.v1,M12.12.daily_observation_loop,M10-PA-001,趋势回调二次入场,NVDA,5m
,,未触发,2026-05-05T17:15:30Z,,,,false,当前K线未触发,m12.12.observation-event.v1,M12.12.daily_observation_loop,M10-PA-002,突破后续跟进,NVDA,1d
,,未触发,2026-05-05T17:15:30Z,,,,false,当前K线未触发,m12.12.observation-event.v1,M12.12.daily_observation_loop,M10-PA-002,突破后续跟进,NVDA,1h
,,未触发,2026-05-05T17:15:30Z,,,,false,当前K线未触发,m12.12.observation-event.v1,M12.12.daily_observation_loop,M10-PA-002,突破后续跟进,NVDA,15m
,,未触发,2026-05-05T17:15:30Z,,,,false,当前K线未触发,m12.12.observation-event.v1,M12.12.daily_observation_loop,M10-PA-002,突破后续跟进,NVDA,5m
,,未触发,2026-05-05T17:15:30Z,,,,false,当前K线未触发,m12.12.observation-event.v1,M12.12.daily_observation_loop,M10-PA-012,开盘区间突破,NVDA,15m
2026-05-05T10:10:00,short,今日候选,2026-05-05T17:15:30Z,197.9150,200.2400,195.7850,false,needs_read_only_bar_close_review,m12.12.observation-event.v1,M12.12.daily_observation_loop,M10-PA-012,开盘区间突破,NVDA,5m
,,未触发,2026-05-05T17:15:30Z,,,,false,当前日线未触发,m12.12.observation-event.v1,M12.12.daily_observation_loop,M12-FTD-001,方方土日线趋势顺势信号K,NVDA,1d
,,未触发,2026-05-05T17:15:30Z,,,,false,当前K线未触发,m12.12.observation-event.v1,M12.12.daily_observation_loop,M10-PA-001,趋势回调二次入场,AMZN,1d
,,未触发,2026-05-05T17:15:30Z,,,,false,当前K线未触发,m12.12.observation-event.v1,M12.12.daily_observation_loop,M10-PA-001,趋势回调二次入场,AMZN,1h
,,未触发,2026-05-05T17:15:30Z,,,,false,当前K线未触发,m12.12.observation-event.v1,M12.12.daily_observation_loop,M10-PA-001,趋势回调二次入场,AMZN,15m
,,未触发,2026-05-05T17:15:30Z,,,,false,当前K线未触发,m12.12.observation-event.v1,M12.12.daily_observation_loop,M10-PA-001,趋势回调二次入场,AMZN,5m
,,未触发,2026-05-05T17:15:30Z,,,,false,当前K线未触发,m12.12.observation-event.v1,M12.12.daily_observation_loop,M10-PA-002,突破后续跟进,AMZN,1d
,,未触发,2026-05-05T17:15:30Z,,,,false,当前K线未触发,m12.12.observation-event.v1,M12.12.daily_observation_loop,M10-PA-002,突破后续跟进,AMZN,1h
,,未触发,2026-05-05T17:15:30Z,,,,false,当前K线未触发,m12.12.observation-event.v1,M12.12.daily_observation_loop,M10-PA-002,突破后续跟进,AMZN,15m
,,未触发,2026-05-05T17:15:30Z,,,,false,当前K线未触发,m12.12.observation-event.v1,M12.12.daily_observation_loop,M10-PA-002,突破后续跟进,AMZN,5m
,,未触发,2026-05-05T17:15:30Z,,,,false,当前K线未触发,m12.12.observation-event.v1,M12.12.daily_observation_loop,M10-PA-012,开盘区间突破,AMZN,15m
2026-05-05T10:10:00,short,今日候选,2026-05-05T17:15:30Z,275.2900,278.5600,272.3100,false,needs_read_only_bar_close_review,m12.12.observation-event.v1,M12.12.daily_observation_loop,M10-PA-012,开盘区间突破,AMZN,5m
,,未触发,2026-05-05T17:15:30Z,,,,false,当前日线未触发,m12.12.observation-event.v1,M12.12.daily_observation_loop,M12-FTD-001,方方土日线趋势顺势信号K,AMZN,1d
2026-05-05T16:00:00-04:00,long,今日候选,2026-05-05T17:15:30Z,392.8200,335.3900,507.6800,false,needs_read_only_bar_close_review,m12.12.observation-event.v1,M12.12.daily_observation_loop,M10-PA-001,趋势回调二次入场,GOOGL,1d
,,未触发,2026-05-05T17:15:30Z,,,,false,当前K线未触发,m12.12.observation-event.v1,M12.12.daily_observation_loop,M10-PA-001,趋势回调二次入场,GOOGL,1h
,,未触发,2026-05-05T17:15:30Z,,,,false,当前K线未触发,m12.12.observation-event.v1,M12.12.daily_observation_loop,M10-PA-001,趋势回调二次入场,GOOGL,15m
,,未触发,2026-05-05T17:15:30Z,,,,false,当前K线未触发,m12.12.observation-event.v1,M12.12.daily_observation_loop,M10-PA-001,趋势回调二次入场,GOOGL,5m
,,未触发,2026-05-05T17:15:30Z,,,,false,当前K线未触发,m12.12.observation-event.v1,M12.12.daily_observation_loop,M10-PA-002,突破后续跟进,GOOGL,1d
,,未触发,2026-05-05T17:15:30Z,,,,false,当前K线未触发,m12.12.observation-event.v1,M12.12.daily_observation_loop,M10-PA-002,突破后续跟进,GOOGL,1h
,,未触发,2026-05-05T17:15:30Z,,,,false,当前K线未触发,m12.12.observation-event.v1,M12.12.daily_observation_loop,M10-PA-002,突破后续跟进,GOOGL,15m
,,未触发,2026-05-05T17:15:30Z,,,,false,当前K线未触发,m12.12.observation-event.v1,M12.12.daily_observation_loop,M10-PA-002,突破后续跟进,GOOGL,5m
,,未触发,2026-05-05T17:15:30Z,,,,false,当前K线未触发,m12.12.observation-event.v1,M12.12.daily_observation_loop,M10-PA-012,开盘区间突破,GOOGL,15m
,,未触发,2026-05-05T17:15:30Z,,,,false,当前K线未触发,m12.12.observation-event.v1,M12.12.daily_observation_loop,M10-PA-012,开盘区间突破,GOOGL,5m
,,未触发,2026-05-05T17:15:30Z,,,,false,当前日线未触发,m12.12.observation-event.v1,M12.12.daily_observation_loop,M12-FTD-001,方方土日线趋势顺势信号K,GOOGL,1d
2026-05-05T16:00:00-04:00,long,今日候选,2026-05-05T17:15:30Z,388.9600,334.0500,498.7800,false,needs_read_only_bar_close_review,m12.12.observation-event.v1,M12.12.daily_observation_loop,M10-PA-001,趋势回调二次入场,GOOG,1d
,,未触发,2026-05-05T17:15:30Z,,,,false,当前K线未触发,m12.12.observation-event.v1,M12.12.daily_observation_loop,M10-PA-001,趋势回调二次入场,GOOG,1h
,,未触发,2026-05-05T17:15:30Z,,,,false,当前K线未触发,m12.12.observation-event.v1,M12.12.daily_observation_loop,M10-PA-001,趋势回调二次入场,GOOG,15m
,,未触发,2026-05-05T17:15:30Z,,,,false,当前K线未触发,m12.12.observation-event.v1,M12.12.daily_observation_loop,M10-PA-001,趋势回调二次入场,GOOG,5m
,,未触发,2026-05-05T17:15:30Z,,,,false,当前K线未触发,m12.12.observation-event.v1,M12.12.daily_observation_loop,M10-PA-002,突破后续跟进,GOOG,1d
,,未触发,2026-05-05T17:15:30Z,,,,false,当前K线未触发,m12.12.observation-event.v1,M12.12.daily_observation_loop,M10-PA-002,突破后续跟进,GOOG,1h
,,未触发,2026-05-05T17:15:30Z,,,,false,当前K线未触发,m12.12.observation-event.v1,M12.12.daily_observation_loop,M10-PA-002,突破后续跟进,GOOG,15m
,,未触发,2026-05-05T17:15:30Z,,,,false,当前K线未触发,m12.12.observation-event.v1,M12.12.daily_observation_loop,M10-PA-002,突破后续跟进,GOOG,5m
,,未触发,2026-05-05T17:15:30Z,,,,false,当前K线未触发,m12.12.observation-event.v1,M12.12.daily_observation_loop,M10-PA-012,开盘区间突破,GOOG,15m
,,未触发,2026-05-05T17:15:30Z,,,,false,当前K线未触发,m12.12.observation-event.v1,M12.12.daily_observation_loop,M10-PA-012,开盘区间突破,GOOG,5m
,,未触发,2026-05-05T17:15:30Z,,,,false,当前日线未触发,m12.12.observation-event.v1,M12.12.daily_observation_loop,M12-FTD-001,方方土日线趋势顺势信号K,GOOG,1d
2026-05-05T16:00:00-04:00,long,今日候选,2026-05-05T17:15:30Z,614.3400,600.0000,643.0200,false,needs_read_only_bar_close_review,m12.12.observation-event.v1,M12.12.daily_observation_loop,M10-PA-001,趋势回调二次入场,META,1d
,,未触发,2026-05-05T17:15:30Z,,,,false,当前K线未触发,m12.12.observation-event.v1,M12.12.daily_observation_loop,M10-PA-001,趋势回调二次入场,META,1h
,,未触发,2026-05-05T17:15:30Z,,,,false,当前K线未触发,m12.12.observation-event.v1,M12.12.daily_observation_loop,M10-PA-001,趋势回调二次入场,META,15m
,,未触发,2026-05-05T17:15:30Z,,,,false,当前K线未触发,m12.12.observation-event.v1,M12.12.daily_observation_loop,M10-PA-001,趋势回调二次入场,META,5m
,,未触发,2026-05-05T17:15:30Z,,,,false,当前K线未触发,m12.12.observation-event.v1,M12.12.daily_observation_loop,M10-PA-002,突破后续跟进,META,1d
,,未触发,2026-05-05T17:15:30Z,,,,false,当前K线未触发,m12.12.observation-event.v1,M12.12.daily_observation_loop,M10-PA-002,突破后续跟进,META,1h
,,未触发,2026-05-05T17:15:30Z,,,,false,当前K线未触发,m12.12.observation-event.v1,M12.12.daily_observation_loop,M10-PA-002,突破后续跟进,META,15m
,,未触发,2026-05-05T17:15:30Z,,,,false,当前K线未触发,m12.12.observation-event.v1,M12.12.daily_observation_loop,M10-PA-002,突破后续跟进,META,5m
,,未触发,2026-05-05T17:15:30Z,,,,false,当前K线未触发,m12.12.observation-event.v1,M12.12.daily_observation_loop,M10-PA-012,开盘区间突破,META,15m
2026-05-05T10:10:00,short,今日候选,2026-05-05T17:15:30Z,605.1600,614.3400,596.6900,false,needs_read_only_bar_close_review,m12.12.observation-event.v1,M12.12.daily_observation_loop,M10-PA-012,开盘区间突破,META,5m
,,未触发,2026-05-05T17:15:30Z,,,,false,当前日线未触发,m12.12.observation-event.v1,M12.12.daily_observation_loop,M12-FTD-001,方方土日线趋势顺势信号K,META,1d
,,未触发,2026-05-05T17:15:30Z,,,,false,当前K线未触发,m12.12.observation-event.v1,M12.12.daily_observation_loop,M10-PA-001,趋势回调二次入场,TSLA,1d
,,未触发,2026-05-05T17:15:30Z,,,,false,当前K线未触发,m12.12.observation-event.v1,M12.12.daily_observation_loop,M10-PA-001,趋势回调二次入场,TSLA,1h
,,未触发,2026-05-05T17:15:30Z,,,,false,当前K线未触发,m12.12.observation-event.v1,M12.12.daily_observation_loop,M10-PA-001,趋势回调二次入场,TSLA,15m
,,未触发,2026-05-05T17:15:30Z,,,,false,当前K线未触发,m12.12.observation-event.v1,M12.12.daily_observation_loop,M10-PA-001,趋势回调二次入场,TSLA,5m
,,未触发,2026-05-05T17:15:30Z,,,,false,当前K线未触发,m12.12.observation-event.v1,M12.12.daily_observation_loop,M10-PA-002,突破后续跟进,TSLA,1d
,,未触发,2026-05-05T17:15:30Z,,,,false,当前K线未触发,m12.12.observation-event.v1,M12.12.daily_observation_loop,M10-PA-002,突破后续跟进,TSLA,1h
,,未触发,2026-05-05T17:15:30Z,,,,false,当前K线未触发,m12.12.observation-event.v1,M12.12.daily_observation_loop,M10-PA-002,突破后续跟进,TSLA,15m
,,未触发,2026-05-05T17:15:30Z,,,,false,当前K线未触发,m12.12.observation-event.v1,M12.12.daily_observation_loop,M10-PA-002,突破后续跟进,TSLA,5m
,,未触发,2026-05-05T17:15:30Z,,,,false,当前K线未触发,m12.12.observation-event.v1,M12.12.daily_observation_loop,M10-PA-012,开盘区间突破,TSLA,15m
2026-05-05T10:35:00,short,今日候选,2026-05-05T17:15:30Z,392.6800,402.0900,384.6350,false,needs_read_only_bar_close_review,m12.12.observation-event.v1,M12.12.daily_observation_loop,M10-PA-012,开盘区间突破,TSLA,5m
,,未触发,2026-05-05T17:15:30Z,,,,false,当前日线未触发,m12.12.observation-event.v1,M12.12.daily_observation_loop,M12-FTD-001,方方土日线趋势顺势信号K,TSLA,1d
2026-05-05T16:00:00-04:00,long,今日候选,2026-05-05T17:15:30Z,429.3000,394.6500,498.6000,false,needs_read_only_bar_close_review,m12.12.observation-event.v1,M12.12.daily_observation_loop,M10-PA-001,趋势回调二次入场,AVGO,1d
,,未触发,2026-05-05T17:15:30Z,,,,false,当前K线未触发,m12.12.observation-event.v1,M12.12.daily_observation_loop,M10-PA-001,趋势回调二次入场,AVGO,1h
,,未触发,2026-05-05T17:15:30Z,,,,false,当前K线未触发,m12.12.observation-event.v1,M12.12.daily_observation_loop,M10-PA-001,趋势回调二次入场,AVGO,15m
,,未触发,2026-05-05T17:15:30Z,,,,false,当前K线未触发,m12.12.observation-event.v1,M12.12.daily_observation_loop,M10-PA-001,趋势回调二次入场,AVGO,5m
,,未触发,2026-05-05T17:15:30Z,,,,false,当前K线未触发,m12.12.observation-event.v1,M12.12.daily_observation_loop,M10-PA-002,突破后续跟进,AVGO,1d
,,未触发,2026-05-05T17:15:30Z,,,,false,当前K线未触发,m12.12.observation-event.v1,M12.12.daily_observation_loop,M10-PA-002,突破后续跟进,AVGO,1h
,,未触发,2026-05-05T17:15:30Z,,,,false,当前K线未触发,m12.12.observation-event.v1,M12.12.daily_observation_loop,M10-PA-002,突破后续跟进,AVGO,15m
2026-05-05T12:20:00,long,今日候选,2026-05-05T17:15:30Z,429.4400,428.4100,431.5000,false,needs_read_only_bar_close_review,m12.12.observation-event.v1,M12.12.daily_observation_loop,M10-PA-002,突破后续跟进,AVGO,5m
,,未触发,2026-05-05T17:15:30Z,,,,false,当前K线未触发,m12.12.observation-event.v1,M12.12.daily_observation_loop,M10-PA-012,开盘区间突破,AVGO,15m
2026-05-05T11:10:00,long,今日候选,2026-05-05T17:15:30Z,426.8650,419.7000,433.8550,false,needs_read_only_bar_close_review,m12.12.observation-event.v1,M12.12.daily_observation_loop,M10-PA-012,开盘区间突破,AVGO,5m
,,未触发,2026-05-05T17:15:30Z,,,,false,当前日线未触发,m12.12.observation-event.v1,M12.12.daily_observation_loop,M12-FTD-001,方方土日线趋势顺势信号K,AVGO,1d
,,未触发,2026-05-05T17:15:30Z,,,,false,当前K线未触发,m12.12.observation-event.v1,M12.12.daily_observation_loop,M10-PA-001,趋势回调二次入场,AMD,1d
,,未触发,2026-05-05T17:15:30Z,,,,false,当前K线未触发,m12.12.observation-event.v1,M12.12.daily_observation_loop,M10-PA-001,趋势回调二次入场,AMD,1h
,,未触发,2026-05-05T17:15:30Z,,,,false,当前K线未触发,m12.12.observation-event.v1,M12.12.daily_observation_loop,M10-PA-001,趋势回调二次入场,AMD,15m
,,未触发,2026-05-05T17:15:30Z,,,,false,当前K线未触发,m12.12.observation-event.v1,M12.12.daily_observation_loop,M10-PA-001,趋势回调二次入场,AMD,5m
,,未触发,2026-05-05T17:15:30Z,,,,false,当前K线未触发,m12.12.observation-event.v1,M12.12.daily_observation_loop,M10-PA-002,突破后续跟进,AMD,1d
,,未触发,2026-05-05T17:15:30Z,,,,false,当前K线未触发,m12.12.observation-event.v1,M12.12.daily_observation_loop,M10-PA-002,突破后续跟进,AMD,1h
,,未触发,2026-05-05T17:15:30Z,,,,false,当前K线未触发,m12.12.observation-event.v1,M12.12.daily_observation_loop,M10-PA-002,突破后续跟进,AMD,15m
,,未触发,2026-05-05T17:15:30Z,,,,false,当前K线未触发,m12.12.observation-event.v1,M12.12.daily_observation_loop,M10-PA-002,突破后续跟进,AMD,5m
,,未触发,2026-05-05T17:15:30Z,,,,false,当前K线未触发,m12.12.observation-event.v1,M12.12.daily_observation_loop,M10-PA-012,开盘区间突破,AMD,15m
2026-05-05T11:35:00,long,今日候选,2026-05-05T17:15:30Z,354.8100,346.2800,363.2500,false,needs_read_only_bar_close_review,m12.12.observation-event.v1,M12.12.daily_observation_loop,M10-PA-012,开盘区间突破,AMD,5m
,,未触发,2026-05-05T17:15:30Z,,,,false,当前日线未触发,m12.12.observation-event.v1,M12.12.daily_observation_loop,M12-FTD-001,方方土日线趋势顺势信号K,AMD,1d
,,未触发,2026-05-05T17:15:30Z,,,,false,当前K线未触发,m12.12.observation-event.v1,M12.12.daily_observation_loop,M10-PA-001,趋势回调二次入场,INTC,1d
,,未触发,2026-05-05T17:15:30Z,,,,false,当前K线未触发,m12.12.observation-event.v1,M12.12.daily_observation_loop,M10-PA-001,趋势回调二次入场,INTC,1h
,,未触发,2026-05-05T17:15:30Z,,,,false,当前K线未触发,m12.12.observation-event.v1,M12.12.daily_observation_loop,M10-PA-001,趋势回调二次入场,INTC,15m
,,未触发,2026-05-05T17:15:30Z,,,,false,当前K线未触发,m12.12.observation-event.v1,M12.12.daily_observation_loop,M10-PA-001,趋势回调二次入场,INTC,5m
2026-05-05T16:00:00-04:00,long,今日候选,2026-05-05T17:15:30Z,108.0460,100.0800,123.9780,false,needs_read_only_bar_close_review,m12.12.observation-event.v1,M12.12.daily_observation_loop,M10-PA-002,突破后续跟进,INTC,1d
,,未触发,2026-05-05T17:15:30Z,,,,false,当前K线未触发,m12.12.observation-event.v1,M12.12.daily_observation_loop,M10-PA-002,突破后续跟进,INTC,1h
,,未触发,2026-05-05T17:15:30Z,,,,false,当前K线未触发,m12.12.observation-event.v1,M12.12.daily_observation_loop,M10-PA-002,突破后续跟进,INTC,15m
,,未触发,2026-05-05T17:15:30Z,,,,false,当前K线未触发,m12.12.observation-event.v1,M12.12.daily_observation_loop,M10-PA-002,突破后续跟进,INTC,5m
,,未触发,2026-05-05T17:15:30Z,,,,false,当前K线未触发,m12.12.observation-event.v1,M12.12.daily_observation_loop,M10-PA-012,开盘区间突破,INTC,15m
2026-05-05T10:15:00,long,今日候选,2026-05-05T17:15:30Z,107.7100,100.1000,114.8800,false,needs_read_only_bar_close_review,m12.12.observation-event.v1,M12.12.daily_observation_loop,M10-PA-012,开盘区间突破,INTC,5m
,,未触发,2026-05-05T17:15:30Z,,,,false,当前日线未触发,m12.12.observation-event.v1,M12.12.daily_observation_loop,M12-FTD-001,方方土日线趋势顺势信号K,INTC,1d
,,未触发,2026-05-05T17:15:30Z,,,,false,当前K线未触发,m12.12.observation-event.v1,M12.12.daily_observation_loop,M10-PA-001,趋势回调二次入场,MU,1d
,,未触发,2026-05-05T17:15:30Z,,,,false,当前K线未触发,m12.12.observation-event.v1,M12.12.daily_observation_loop,M10-PA-001,趋势回调二次入场,MU,1h
,,未触发,2026-05-05T17:15:30Z,,,,false,当前K线未触发,m12.12.observation-event.v1,M12.12.daily_observation_loop,M10-PA-001,趋势回调二次入场,MU,15m
,,未触发,2026-05-05T17:15:30Z,,,,false,当前K线未触发,m12.12.observation-event.v1,M12.12.daily_observation_loop,M10-PA-001,趋势回调二次入场,MU,5m
2026-05-05T16:00:00-04:00,long,今日候选,2026-05-05T17:15:30Z,642.3800,605.4700,716.2000,false,needs_read_only_bar_close_review,m12.12.observation-event.v1,M12.12.daily_observation_loop,M10-PA-002,突破后续跟进,MU,1d
,,未触发,2026-05-05T17:15:30Z,,,,false,当前K线未触发,m12.12.observation-event.v1,M12.12.daily_observation_loop,M10-PA-002,突破后续跟进,MU,1h
,,未触发,2026-05-05T17:15:30Z,,,,false,当前K线未触发,m12.12.observation-event.v1,M12.12.daily_observation_loop,M10-PA-002,突破后续跟进,MU,15m
,,未触发,2026-05-05T17:15:30Z,,,,false,当前K线未触发,m12.12.observation-event.v1,M12.12.daily_observation_loop,M10-PA-002,突破后续跟进,MU,5m
,,未触发,2026-05-05T17:15:30Z,,,,false,当前K线未触发,m12.12.observation-event.v1,M12.12.daily_observation_loop,M10-PA-012,开盘区间突破,MU,15m
2026-05-05T10:20:00,long,今日候选,2026-05-05T17:15:30Z,645.8900,605.4700,677.9800,false,needs_read_only_bar_close_review,m12.12.observation-event.v1,M12.12.daily_observation_loop,M10-PA-012,开盘区间突破,MU,5m
2026-05-05T16:00:00-04:00,long,今日候选,2026-05-05T17:15:30Z,651.74,605.47,744.28,false,needs_read_only_bar_close_review,m12.12.observation-event.v1,M12.12.daily_observation_loop,M12-FTD-001,方方土日线趋势顺势信号K,MU,1d
,,未触发,2026-05-05T17:15:30Z,,,,false,当前K线未触发,m12.12.observation-event.v1,M12.12.daily_observation_loop,M10-PA-001,趋势回调二次入场,QCOM,1d
,,未触发,2026-05-05T17:15:30Z,,,,false,当前K线未触发,m12.12.observation-event.v1,M12.12.daily_observation_loop,M10-PA-001,趋势回调二次入场,QCOM,1h
,,未触发,2026-05-05T17:15:30Z,,,,false,当前K线未触发,m12.12.observation-event.v1,M12.12.daily_observation_loop,M10-PA-001,趋势回调二次入场,QCOM,15m
,,未触发,2026-05-05T17:15:30Z,,,,false,当前K线未触发,m12.12.observation-event.v1,M12.12.daily_observation_loop,M10-PA-001,趋势回调二次入场,QCOM,5m
,,未触发,2026-05-05T17:15:30Z,,,,false,当前K线未触发,m12.12.observation-event.v1,M12.12.daily_observation_loop,M10-PA-002,突破后续跟进,QCOM,1d
,,未触发,2026-05-05T17:15:30Z,,,,false,当前K线未触发,m12.12.observation-event.v1,M12.12.daily_observation_loop,M10-PA-002,突破后续跟进,QCOM,1h
,,未触发,2026-05-05T17:15:30Z,,,,false,当前K线未触发,m12.12.observation-event.v1,M12.12.daily_observation_loop,M10-PA-002,突破后续跟进,QCOM,15m
,,未触发,2026-05-05T17:15:30Z,,,,false,当前K线未触发,m12.12.observation-event.v1,M12.12.daily_observation_loop,M10-PA-002,突破后续跟进,QCOM,5m
,,未触发,2026-05-05T17:15:30Z,,,,false,当前K线未触发,m12.12.observation-event.v1,M12.12.daily_observation_loop,M10-PA-012,开盘区间突破,QCOM,15m
2026-05-05T10:00:00,long,今日候选,2026-05-05T17:15:30Z,172.6750,164.7900,178.7750,false,needs_read_only_bar_close_review,m12.12.observation-event.v1,M12.12.daily_observation_loop,M10-PA-012,开盘区间突破,QCOM,5m
,,未触发,2026-05-05T17:15:30Z,,,,false,当前日线未触发,m12.12.observation-event.v1,M12.12.daily_observation_loop,M12-FTD-001,方方土日线趋势顺势信号K,QCOM,1d
2026-05-05T16:00:00-04:00,long,今日候选,2026-05-05T17:15:30Z,184.3900,160.3300,232.5100,false,needs_read_only_bar_close_review,m12.12.observation-event.v1,M12.12.daily_observation_loop,M10-PA-001,趋势回调二次入场,ORCL,1d
,,未触发,2026-05-05T17:15:30Z,,,,false,当前K线未触发,m12.12.observation-event.v1,M12.12.daily_observation_loop,M10-PA-001,趋势回调二次入场,ORCL,1h
,,未触发,2026-05-05T17:15:30Z,,,,false,当前K线未触发,m12.12.observation-event.v1,M12.12.daily_observation_loop,M10-PA-001,趋势回调二次入场,ORCL,15m
,,未触发,2026-05-05T17:15:30Z,,,,false,当前K线未触发,m12.12.observation-event.v1,M12.12.daily_observation_loop,M10-PA-001,趋势回调二次入场,ORCL,5m
,,未触发,2026-05-05T17:15:30Z,,,,false,当前K线未触发,m12.12.observation-event.v1,M12.12.daily_observation_loop,M10-PA-002,突破后续跟进,ORCL,1d
,,未触发,2026-05-05T17:15:30Z,,,,false,当前K线未触发,m12.12.observation-event.v1,M12.12.daily_observation_loop,M10-PA-002,突破后续跟进,ORCL,1h
,,未触发,2026-05-05T17:15:30Z,,,,false,当前K线未触发,m12.12.observation-event.v1,M12.12.daily_observation_loop,M10-PA-002,突破后续跟进,ORCL,15m
,,未触发,2026-05-05T17:15:30Z,,,,false,当前K线未触发,m12.12.observation-event.v1,M12.12.daily_observation_loop,M10-PA-002,突破后续跟进,ORCL,5m
,,未触发,2026-05-05T17:15:30Z,,,,false,当前K线未触发,m12.12.observation-event.v1,M12.12.daily_observation_loop,M10-PA-012,开盘区间突破,ORCL,15m
,,未触发,2026-05-05T17:15:30Z,,,,false,当前K线未触发,m12.12.observation-event.v1,M12.12.daily_observation_loop,M10-PA-012,开盘区间突破,ORCL,5m
2026-05-05T16:00:00-04:00,long,今日候选,2026-05-05T17:15:30Z,184.39,179.00,195.17,false,needs_read_only_bar_close_review,m12.12.observation-event.v1,M12.12.daily_observation_loop,M12-FTD-001,方方土日线趋势顺势信号K,ORCL,1d
2026-05-05T16:00:00-04:00,short,今日候选,2026-05-05T17:15:30Z,181.1000,190.3100,162.6800,false,needs_read_only_bar_close_review,m12.12.observation-event.v1,M12.12.daily_observation_loop,M10-PA-001,趋势回调二次入场,CRM,1d
,,未触发,2026-05-05T17:15:30Z,,,,false,当前K线未触发,m12.12.observation-event.v1,M12.12.daily_observation_loop,M10-PA-001,趋势回调二次入场,CRM,1h
,,未触发,2026-05-05T17:15:30Z,,,,false,当前K线未触发,m12.12.observation-event.v1,M12.12.daily_observation_loop,M10-PA-001,趋势回调二次入场,CRM,15m
,,未触发,2026-05-05T17:15:30Z,,,,false,当前K线未触发,m12.12.observation-event.v1,M12.12.daily_observation_loop,M10-PA-001,趋势回调二次入场,CRM,5m
,,未触发,2026-05-05T17:15:30Z,,,,false,当前K线未触发,m12.12.observation-event.v1,M12.12.daily_observation_loop,M10-PA-002,突破后续跟进,CRM,1d
,,未触发,2026-05-05T17:15:30Z,,,,false,当前K线未触发,m12.12.observation-event.v1,M12.12.daily_observation_loop,M10-PA-002,突破后续跟进,CRM,1h
,,未触发,2026-05-05T17:15:30Z,,,,false,当前K线未触发,m12.12.observation-event.v1,M12.12.daily_observation_loop,M10-PA-002,突破后续跟进,CRM,15m
,,未触发,2026-05-05T17:15:30Z,,,,false,当前K线未触发,m12.12.observation-event.v1,M12.12.daily_observation_loop,M10-PA-002,突破后续跟进,CRM,5m
,,未触发,2026-05-05T17:15:30Z,,,,false,当前K线未触发,m12.12.observation-event.v1,M12.12.daily_observation_loop,M10-PA-012,开盘区间突破,CRM,15m
2026-05-05T10:55:00,long,今日候选,2026-05-05T17:15:30Z,185.7550,181.1000,190.0550,false,needs_read_only_bar_close_review,m12.12.observation-event.v1,M12.12.daily_observation_loop,M10-PA-012,开盘区间突破,CRM,5m
,,未触发,2026-05-05T17:15:30Z,,,,false,当前日线未触发,m12.12.observation-event.v1,M12.12.daily_observation_loop,M12-FTD-001,方方土日线趋势顺势信号K,CRM,1d
,,未触发,2026-05-05T17:15:30Z,,,,false,当前K线未触发,m12.12.observation-event.v1,M12.12.daily_observation_loop,M10-PA-001,趋势回调二次入场,ADBE,1d
,,未触发,2026-05-05T17:15:30Z,,,,false,当前K线未触发,m12.12.observation-event.v1,M12.12.daily_observation_loop,M10-PA-001,趋势回调二次入场,ADBE,1h
,,未触发,2026-05-05T17:15:30Z,,,,false,当前K线未触发,m12.12.observation-event.v1,M12.12.daily_observation_loop,M10-PA-001,趋势回调二次入场,ADBE,15m
,,未触发,2026-05-05T17:15:30Z,,,,false,当前K线未触发,m12.12.observation-event.v1,M12.12.daily_observation_loop,M10-PA-001,趋势回调二次入场,ADBE,5m
,,未触发,2026-05-05T17:15:30Z,,,,false,当前K线未触发,m12.12.observation-event.v1,M12.12.daily_observation_loop,M10-PA-002,突破后续跟进,ADBE,1d
,,未触发,2026-05-05T17:15:30Z,,,,false,当前K线未触发,m12.12.observation-event.v1,M12.12.daily_observation_loop,M10-PA-002,突破后续跟进,ADBE,1h
,,未触发,2026-05-05T17:15:30Z,,,,false,当前K线未触发,m12.12.observation-event.v1,M12.12.daily_observation_loop,M10-PA-002,突破后续跟进,ADBE,15m
,,未触发,2026-05-05T17:15:30Z,,,,false,当前K线未触发,m12.12.observation-event.v1,M12.12.daily_observation_loop,M10-PA-002,突破后续跟进,ADBE,5m
,,未触发,2026-05-05T17:15:30Z,,,,false,当前K线未触发,m12.12.observation-event.v1,M12.12.daily_observation_loop,M10-PA-012,开盘区间突破,ADBE,15m
2026-05-05T10:55:00,long,今日候选,2026-05-05T17:15:30Z,254.2500,248.5000,259.6600,false,needs_read_only_bar_close_review,m12.12.observation-event.v1,M12.12.daily_observation_loop,M10-PA-012,开盘区间突破,ADBE,5m
,,未触发,2026-05-05T17:15:30Z,,,,false,当前日线未触发,m12.12.observation-event.v1,M12.12.daily_observation_loop,M12-FTD-001,方方土日线趋势顺势信号K,ADBE,1d
2026-05-05T16:00:00-04:00,short,今日候选,2026-05-05T17:15:30Z,89.1400,95.6200,76.1800,false,needs_read_only_bar_close_review,m12.12.observation-event.v1,M12.12.daily_observation_loop,M10-PA-001,趋势回调二次入场,NOW,1d
,,未触发,2026-05-05T17:15:30Z,,,,false,当前K线未触发,m12.12.observation-event.v1,M12.12.daily_observation_loop,M10-PA-001,趋势回调二次入场,NOW,1h
,,未触发,2026-05-05T17:15:30Z,,,,false,当前K线未触发,m12.12.observation-event.v1,M12.12.daily_observation_loop,M10-PA-001,趋势回调二次入场,NOW,15m
,,未触发,2026-05-05T17:15:30Z,,,,false,当前K线未触发,m12.12.observation-event.v1,M12.12.daily_observation_loop,M10-PA-001,趋势回调二次入场,NOW,5m
,,未触发,2026-05-05T17:15:30Z,,,,false,当前K线未触发,m12.12.observation-event.v1,M12.12.daily_observation_loop,M10-PA-002,突破后续跟进,NOW,1d
,,未触发,2026-05-05T17:15:30Z,,,,false,当前K线未触发,m12.12.observation-event.v1,M12.12.daily_observation_loop,M10-PA-002,突破后续跟进,NOW,1h
,,未触发,2026-05-05T17:15:30Z,,,,false,当前K线未触发,m12.12.observation-event.v1,M12.12.daily_observation_loop,M10-PA-002,突破后续跟进,NOW,15m
,,未触发,2026-05-05T17:15:30Z,,,,false,当前K线未触发,m12.12.observation-event.v1,M12.12.daily_observation_loop,M10-PA-002,突破后续跟进,NOW,5m
,,未触发,2026-05-05T17:15:30Z,,,,false,当前K线未触发,m12.12.observation-event.v1,M12.12.daily_observation_loop,M10-PA-012,开盘区间突破,NOW,15m
,,未触发,2026-05-05T17:15:30Z,,,,false,当前K线未触发,m12.12.observation-event.v1,M12.12.daily_observation_loop,M10-PA-012,开盘区间突破,NOW,5m
,,未触发,2026-05-05T17:15:30Z,,,,false,当前日线未触发,m12.12.observation-event.v1,M12.12.daily_observation_loop,M12-FTD-001,方方土日线趋势顺势信号K,NOW,1d
2026-05-05T16:00:00-04:00,short,今日候选,2026-05-05T17:15:30Z,139.4200,149.1400,119.9800,false,needs_read_only_bar_close_review,m12.12.observation-event.v1,M12.12.daily_observation_loop,M10-PA-001,趋势回调二次入场,SNOW,1d
,,未触发,2026-05-05T17:15:30Z,,,,false,当前K线未触发,m12.12.observation-event.v1,M12.12.daily_observation_loop,M10-PA-001,趋势回调二次入场,SNOW,1h
,,未触发,2026-05-05T17:15:30Z,,,,false,当前K线未触发,m12.12.observation-event.v1,M12.12.daily_observation_loop,M10-PA-001,趋势回调二次入场,SNOW,15m
,,未触发,2026-05-05T17:15:30Z,,,,false,当前K线未触发,m12.12.observation-event.v1,M12.12.daily_observation_loop,M10-PA-001,趋势回调二次入场,SNOW,5m
,,未触发,2026-05-05T17:15:30Z,,,,false,当前K线未触发,m12.12.observation-event.v1,M12.12.daily_observation_loop,M10-PA-002,突破后续跟进,SNOW,1d
,,未触发,2026-05-05T17:15:30Z,,,,false,当前K线未触发,m12.12.observation-event.v1,M12.12.daily_observation_loop,M10-PA-002,突破后续跟进,SNOW,1h
,,未触发,2026-05-05T17:15:30Z,,,,false,当前K线未触发,m12.12.observation-event.v1,M12.12.daily_observation_loop,M10-PA-002,突破后续跟进,SNOW,15m
,,未触发,2026-05-05T17:15:30Z,,,,false,当前K线未触发,m12.12.observation-event.v1,M12.12.daily_observation_loop,M10-PA-002,突破后续跟进,SNOW,5m
,,未触发,2026-05-05T17:15:30Z,,,,false,当前K线未触发,m12.12.observation-event.v1,M12.12.daily_observation_loop,M10-PA-012,开盘区间突破,SNOW,15m
,,未触发,2026-05-05T17:15:30Z,,,,false,当前K线未触发,m12.12.observation-event.v1,M12.12.daily_observation_loop,M10-PA-012,开盘区间突破,SNOW,5m
,,未触发,2026-05-05T17:15:30Z,,,,false,当前日线未触发,m12.12.observation-event.v1,M12.12.daily_observation_loop,M12-FTD-001,方方土日线趋势顺势信号K,SNOW,1d
2026-05-05T16:00:00-04:00,short,今日候选,2026-05-05T17:15:30Z,134.7300,149.6400,104.9100,false,needs_read_only_bar_close_review,m12.12.observation-event.v1,M12.12.daily_observation_loop,M10-PA-001,趋势回调二次入场,PLTR,1d
,,未触发,2026-05-05T17:15:30Z,,,,false,当前K线未触发,m12.12.observation-event.v1,M12.12.daily_observation_loop,M10-PA-001,趋势回调二次入场,PLTR,1h
,,未触发,2026-05-05T17:15:30Z,,,,false,当前K线未触发,m12.12.observation-event.v1,M12.12.daily_observation_loop,M10-PA-001,趋势回调二次入场,PLTR,15m
,,未触发,2026-05-05T17:15:30Z,,,,false,当前K线未触发,m12.12.observation-event.v1,M12.12.daily_observation_loop,M10-PA-001,趋势回调二次入场,PLTR,5m
,,未触发,2026-05-05T17:15:30Z,,,,false,当前K线未触发,m12.12.observation-event.v1,M12.12.daily_observation_loop,M10-PA-002,突破后续跟进,PLTR,1d
,,未触发,2026-05-05T17:15:30Z,,,,false,当前K线未触发,m12.12.observation-event.v1,M12.12.daily_observation_loop,M10-PA-002,突破后续跟进,PLTR,1h
,,未触发,2026-05-05T17:15:30Z,,,,false,当前K线未触发,m12.12.observation-event.v1,M12.12.daily_observation_loop,M10-PA-002,突破后续跟进,PLTR,15m
,,未触发,2026-05-05T17:15:30Z,,,,false,当前K线未触发,m12.12.observation-event.v1,M12.12.daily_observation_loop,M10-PA-002,突破后续跟进,PLTR,5m
,,未触发,2026-05-05T17:15:30Z,,,,false,当前K线未触发,m12.12.observation-event.v1,M12.12.daily_observation_loop,M10-PA-012,开盘区间突破,PLTR,15m
2026-05-05T10:30:00,short,今日候选,2026-05-05T17:15:30Z,137.2700,142.9800,131.8800,false,needs_read_only_bar_close_review,m12.12.observation-event.v1,M12.12.daily_observation_loop,M10-PA-012,开盘区间突破,PLTR,5m
,,未触发,2026-05-05T17:15:30Z,,,,false,当前日线未触发,m12.12.observation-event.v1,M12.12.daily_observation_loop,M12-FTD-001,方方土日线趋势顺势信号K,PLTR,1d
,,未触发,2026-05-05T17:15:30Z,,,,false,当前K线未触发,m12.12.observation-event.v1,M12.12.daily_observation_loop,M10-PA-001,趋势回调二次入场,PANW,1d
,,未触发,2026-05-05T17:15:30Z,,,,false,当前K线未触发,m12.12.observation-event.v1,M12.12.daily_observation_loop,M10-PA-001,趋势回调二次入场,PANW,1h
,,未触发,2026-05-05T17:15:30Z,,,,false,当前K线未触发,m12.12.observation-event.v1,M12.12.daily_observation_loop,M10-PA-001,趋势回调二次入场,PANW,15m
,,未触发,2026-05-05T17:15:30Z,,,,false,当前K线未触发,m12.12.observation-event.v1,M12.12.daily_observation_loop,M10-PA-001,趋势回调二次入场,PANW,5m
,,未触发,2026-05-05T17:15:30Z,,,,false,当前K线未触发,m12.12.observation-event.v1,M12.12.daily_observation_loop,M10-PA-002,突破后续跟进,PANW,1d
,,未触发,2026-05-05T17:15:30Z,,,,false,当前K线未触发,m12.12.observation-event.v1,M12.12.daily_observation_loop,M10-PA-002,突破后续跟进,PANW,1h
,,未触发,2026-05-05T17:15:30Z,,,,false,当前K线未触发,m12.12.observation-event.v1,M12.12.daily_observation_loop,M10-PA-002,突破后续跟进,PANW,15m
,,未触发,2026-05-05T17:15:30Z,,,,false,当前K线未触发,m12.12.observation-event.v1,M12.12.daily_observation_loop,M10-PA-002,突破后续跟进,PANW,5m
,,未触发,2026-05-05T17:15:30Z,,,,false,当前K线未触发,m12.12.observation-event.v1,M12.12.daily_observation_loop,M10-PA-012,开盘区间突破,PANW,15m
,,未触发,2026-05-05T17:15:30Z,,,,false,当前K线未触发,m12.12.observation-event.v1,M12.12.daily_observation_loop,M10-PA-012,开盘区间突破,PANW,5m
,,未触发,2026-05-05T17:15:30Z,,,,false,当前日线未触发,m12.12.observation-event.v1,M12.12.daily_observation_loop,M12-FTD-001,方方土日线趋势顺势信号K,PANW,1d
