bar_timestamp,candidate_status,data_checksum,data_lineage,data_path,generated_at,hypothetical_entry_price,hypothetical_risk_per_share,hypothetical_stop_price,hypothetical_target_price,market,notes,queue_action,review_status,risk_level,schema_version,signal_direction,simulated_context,source_refs,spec_ref,stage,strategy_id,strategy_title,symbol,timeframe
2026-05-05T10:05:00,trigger_candidate,dc9badb7d9bdd88cb42d5265c87356d19a35ac3c62aa54409919ab99dc60cef1,native_current_session_5m_cache,local_data/longbridge_intraday/us_SPY_5m_2026-05-05_2026-05-05_longbridge.csv,2026-05-05T17:15:30Z,723.1840,1.6940,721.4900,724.4840,US,"Opening range breakout proxy found in recorded local cache; observe only, no execution.",eligible_for_read_only_observation,needs_read_only_bar_close_review,low,m12.scanner-candidate.v1,long,readonly_observation_candidate,raw:knowledge/raw/brooks/transcribed_v2/al_brooks_price_action_course_v2/units/video_048D_breakout_mode_opening_range.md;raw:knowledge/raw/brooks/transcribed_v2/al_brooks_price_action_course_v2/units/video_008C_candles_ttr_ii_ioi_breakout_mode.md;raw:knowledge/raw/brooks/transcribed_v2/al_brooks_price_action_course_v2/units/video_026A_triangles_ttr_wedges_flags_reversal_or_continuation.md,reports/strategy_lab/m10_price_action_strategy_refresh/backtest_specs/M10-PA-012.json,M12.12.daily_observation_loop,M10-PA-012,开盘区间突破,SPY,5m
2026-05-05T16:00:00-04:00,trigger_candidate,3b55a0e680a4963eb3dde236c7413631c059124b58b0dbe4272afd73a6b2b3cb,native_daily_cache,local_data/longbridge_history/us_QQQ_1d_2010-06-29_2026-05-05_longbridge.csv,2026-05-05T17:15:30Z,681.4400,3.9300,677.5100,689.3000,US,20-bar breakout proxy matched; follow-through still needs bar-close observation.,eligible_for_read_only_observation,needs_read_only_bar_close_review,medium,m12.scanner-candidate.v1,long,readonly_observation_candidate,raw:knowledge/raw/brooks/transcribed_v2/al_brooks_price_action_course_v2/units/video_015D_breakouts_second_leg_traps_strong_breakouts.md;raw:knowledge/raw/brooks/transcribed_v2/al_brooks_price_action_course_v2/units/video_015A_breakouts_definition_80_rule_reversal_tr.md;raw:knowledge/raw/brooks/transcribed_v2/al_brooks_price_action_course_v2/units/video_015B_breakouts_follow_through_reversal_small_start.md;raw:knowledge/raw/youtube/fangfangtu/transcripts/Price_Action方方土.pdf;raw:knowledge/raw/youtube/fangfangtu/transcripts/Price_Action方方土.pdf;raw:knowledge/raw/notes/方方土视频笔记-突破.pdf;raw:knowledge/raw/notes/方方土视频笔记-突破.pdf,reports/strategy_lab/m10_price_action_strategy_refresh/backtest_specs/M10-PA-002.json,M12.12.daily_observation_loop,M10-PA-002,突破后续跟进,QQQ,1d
2026-05-05T10:25:00,trigger_candidate,4b371e19bf73533db0bfefa22e819fd0c8a72b2dde24afdda34a14e04c1e1a33,native_current_session_5m_cache,local_data/longbridge_intraday/us_QQQ_5m_2026-05-05_2026-05-05_longbridge.csv,2026-05-05T17:15:30Z,681.1200,3.6100,677.5100,684.5300,US,"Opening range breakout proxy found in recorded local cache; observe only, no execution.",eligible_for_read_only_observation,needs_read_only_bar_close_review,medium,m12.scanner-candidate.v1,long,readonly_observation_candidate,raw:knowledge/raw/brooks/transcribed_v2/al_brooks_price_action_course_v2/units/video_048D_breakout_mode_opening_range.md;raw:knowledge/raw/brooks/transcribed_v2/al_brooks_price_action_course_v2/units/video_008C_candles_ttr_ii_ioi_breakout_mode.md;raw:knowledge/raw/brooks/transcribed_v2/al_brooks_price_action_course_v2/units/video_026A_triangles_ttr_wedges_flags_reversal_or_continuation.md,reports/strategy_lab/m10_price_action_strategy_refresh/backtest_specs/M10-PA-012.json,M12.12.daily_observation_loop,M10-PA-012,开盘区间突破,QQQ,5m
2026-05-05T16:00:00-04:00,watch_candidate,b3c82550a40e2d27adb32c7b8933069d5f0e1d590a45a14d80501f46f74c00fc,native_daily_cache,local_data/longbridge_history/us_IWM_1d_2010-06-29_2026-05-05_longbridge.csv,2026-05-05T17:15:30Z,282.3400,11.9800,270.3600,306.3000,US,Trend and pullback proxy found; requires bar-by-bar confirmation before any future status change.,eligible_for_read_only_observation,needs_read_only_bar_close_review,high,m12.scanner-candidate.v1,long,readonly_observation_candidate,raw:knowledge/raw/brooks/transcribed_v2/al_brooks_price_action_course_v2/units/video_009A_pullbacks_bar_counting_basics_high_low_1_2.md;raw:knowledge/raw/brooks/transcribed_v2/al_brooks_price_action_course_v2/units/video_009C_pullbacks_endless_higher_lower_timeframes_countertrend_exit.md;raw:knowledge/raw/brooks/transcribed_v2/al_brooks_price_action_course_v2/units/video_014E_trends_tight_channel_small_pullback.md;raw:knowledge/raw/youtube/fangfangtu/transcripts/Price_Action方方土.pdf;raw:knowledge/raw/youtube/fangfangtu/transcripts/Price_Action方方土.pdf;raw:knowledge/raw/notes/方方土视频笔记 - 回调&数K线.pdf;raw:knowledge/raw/notes/方方土视频笔记 - 市场周期.pdf,reports/strategy_lab/m10_price_action_strategy_refresh/backtest_specs/M10-PA-001.json,M12.12.daily_observation_loop,M10-PA-001,趋势回调二次入场,IWM,1d
2026-05-05T16:00:00-04:00,trigger_candidate,b3c82550a40e2d27adb32c7b8933069d5f0e1d590a45a14d80501f46f74c00fc,native_daily_cache,local_data/longbridge_history/us_IWM_1d_2010-06-29_2026-05-05_longbridge.csv,2026-05-05T17:15:30Z,282.0800,2.0800,280.0000,286.2400,US,20-bar breakout proxy matched; follow-through still needs bar-close observation.,eligible_for_read_only_observation,needs_read_only_bar_close_review,medium,m12.scanner-candidate.v1,long,readonly_observation_candidate,raw:knowledge/raw/brooks/transcribed_v2/al_brooks_price_action_course_v2/units/video_015D_breakouts_second_leg_traps_strong_breakouts.md;raw:knowledge/raw/brooks/transcribed_v2/al_brooks_price_action_course_v2/units/video_015A_breakouts_definition_80_rule_reversal_tr.md;raw:knowledge/raw/brooks/transcribed_v2/al_brooks_price_action_course_v2/units/video_015B_breakouts_follow_through_reversal_small_start.md;raw:knowledge/raw/youtube/fangfangtu/transcripts/Price_Action方方土.pdf;raw:knowledge/raw/youtube/fangfangtu/transcripts/Price_Action方方土.pdf;raw:knowledge/raw/notes/方方土视频笔记-突破.pdf;raw:knowledge/raw/notes/方方土视频笔记-突破.pdf,reports/strategy_lab/m10_price_action_strategy_refresh/backtest_specs/M10-PA-002.json,M12.12.daily_observation_loop,M10-PA-002,突破后续跟进,IWM,1d
2026-05-05T10:05:00,trigger_candidate,ebabccc155c326fae24cfeb4e0779977c4ec8431a96fda95221519ea7cb66eb6,native_current_session_5m_cache,local_data/longbridge_intraday/us_IWM_5m_2026-05-05_2026-05-05_longbridge.csv,2026-05-05T17:15:30Z,281.5300,1.5300,280.0000,282.4600,US,"Opening range breakout proxy found in recorded local cache; observe only, no execution.",eligible_for_read_only_observation,needs_read_only_bar_close_review,medium,m12.scanner-candidate.v1,long,readonly_observation_candidate,raw:knowledge/raw/brooks/transcribed_v2/al_brooks_price_action_course_v2/units/video_048D_breakout_mode_opening_range.md;raw:knowledge/raw/brooks/transcribed_v2/al_brooks_price_action_course_v2/units/video_008C_candles_ttr_ii_ioi_breakout_mode.md;raw:knowledge/raw/brooks/transcribed_v2/al_brooks_price_action_course_v2/units/video_026A_triangles_ttr_wedges_flags_reversal_or_continuation.md,reports/strategy_lab/m10_price_action_strategy_refresh/backtest_specs/M10-PA-012.json,M12.12.daily_observation_loop,M10-PA-012,开盘区间突破,IWM,5m
2026-05-05T10:05:00,trigger_candidate,91f9f0b4fd4de5be75947980530d90646faf512f57ab092c3ef96dcade68309c,native_current_session_5m_cache,local_data/longbridge_intraday/us_DIA_5m_2026-05-05_2026-05-05_longbridge.csv,2026-05-05T17:15:30Z,492.1300,2.1000,490.0300,494.1650,US,"Opening range breakout proxy found in recorded local cache; observe only, no execution.",eligible_for_read_only_observation,needs_read_only_bar_close_review,low,m12.scanner-candidate.v1,long,readonly_observation_candidate,raw:knowledge/raw/brooks/transcribed_v2/al_brooks_price_action_course_v2/units/video_048D_breakout_mode_opening_range.md;raw:knowledge/raw/brooks/transcribed_v2/al_brooks_price_action_course_v2/units/video_008C_candles_ttr_ii_ioi_breakout_mode.md;raw:knowledge/raw/brooks/transcribed_v2/al_brooks_price_action_course_v2/units/video_026A_triangles_ttr_wedges_flags_reversal_or_continuation.md,reports/strategy_lab/m10_price_action_strategy_refresh/backtest_specs/M10-PA-012.json,M12.12.daily_observation_loop,M10-PA-012,开盘区间突破,DIA,5m
2026-05-05T10:00:00,trigger_candidate,76809b91b779526e8aca3e66f454f748e951ab425fd895729e766ee360d848be,native_current_session_5m_cache,local_data/longbridge_intraday/us_VTI_5m_2026-05-05_2026-05-05_longbridge.csv,2026-05-05T17:15:30Z,356.2900,0.5200,355.7700,356.7950,US,"Opening range breakout proxy found in recorded local cache; observe only, no execution.",eligible_for_read_only_observation,needs_read_only_bar_close_review,low,m12.scanner-candidate.v1,long,readonly_observation_candidate,raw:knowledge/raw/brooks/transcribed_v2/al_brooks_price_action_course_v2/units/video_048D_breakout_mode_opening_range.md;raw:knowledge/raw/brooks/transcribed_v2/al_brooks_price_action_course_v2/units/video_008C_candles_ttr_ii_ioi_breakout_mode.md;raw:knowledge/raw/brooks/transcribed_v2/al_brooks_price_action_course_v2/units/video_026A_triangles_ttr_wedges_flags_reversal_or_continuation.md,reports/strategy_lab/m10_price_action_strategy_refresh/backtest_specs/M10-PA-012.json,M12.12.daily_observation_loop,M10-PA-012,开盘区间突破,VTI,5m
2026-05-05T10:05:00,trigger_candidate,b2d11523dec84b1ca7c5052e4e6d2c62d880f736740fa801891d6c84ce226c22,native_current_session_5m_cache,local_data/longbridge_intraday/us_VOO_5m_2026-05-05_2026-05-05_longbridge.csv,2026-05-05T17:15:30Z,664.8600,1.5300,663.3300,666.0300,US,"Opening range breakout proxy found in recorded local cache; observe only, no execution.",eligible_for_read_only_observation,needs_read_only_bar_close_review,low,m12.scanner-candidate.v1,long,readonly_observation_candidate,raw:knowledge/raw/brooks/transcribed_v2/al_brooks_price_action_course_v2/units/video_048D_breakout_mode_opening_range.md;raw:knowledge/raw/brooks/transcribed_v2/al_brooks_price_action_course_v2/units/video_008C_candles_ttr_ii_ioi_breakout_mode.md;raw:knowledge/raw/brooks/transcribed_v2/al_brooks_price_action_course_v2/units/video_026A_triangles_ttr_wedges_flags_reversal_or_continuation.md,reports/strategy_lab/m10_price_action_strategy_refresh/backtest_specs/M10-PA-012.json,M12.12.daily_observation_loop,M10-PA-012,开盘区间突破,VOO,5m
2026-05-05T10:05:00,trigger_candidate,56706657f18a997ee5ff1a777601bc5716f6d8b5bf7ad36778610deb397f5672,native_current_session_5m_cache,local_data/longbridge_intraday/us_IVV_5m_2026-05-05_2026-05-05_longbridge.csv,2026-05-05T17:15:30Z,726.5250,1.5950,724.9300,727.7550,US,"Opening range breakout proxy found in recorded local cache; observe only, no execution.",eligible_for_read_only_observation,needs_read_only_bar_close_review,low,m12.scanner-candidate.v1,long,readonly_observation_candidate,raw:knowledge/raw/brooks/transcribed_v2/al_brooks_price_action_course_v2/units/video_048D_breakout_mode_opening_range.md;raw:knowledge/raw/brooks/transcribed_v2/al_brooks_price_action_course_v2/units/video_008C_candles_ttr_ii_ioi_breakout_mode.md;raw:knowledge/raw/brooks/transcribed_v2/al_brooks_price_action_course_v2/units/video_026A_triangles_ttr_wedges_flags_reversal_or_continuation.md,reports/strategy_lab/m10_price_action_strategy_refresh/backtest_specs/M10-PA-012.json,M12.12.daily_observation_loop,M10-PA-012,开盘区间突破,IVV,5m
2026-05-05T16:00:00-04:00,trigger_candidate,98fd48cf3e646ca679867d54b5da11790373544f9c47205939ab2223b223b93b,native_daily_cache,local_data/longbridge_history/us_XLK_1d_2010-06-29_2026-05-05_longbridge.csv,2026-05-05T17:15:30Z,165.4500,1.9300,163.5200,169.3100,US,20-bar breakout proxy matched; follow-through still needs bar-close observation.,eligible_for_read_only_observation,needs_read_only_bar_close_review,medium,m12.scanner-candidate.v1,long,readonly_observation_candidate,raw:knowledge/raw/brooks/transcribed_v2/al_brooks_price_action_course_v2/units/video_015D_breakouts_second_leg_traps_strong_breakouts.md;raw:knowledge/raw/brooks/transcribed_v2/al_brooks_price_action_course_v2/units/video_015A_breakouts_definition_80_rule_reversal_tr.md;raw:knowledge/raw/brooks/transcribed_v2/al_brooks_price_action_course_v2/units/video_015B_breakouts_follow_through_reversal_small_start.md;raw:knowledge/raw/youtube/fangfangtu/transcripts/Price_Action方方土.pdf;raw:knowledge/raw/youtube/fangfangtu/transcripts/Price_Action方方土.pdf;raw:knowledge/raw/notes/方方土视频笔记-突破.pdf;raw:knowledge/raw/notes/方方土视频笔记-突破.pdf,reports/strategy_lab/m10_price_action_strategy_refresh/backtest_specs/M10-PA-002.json,M12.12.daily_observation_loop,M10-PA-002,突破后续跟进,XLK,1d
2026-05-05T10:20:00,trigger_candidate,8d41ad53a5bb67913a257db82af508556c9aaf0c5d60d1c8e6cc0caa559369a2,native_current_session_5m_cache,local_data/longbridge_intraday/us_XLK_5m_2026-05-05_2026-05-05_longbridge.csv,2026-05-05T17:15:30Z,165.0300,1.5100,163.5200,166.3000,US,"Opening range breakout proxy found in recorded local cache; observe only, no execution.",eligible_for_read_only_observation,needs_read_only_bar_close_review,medium,m12.scanner-candidate.v1,long,readonly_observation_candidate,raw:knowledge/raw/brooks/transcribed_v2/al_brooks_price_action_course_v2/units/video_048D_breakout_mode_opening_range.md;raw:knowledge/raw/brooks/transcribed_v2/al_brooks_price_action_course_v2/units/video_008C_candles_ttr_ii_ioi_breakout_mode.md;raw:knowledge/raw/brooks/transcribed_v2/al_brooks_price_action_course_v2/units/video_026A_triangles_ttr_wedges_flags_reversal_or_continuation.md,reports/strategy_lab/m10_price_action_strategy_refresh/backtest_specs/M10-PA-012.json,M12.12.daily_observation_loop,M10-PA-012,开盘区间突破,XLK,5m
2026-05-05T16:00:00-04:00,trigger_candidate,98fd48cf3e646ca679867d54b5da11790373544f9c47205939ab2223b223b93b,native_daily_cache,local_data/longbridge_history/us_XLK_1d_2010-06-29_2026-05-05_longbridge.csv,2026-05-05T17:15:30Z,165.58,2.06,163.52,169.70,US,日线市场周期和信号K确认同时出现；只做模拟观察。,eligible_for_read_only_observation,needs_read_only_bar_close_review,medium,m12.daily-candidate.v1,long,readonly_observation_candidate,wiki:knowledge/wiki/sources/fangfangtu-market-cycle-note.md;raw:knowledge/raw/notes/方方土视频笔记 - 市场周期.pdf;wiki:knowledge/wiki/sources/fangfangtu-signal-bar-entry-note.md;raw:knowledge/raw/notes/方方土视频笔记 - 信号K线 & 入场.pdf,reports/strategy_lab/m10_price_action_strategy_refresh/daily_observation/m12_12_loop/m12_12_formal_daily_strategy_spec.json,M12.12.daily_observation_loop,M12-FTD-001,方方土日线趋势顺势信号K,XLK,1d
2026-05-05T10:55:00,trigger_candidate,3983f8d9f0a6897c92dec6005361195fac5dfe5f2a657a710f7169239b97e2e9,native_current_session_5m_cache,local_data/longbridge_intraday/us_XLF_5m_2026-05-05_2026-05-05_longbridge.csv,2026-05-05T17:15:30Z,51.7250,0.3450,51.3800,52.0100,US,"Opening range breakout proxy found in recorded local cache; observe only, no execution.",eligible_for_read_only_observation,needs_read_only_bar_close_review,medium,m12.scanner-candidate.v1,long,readonly_observation_candidate,raw:knowledge/raw/brooks/transcribed_v2/al_brooks_price_action_course_v2/units/video_048D_breakout_mode_opening_range.md;raw:knowledge/raw/brooks/transcribed_v2/al_brooks_price_action_course_v2/units/video_008C_candles_ttr_ii_ioi_breakout_mode.md;raw:knowledge/raw/brooks/transcribed_v2/al_brooks_price_action_course_v2/units/video_026A_triangles_ttr_wedges_flags_reversal_or_continuation.md,reports/strategy_lab/m10_price_action_strategy_refresh/backtest_specs/M10-PA-012.json,M12.12.daily_observation_loop,M10-PA-012,开盘区间突破,XLF,5m
2026-05-05T10:10:00,trigger_candidate,c0efd26a4b18d45ee19ca76e871b6c910a62b704e48ba9eb67d203ee03059275,native_current_session_5m_cache,local_data/longbridge_intraday/us_XLE_5m_2026-05-05_2026-05-05_longbridge.csv,2026-05-05T17:15:30Z,59.5650,0.6750,58.8900,60.1940,US,"Opening range breakout proxy found in recorded local cache; observe only, no execution.",eligible_for_read_only_observation,needs_read_only_bar_close_review,medium,m12.scanner-candidate.v1,long,readonly_observation_candidate,raw:knowledge/raw/brooks/transcribed_v2/al_brooks_price_action_course_v2/units/video_048D_breakout_mode_opening_range.md;raw:knowledge/raw/brooks/transcribed_v2/al_brooks_price_action_course_v2/units/video_008C_candles_ttr_ii_ioi_breakout_mode.md;raw:knowledge/raw/brooks/transcribed_v2/al_brooks_price_action_course_v2/units/video_026A_triangles_ttr_wedges_flags_reversal_or_continuation.md,reports/strategy_lab/m10_price_action_strategy_refresh/backtest_specs/M10-PA-012.json,M12.12.daily_observation_loop,M10-PA-012,开盘区间突破,XLE,5m
2026-05-05T16:00:00-04:00,trigger_candidate,531b7a905002bc978740cbfe6f786b4ad046062a74a1895182717afb2c575b08,native_daily_cache,local_data/longbridge_history/us_XLE_1d_2010-06-29_2026-05-05_longbridge.csv,2026-05-05T17:15:30Z,59.68,0.79,58.89,61.26,US,日线市场周期和信号K确认同时出现；只做模拟观察。,eligible_for_read_only_observation,needs_read_only_bar_close_review,medium,m12.daily-candidate.v1,long,readonly_observation_candidate,wiki:knowledge/wiki/sources/fangfangtu-market-cycle-note.md;raw:knowledge/raw/notes/方方土视频笔记 - 市场周期.pdf;wiki:knowledge/wiki/sources/fangfangtu-signal-bar-entry-note.md;raw:knowledge/raw/notes/方方土视频笔记 - 信号K线 & 入场.pdf,reports/strategy_lab/m10_price_action_strategy_refresh/daily_observation/m12_12_loop/m12_12_formal_daily_strategy_spec.json,M12.12.daily_observation_loop,M12-FTD-001,方方土日线趋势顺势信号K,XLE,1d
2026-05-05T11:00:00,trigger_candidate,16c39160d36e44b05b4583d722c7bab950d7a3ce2bba81f8ea55e8575746f100,native_current_session_5m_cache,local_data/longbridge_intraday/us_XLV_5m_2026-05-05_2026-05-05_longbridge.csv,2026-05-05T17:15:30Z,145.5450,1.1150,144.4300,146.6050,US,"Opening range breakout proxy found in recorded local cache; observe only, no execution.",eligible_for_read_only_observation,needs_read_only_bar_close_review,medium,m12.scanner-candidate.v1,long,readonly_observation_candidate,raw:knowledge/raw/brooks/transcribed_v2/al_brooks_price_action_course_v2/units/video_048D_breakout_mode_opening_range.md;raw:knowledge/raw/brooks/transcribed_v2/al_brooks_price_action_course_v2/units/video_008C_candles_ttr_ii_ioi_breakout_mode.md;raw:knowledge/raw/brooks/transcribed_v2/al_brooks_price_action_course_v2/units/video_026A_triangles_ttr_wedges_flags_reversal_or_continuation.md,reports/strategy_lab/m10_price_action_strategy_refresh/backtest_specs/M10-PA-012.json,M12.12.daily_observation_loop,M10-PA-012,开盘区间突破,XLV,5m
2026-05-05T10:05:00,trigger_candidate,cb70a7a3c04fdbe65289b9657e5358ce7644c054d627b44a12a6534d5ffdd014,native_current_session_5m_cache,local_data/longbridge_intraday/us_XLI_5m_2026-05-05_2026-05-05_longbridge.csv,2026-05-05T17:15:30Z,172.8600,1.6350,171.2250,174.2150,US,"Opening range breakout proxy found in recorded local cache; observe only, no execution.",eligible_for_read_only_observation,needs_read_only_bar_close_review,medium,m12.scanner-candidate.v1,long,readonly_observation_candidate,raw:knowledge/raw/brooks/transcribed_v2/al_brooks_price_action_course_v2/units/video_048D_breakout_mode_opening_range.md;raw:knowledge/raw/brooks/transcribed_v2/al_brooks_price_action_course_v2/units/video_008C_candles_ttr_ii_ioi_breakout_mode.md;raw:knowledge/raw/brooks/transcribed_v2/al_brooks_price_action_course_v2/units/video_026A_triangles_ttr_wedges_flags_reversal_or_continuation.md,reports/strategy_lab/m10_price_action_strategy_refresh/backtest_specs/M10-PA-012.json,M12.12.daily_observation_loop,M10-PA-012,开盘区间突破,XLI,5m
2026-05-05T10:05:00,trigger_candidate,27c7499d9332f234e9658a98cd894a1dab2bc1abf38b823db48132656005ee4b,native_current_session_5m_cache,local_data/longbridge_intraday/us_XLP_5m_2026-05-05_2026-05-05_longbridge.csv,2026-05-05T17:15:30Z,83.7500,0.4700,83.2800,84.1600,US,"Opening range breakout proxy found in recorded local cache; observe only, no execution.",eligible_for_read_only_observation,needs_read_only_bar_close_review,medium,m12.scanner-candidate.v1,long,readonly_observation_candidate,raw:knowledge/raw/brooks/transcribed_v2/al_brooks_price_action_course_v2/units/video_048D_breakout_mode_opening_range.md;raw:knowledge/raw/brooks/transcribed_v2/al_brooks_price_action_course_v2/units/video_008C_candles_ttr_ii_ioi_breakout_mode.md;raw:knowledge/raw/brooks/transcribed_v2/al_brooks_price_action_course_v2/units/video_026A_triangles_ttr_wedges_flags_reversal_or_continuation.md,reports/strategy_lab/m10_price_action_strategy_refresh/backtest_specs/M10-PA-012.json,M12.12.daily_observation_loop,M10-PA-012,开盘区间突破,XLP,5m
2026-05-05T12:00:00,trigger_candidate,90f40eb4422fe2787cb87fc73b030c6ce5ef09f9960a4a39e014b3293d6e8c9f,native_current_session_5m_cache,local_data/longbridge_intraday/us_XLU_5m_2026-05-05_2026-05-05_longbridge.csv,2026-05-05T17:15:30Z,46.6290,0.0390,46.5900,46.7070,US,20-bar breakout proxy matched; follow-through still needs bar-close observation.,eligible_for_read_only_observation,needs_read_only_bar_close_review,low,m12.scanner-candidate.v1,long,readonly_observation_candidate,raw:knowledge/raw/brooks/transcribed_v2/al_brooks_price_action_course_v2/units/video_015D_breakouts_second_leg_traps_strong_breakouts.md;raw:knowledge/raw/brooks/transcribed_v2/al_brooks_price_action_course_v2/units/video_015A_breakouts_definition_80_rule_reversal_tr.md;raw:knowledge/raw/brooks/transcribed_v2/al_brooks_price_action_course_v2/units/video_015B_breakouts_follow_through_reversal_small_start.md;raw:knowledge/raw/youtube/fangfangtu/transcripts/Price_Action方方土.pdf;raw:knowledge/raw/youtube/fangfangtu/transcripts/Price_Action方方土.pdf;raw:knowledge/raw/notes/方方土视频笔记-突破.pdf;raw:knowledge/raw/notes/方方土视频笔记-突破.pdf,reports/strategy_lab/m10_price_action_strategy_refresh/backtest_specs/M10-PA-002.json,M12.12.daily_observation_loop,M10-PA-002,突破后续跟进,XLU,5m
2026-05-05T10:15:00,trigger_candidate,0abba36fdc5402127c52d1bde3fb8fa9263af852501c85256c786b3e4b03a72d,native_current_session_5m_cache,local_data/longbridge_intraday/us_XLC_5m_2026-05-05_2026-05-05_longbridge.csv,2026-05-05T17:15:30Z,115.5300,0.7500,116.2800,114.8400,US,"Opening range breakout proxy found in recorded local cache; observe only, no execution.",eligible_for_read_only_observation,needs_read_only_bar_close_review,medium,m12.scanner-candidate.v1,short,readonly_observation_candidate,raw:knowledge/raw/brooks/transcribed_v2/al_brooks_price_action_course_v2/units/video_048D_breakout_mode_opening_range.md;raw:knowledge/raw/brooks/transcribed_v2/al_brooks_price_action_course_v2/units/video_008C_candles_ttr_ii_ioi_breakout_mode.md;raw:knowledge/raw/brooks/transcribed_v2/al_brooks_price_action_course_v2/units/video_026A_triangles_ttr_wedges_flags_reversal_or_continuation.md,reports/strategy_lab/m10_price_action_strategy_refresh/backtest_specs/M10-PA-012.json,M12.12.daily_observation_loop,M10-PA-012,开盘区间突破,XLC,5m
2026-05-05T16:00:00-04:00,trigger_candidate,12afd808977cc8374ea45946e10114325356039aaa76a9488c12e526c2aca79d,native_daily_cache,local_data/longbridge_history/us_XLC_1d_2010-06-29_2026-05-05_longbridge.csv,2026-05-05T17:15:30Z,115.28,1.00,116.28,113.28,US,日线市场周期和信号K确认同时出现；只做模拟观察。,eligible_for_read_only_observation,needs_read_only_bar_close_review,medium,m12.daily-candidate.v1,short,readonly_observation_candidate,wiki:knowledge/wiki/sources/fangfangtu-market-cycle-note.md;raw:knowledge/raw/notes/方方土视频笔记 - 市场周期.pdf;wiki:knowledge/wiki/sources/fangfangtu-signal-bar-entry-note.md;raw:knowledge/raw/notes/方方土视频笔记 - 信号K线 & 入场.pdf,reports/strategy_lab/m10_price_action_strategy_refresh/daily_observation/m12_12_loop/m12_12_formal_daily_strategy_spec.json,M12.12.daily_observation_loop,M12-FTD-001,方方土日线趋势顺势信号K,XLC,1d
2026-05-05T16:00:00-04:00,watch_candidate,4e6a462dcfa1151683998eb25517f77fa02e903c742d2ae08eadcb5d226db1e4,native_daily_cache,local_data/longbridge_history/us_XLB_1d_2010-06-29_2026-05-05_longbridge.csv,2026-05-05T17:15:30Z,51.6950,1.1950,50.5000,54.0850,US,Trend and pullback proxy found; requires bar-by-bar confirmation before any future status change.,eligible_for_read_only_observation,needs_read_only_bar_close_review,high,m12.scanner-candidate.v1,long,readonly_observation_candidate,raw:knowledge/raw/brooks/transcribed_v2/al_brooks_price_action_course_v2/units/video_009A_pullbacks_bar_counting_basics_high_low_1_2.md;raw:knowledge/raw/brooks/transcribed_v2/al_brooks_price_action_course_v2/units/video_009C_pullbacks_endless_higher_lower_timeframes_countertrend_exit.md;raw:knowledge/raw/brooks/transcribed_v2/al_brooks_price_action_course_v2/units/video_014E_trends_tight_channel_small_pullback.md;raw:knowledge/raw/youtube/fangfangtu/transcripts/Price_Action方方土.pdf;raw:knowledge/raw/youtube/fangfangtu/transcripts/Price_Action方方土.pdf;raw:knowledge/raw/notes/方方土视频笔记 - 回调&数K线.pdf;raw:knowledge/raw/notes/方方土视频笔记 - 市场周期.pdf,reports/strategy_lab/m10_price_action_strategy_refresh/backtest_specs/M10-PA-001.json,M12.12.daily_observation_loop,M10-PA-001,趋势回调二次入场,XLB,1d
2026-05-05T12:00:00,trigger_candidate,56e41c67b9d380b7e686cfde68c23035fd68371ef7ecce40fd29dbb1744d2697,native_current_session_5m_cache,local_data/longbridge_intraday/us_XLB_5m_2026-05-05_2026-05-05_longbridge.csv,2026-05-05T17:15:30Z,51.6900,0.0700,51.6200,51.8300,US,20-bar breakout proxy matched; follow-through still needs bar-close observation.,eligible_for_read_only_observation,needs_read_only_bar_close_review,low,m12.scanner-candidate.v1,long,readonly_observation_candidate,raw:knowledge/raw/brooks/transcribed_v2/al_brooks_price_action_course_v2/units/video_015D_breakouts_second_leg_traps_strong_breakouts.md;raw:knowledge/raw/brooks/transcribed_v2/al_brooks_price_action_course_v2/units/video_015A_breakouts_definition_80_rule_reversal_tr.md;raw:knowledge/raw/brooks/transcribed_v2/al_brooks_price_action_course_v2/units/video_015B_breakouts_follow_through_reversal_small_start.md;raw:knowledge/raw/youtube/fangfangtu/transcripts/Price_Action方方土.pdf;raw:knowledge/raw/youtube/fangfangtu/transcripts/Price_Action方方土.pdf;raw:knowledge/raw/notes/方方土视频笔记-突破.pdf;raw:knowledge/raw/notes/方方土视频笔记-突破.pdf,reports/strategy_lab/m10_price_action_strategy_refresh/backtest_specs/M10-PA-002.json,M12.12.daily_observation_loop,M10-PA-002,突破后续跟进,XLB,5m
2026-05-05T10:00:00,trigger_candidate,56e41c67b9d380b7e686cfde68c23035fd68371ef7ecce40fd29dbb1744d2697,native_current_session_5m_cache,local_data/longbridge_intraday/us_XLB_5m_2026-05-05_2026-05-05_longbridge.csv,2026-05-05T17:15:30Z,51.2700,0.3760,50.8940,51.6060,US,"Opening range breakout proxy found in recorded local cache; observe only, no execution.",eligible_for_read_only_observation,needs_read_only_bar_close_review,medium,m12.scanner-candidate.v1,long,readonly_observation_candidate,raw:knowledge/raw/brooks/transcribed_v2/al_brooks_price_action_course_v2/units/video_048D_breakout_mode_opening_range.md;raw:knowledge/raw/brooks/transcribed_v2/al_brooks_price_action_course_v2/units/video_008C_candles_ttr_ii_ioi_breakout_mode.md;raw:knowledge/raw/brooks/transcribed_v2/al_brooks_price_action_course_v2/units/video_026A_triangles_ttr_wedges_flags_reversal_or_continuation.md,reports/strategy_lab/m10_price_action_strategy_refresh/backtest_specs/M10-PA-012.json,M12.12.daily_observation_loop,M10-PA-012,开盘区间突破,XLB,5m
2026-05-05T16:00:00-04:00,trigger_candidate,151a131bea2a701db8728a7a092153fe094f9074f484d6a165d5845090816733,native_daily_cache,local_data/longbridge_history/us_SMH_1d_2010-06-29_2026-05-05_longbridge.csv,2026-05-05T17:15:30Z,524.9100,10.7900,514.1200,546.4900,US,20-bar breakout proxy matched; follow-through still needs bar-close observation.,eligible_for_read_only_observation,needs_read_only_bar_close_review,high,m12.scanner-candidate.v1,long,readonly_observation_candidate,raw:knowledge/raw/brooks/transcribed_v2/al_brooks_price_action_course_v2/units/video_015D_breakouts_second_leg_traps_strong_breakouts.md;raw:knowledge/raw/brooks/transcribed_v2/al_brooks_price_action_course_v2/units/video_015A_breakouts_definition_80_rule_reversal_tr.md;raw:knowledge/raw/brooks/transcribed_v2/al_brooks_price_action_course_v2/units/video_015B_breakouts_follow_through_reversal_small_start.md;raw:knowledge/raw/youtube/fangfangtu/transcripts/Price_Action方方土.pdf;raw:knowledge/raw/youtube/fangfangtu/transcripts/Price_Action方方土.pdf;raw:knowledge/raw/notes/方方土视频笔记-突破.pdf;raw:knowledge/raw/notes/方方土视频笔记-突破.pdf,reports/strategy_lab/m10_price_action_strategy_refresh/backtest_specs/M10-PA-002.json,M12.12.daily_observation_loop,M10-PA-002,突破后续跟进,SMH,1d
2026-05-05T10:20:00,trigger_candidate,ca2ba33466765467f11fe5409bc87b7d91960a6e360a789806231eccb62c2139,native_current_session_5m_cache,local_data/longbridge_intraday/us_SMH_5m_2026-05-05_2026-05-05_longbridge.csv,2026-05-05T17:15:30Z,520.7000,6.5800,514.1200,526.7700,US,"Opening range breakout proxy found in recorded local cache; observe only, no execution.",eligible_for_read_only_observation,needs_read_only_bar_close_review,medium,m12.scanner-candidate.v1,long,readonly_observation_candidate,raw:knowledge/raw/brooks/transcribed_v2/al_brooks_price_action_course_v2/units/video_048D_breakout_mode_opening_range.md;raw:knowledge/raw/brooks/transcribed_v2/al_brooks_price_action_course_v2/units/video_008C_candles_ttr_ii_ioi_breakout_mode.md;raw:knowledge/raw/brooks/transcribed_v2/al_brooks_price_action_course_v2/units/video_026A_triangles_ttr_wedges_flags_reversal_or_continuation.md,reports/strategy_lab/m10_price_action_strategy_refresh/backtest_specs/M10-PA-012.json,M12.12.daily_observation_loop,M10-PA-012,开盘区间突破,SMH,5m
2026-05-05T16:00:00-04:00,trigger_candidate,67de9654b55eadd325c47f0994820c4f7d7e382bd4a58d53fa4d76c5c9cd09c1,native_daily_cache,local_data/longbridge_history/us_SOXX_1d_2010-06-29_2026-05-05_longbridge.csv,2026-05-05T17:15:30Z,483.9300,13.7000,470.2300,511.3300,US,20-bar breakout proxy matched; follow-through still needs bar-close observation.,eligible_for_read_only_observation,needs_read_only_bar_close_review,high,m12.scanner-candidate.v1,long,readonly_observation_candidate,raw:knowledge/raw/brooks/transcribed_v2/al_brooks_price_action_course_v2/units/video_015D_breakouts_second_leg_traps_strong_breakouts.md;raw:knowledge/raw/brooks/transcribed_v2/al_brooks_price_action_course_v2/units/video_015A_breakouts_definition_80_rule_reversal_tr.md;raw:knowledge/raw/brooks/transcribed_v2/al_brooks_price_action_course_v2/units/video_015B_breakouts_follow_through_reversal_small_start.md;raw:knowledge/raw/youtube/fangfangtu/transcripts/Price_Action方方土.pdf;raw:knowledge/raw/youtube/fangfangtu/transcripts/Price_Action方方土.pdf;raw:knowledge/raw/notes/方方土视频笔记-突破.pdf;raw:knowledge/raw/notes/方方土视频笔记-突破.pdf,reports/strategy_lab/m10_price_action_strategy_refresh/backtest_specs/M10-PA-002.json,M12.12.daily_observation_loop,M10-PA-002,突破后续跟进,SOXX,1d
2026-05-05T10:20:00,trigger_candidate,254f788c7e1dba5bf010aee88e34e2381256e2285b801cff624fb595a21c15c7,native_current_session_5m_cache,local_data/longbridge_intraday/us_SOXX_5m_2026-05-05_2026-05-05_longbridge.csv,2026-05-05T17:15:30Z,478.2700,8.0400,470.2300,485.3700,US,"Opening range breakout proxy found in recorded local cache; observe only, no execution.",eligible_for_read_only_observation,needs_read_only_bar_close_review,high,m12.scanner-candidate.v1,long,readonly_observation_candidate,raw:knowledge/raw/brooks/transcribed_v2/al_brooks_price_action_course_v2/units/video_048D_breakout_mode_opening_range.md;raw:knowledge/raw/brooks/transcribed_v2/al_brooks_price_action_course_v2/units/video_008C_candles_ttr_ii_ioi_breakout_mode.md;raw:knowledge/raw/brooks/transcribed_v2/al_brooks_price_action_course_v2/units/video_026A_triangles_ttr_wedges_flags_reversal_or_continuation.md,reports/strategy_lab/m10_price_action_strategy_refresh/backtest_specs/M10-PA-012.json,M12.12.daily_observation_loop,M10-PA-012,开盘区间突破,SOXX,5m
2026-05-05T16:00:00-04:00,trigger_candidate,88f178eff7b2d2bf05c872e0a1d0d286a01b76bada86d1a065e1d9988a029659,native_daily_cache,local_data/longbridge_history/us_TQQQ_1d_2010-06-29_2026-05-05_longbridge.csv,2026-05-05T17:15:30Z,67.3800,1.1200,66.2600,69.6200,US,20-bar breakout proxy matched; follow-through still needs bar-close observation.,eligible_for_read_only_observation,needs_read_only_bar_close_review,high,m12.scanner-candidate.v1,long,readonly_observation_candidate,raw:knowledge/raw/brooks/transcribed_v2/al_brooks_price_action_course_v2/units/video_015D_breakouts_second_leg_traps_strong_breakouts.md;raw:knowledge/raw/brooks/transcribed_v2/al_brooks_price_action_course_v2/units/video_015A_breakouts_definition_80_rule_reversal_tr.md;raw:knowledge/raw/brooks/transcribed_v2/al_brooks_price_action_course_v2/units/video_015B_breakouts_follow_through_reversal_small_start.md;raw:knowledge/raw/youtube/fangfangtu/transcripts/Price_Action方方土.pdf;raw:knowledge/raw/youtube/fangfangtu/transcripts/Price_Action方方土.pdf;raw:knowledge/raw/notes/方方土视频笔记-突破.pdf;raw:knowledge/raw/notes/方方土视频笔记-突破.pdf,reports/strategy_lab/m10_price_action_strategy_refresh/backtest_specs/M10-PA-002.json,M12.12.daily_observation_loop,M10-PA-002,突破后续跟进,TQQQ,1d
2026-05-05T10:25:00,trigger_candidate,1f4e4a080c30cc58d94e81aea0e14618aaac997a8a93ed45b8632b6f31049d38,native_current_session_5m_cache,local_data/longbridge_intraday/us_TQQQ_5m_2026-05-05_2026-05-05_longbridge.csv,2026-05-05T17:15:30Z,67.2950,1.0350,66.2600,68.2730,US,"Opening range breakout proxy found in recorded local cache; observe only, no execution.",eligible_for_read_only_observation,needs_read_only_bar_close_review,high,m12.scanner-candidate.v1,long,readonly_observation_candidate,raw:knowledge/raw/brooks/transcribed_v2/al_brooks_price_action_course_v2/units/video_048D_breakout_mode_opening_range.md;raw:knowledge/raw/brooks/transcribed_v2/al_brooks_price_action_course_v2/units/video_008C_candles_ttr_ii_ioi_breakout_mode.md;raw:knowledge/raw/brooks/transcribed_v2/al_brooks_price_action_course_v2/units/video_026A_triangles_ttr_wedges_flags_reversal_or_continuation.md,reports/strategy_lab/m10_price_action_strategy_refresh/backtest_specs/M10-PA-012.json,M12.12.daily_observation_loop,M10-PA-012,开盘区间突破,TQQQ,5m
2026-05-05T16:00:00-04:00,trigger_candidate,dd319a91bc9023e9d81f709084b3c4486aa62c67402c4d46b2f7f5343f6d3fe6,native_daily_cache,local_data/longbridge_history/us_SQQQ_1d_2010-06-29_2026-05-05_longbridge.csv,2026-05-05T17:15:30Z,48.6200,0.8700,49.4900,46.8800,US,20-bar breakout proxy matched; follow-through still needs bar-close observation.,eligible_for_read_only_observation,needs_read_only_bar_close_review,high,m12.scanner-candidate.v1,short,readonly_observation_candidate,raw:knowledge/raw/brooks/transcribed_v2/al_brooks_price_action_course_v2/units/video_015D_breakouts_second_leg_traps_strong_breakouts.md;raw:knowledge/raw/brooks/transcribed_v2/al_brooks_price_action_course_v2/units/video_015A_breakouts_definition_80_rule_reversal_tr.md;raw:knowledge/raw/brooks/transcribed_v2/al_brooks_price_action_course_v2/units/video_015B_breakouts_follow_through_reversal_small_start.md;raw:knowledge/raw/youtube/fangfangtu/transcripts/Price_Action方方土.pdf;raw:knowledge/raw/youtube/fangfangtu/transcripts/Price_Action方方土.pdf;raw:knowledge/raw/notes/方方土视频笔记-突破.pdf;raw:knowledge/raw/notes/方方土视频笔记-突破.pdf,reports/strategy_lab/m10_price_action_strategy_refresh/backtest_specs/M10-PA-002.json,M12.12.daily_observation_loop,M10-PA-002,突破后续跟进,SQQQ,1d
2026-05-05T10:25:00,trigger_candidate,c2688680ef65b2f8bb520003f4e4258429275553bd5375d4ba7999917b439c82,native_current_session_5m_cache,local_data/longbridge_intraday/us_SQQQ_5m_2026-05-05_2026-05-05_longbridge.csv,2026-05-05T17:15:30Z,48.6700,0.8200,49.4900,47.9000,US,"Opening range breakout proxy found in recorded local cache; observe only, no execution.",eligible_for_read_only_observation,needs_read_only_bar_close_review,high,m12.scanner-candidate.v1,short,readonly_observation_candidate,raw:knowledge/raw/brooks/transcribed_v2/al_brooks_price_action_course_v2/units/video_048D_breakout_mode_opening_range.md;raw:knowledge/raw/brooks/transcribed_v2/al_brooks_price_action_course_v2/units/video_008C_candles_ttr_ii_ioi_breakout_mode.md;raw:knowledge/raw/brooks/transcribed_v2/al_brooks_price_action_course_v2/units/video_026A_triangles_ttr_wedges_flags_reversal_or_continuation.md,reports/strategy_lab/m10_price_action_strategy_refresh/backtest_specs/M10-PA-012.json,M12.12.daily_observation_loop,M10-PA-012,开盘区间突破,SQQQ,5m
2026-05-05T12:00:00,trigger_candidate,478bb513b6b2a29a35144012ddf8311196a864cf355adfc35d566b793f156ab2,native_current_session_5m_cache,local_data/longbridge_intraday/us_GLD_5m_2026-05-05_2026-05-05_longbridge.csv,2026-05-05T17:15:30Z,419.1850,0.2750,419.4600,418.6350,US,20-bar breakout proxy matched; follow-through still needs bar-close observation.,eligible_for_read_only_observation,needs_read_only_bar_close_review,low,m12.scanner-candidate.v1,short,readonly_observation_candidate,raw:knowledge/raw/brooks/transcribed_v2/al_brooks_price_action_course_v2/units/video_015D_breakouts_second_leg_traps_strong_breakouts.md;raw:knowledge/raw/brooks/transcribed_v2/al_brooks_price_action_course_v2/units/video_015A_breakouts_definition_80_rule_reversal_tr.md;raw:knowledge/raw/brooks/transcribed_v2/al_brooks_price_action_course_v2/units/video_015B_breakouts_follow_through_reversal_small_start.md;raw:knowledge/raw/youtube/fangfangtu/transcripts/Price_Action方方土.pdf;raw:knowledge/raw/youtube/fangfangtu/transcripts/Price_Action方方土.pdf;raw:knowledge/raw/notes/方方土视频笔记-突破.pdf;raw:knowledge/raw/notes/方方土视频笔记-突破.pdf,reports/strategy_lab/m10_price_action_strategy_refresh/backtest_specs/M10-PA-002.json,M12.12.daily_observation_loop,M10-PA-002,突破后续跟进,GLD,5m
2026-05-05T10:05:00,trigger_candidate,478bb513b6b2a29a35144012ddf8311196a864cf355adfc35d566b793f156ab2,native_current_session_5m_cache,local_data/longbridge_intraday/us_GLD_5m_2026-05-05_2026-05-05_longbridge.csv,2026-05-05T17:15:30Z,420.8400,1.1300,419.7100,421.9600,US,"Opening range breakout proxy found in recorded local cache; observe only, no execution.",eligible_for_read_only_observation,needs_read_only_bar_close_review,low,m12.scanner-candidate.v1,long,readonly_observation_candidate,raw:knowledge/raw/brooks/transcribed_v2/al_brooks_price_action_course_v2/units/video_048D_breakout_mode_opening_range.md;raw:knowledge/raw/brooks/transcribed_v2/al_brooks_price_action_course_v2/units/video_008C_candles_ttr_ii_ioi_breakout_mode.md;raw:knowledge/raw/brooks/transcribed_v2/al_brooks_price_action_course_v2/units/video_026A_triangles_ttr_wedges_flags_reversal_or_continuation.md,reports/strategy_lab/m10_price_action_strategy_refresh/backtest_specs/M10-PA-012.json,M12.12.daily_observation_loop,M10-PA-012,开盘区间突破,GLD,5m
2026-05-05T10:05:00,trigger_candidate,5e023c15ec332ae1f9f4b5df0d3e6fbfed62f75d80454e0b7cb703fca8f2c2bf,native_current_session_5m_cache,local_data/longbridge_intraday/us_SLV_5m_2026-05-05_2026-05-05_longbridge.csv,2026-05-05T17:15:30Z,66.8750,0.4600,66.4150,67.3090,US,"Opening range breakout proxy found in recorded local cache; observe only, no execution.",eligible_for_read_only_observation,needs_read_only_bar_close_review,medium,m12.scanner-candidate.v1,long,readonly_observation_candidate,raw:knowledge/raw/brooks/transcribed_v2/al_brooks_price_action_course_v2/units/video_048D_breakout_mode_opening_range.md;raw:knowledge/raw/brooks/transcribed_v2/al_brooks_price_action_course_v2/units/video_008C_candles_ttr_ii_ioi_breakout_mode.md;raw:knowledge/raw/brooks/transcribed_v2/al_brooks_price_action_course_v2/units/video_026A_triangles_ttr_wedges_flags_reversal_or_continuation.md,reports/strategy_lab/m10_price_action_strategy_refresh/backtest_specs/M10-PA-012.json,M12.12.daily_observation_loop,M10-PA-012,开盘区间突破,SLV,5m
2026-05-05T10:00:00,trigger_candidate,44f670f7f25ca6619d2457eef4d85867e6f15c821a7589c3f8890d9b5d355227,native_current_session_5m_cache,local_data/longbridge_intraday/us_USO_5m_2026-05-05_2026-05-05_longbridge.csv,2026-05-05T17:15:30Z,143.0700,1.3350,144.4050,142.0950,US,"Opening range breakout proxy found in recorded local cache; observe only, no execution.",eligible_for_read_only_observation,needs_read_only_bar_close_review,medium,m12.scanner-candidate.v1,short,readonly_observation_candidate,raw:knowledge/raw/brooks/transcribed_v2/al_brooks_price_action_course_v2/units/video_048D_breakout_mode_opening_range.md;raw:knowledge/raw/brooks/transcribed_v2/al_brooks_price_action_course_v2/units/video_008C_candles_ttr_ii_ioi_breakout_mode.md;raw:knowledge/raw/brooks/transcribed_v2/al_brooks_price_action_course_v2/units/video_026A_triangles_ttr_wedges_flags_reversal_or_continuation.md,reports/strategy_lab/m10_price_action_strategy_refresh/backtest_specs/M10-PA-012.json,M12.12.daily_observation_loop,M10-PA-012,开盘区间突破,USO,5m
2026-05-05T12:00:00,trigger_candidate,436c55274c49428a5a49932ea1f7929a45babffb6048320a9ac8a2c7d8e6aaf5,native_current_session_5m_cache,local_data/longbridge_intraday/us_TLT_5m_2026-05-05_2026-05-05_longbridge.csv,2026-05-05T17:15:30Z,85.3800,0.0300,85.3500,85.4400,US,20-bar breakout proxy matched; follow-through still needs bar-close observation.,eligible_for_read_only_observation,needs_read_only_bar_close_review,low,m12.scanner-candidate.v1,long,readonly_observation_candidate,raw:knowledge/raw/brooks/transcribed_v2/al_brooks_price_action_course_v2/units/video_015D_breakouts_second_leg_traps_strong_breakouts.md;raw:knowledge/raw/brooks/transcribed_v2/al_brooks_price_action_course_v2/units/video_015A_breakouts_definition_80_rule_reversal_tr.md;raw:knowledge/raw/brooks/transcribed_v2/al_brooks_price_action_course_v2/units/video_015B_breakouts_follow_through_reversal_small_start.md;raw:knowledge/raw/youtube/fangfangtu/transcripts/Price_Action方方土.pdf;raw:knowledge/raw/youtube/fangfangtu/transcripts/Price_Action方方土.pdf;raw:knowledge/raw/notes/方方土视频笔记-突破.pdf;raw:knowledge/raw/notes/方方土视频笔记-突破.pdf,reports/strategy_lab/m10_price_action_strategy_refresh/backtest_specs/M10-PA-002.json,M12.12.daily_observation_loop,M10-PA-002,突破后续跟进,TLT,5m
2026-05-05T10:00:00,trigger_candidate,436c55274c49428a5a49932ea1f7929a45babffb6048320a9ac8a2c7d8e6aaf5,native_current_session_5m_cache,local_data/longbridge_intraday/us_TLT_5m_2026-05-05_2026-05-05_longbridge.csv,2026-05-05T17:15:30Z,85.2400,0.1200,85.1200,85.3200,US,"Opening range breakout proxy found in recorded local cache; observe only, no execution.",eligible_for_read_only_observation,needs_read_only_bar_close_review,low,m12.scanner-candidate.v1,long,readonly_observation_candidate,raw:knowledge/raw/brooks/transcribed_v2/al_brooks_price_action_course_v2/units/video_048D_breakout_mode_opening_range.md;raw:knowledge/raw/brooks/transcribed_v2/al_brooks_price_action_course_v2/units/video_008C_candles_ttr_ii_ioi_breakout_mode.md;raw:knowledge/raw/brooks/transcribed_v2/al_brooks_price_action_course_v2/units/video_026A_triangles_ttr_wedges_flags_reversal_or_continuation.md,reports/strategy_lab/m10_price_action_strategy_refresh/backtest_specs/M10-PA-012.json,M12.12.daily_observation_loop,M10-PA-012,开盘区间突破,TLT,5m
2026-05-05T10:05:00,trigger_candidate,6064f06d22bf09b72755bb23e49486cd2cfe7be3ec9e29b6d480eaa8d77599cb,native_current_session_5m_cache,local_data/longbridge_intraday/us_HYG_5m_2026-05-05_2026-05-05_longbridge.csv,2026-05-05T17:15:30Z,80.0150,0.1150,79.9000,80.0850,US,"Opening range breakout proxy found in recorded local cache; observe only, no execution.",eligible_for_read_only_observation,needs_read_only_bar_close_review,low,m12.scanner-candidate.v1,long,readonly_observation_candidate,raw:knowledge/raw/brooks/transcribed_v2/al_brooks_price_action_course_v2/units/video_048D_breakout_mode_opening_range.md;raw:knowledge/raw/brooks/transcribed_v2/al_brooks_price_action_course_v2/units/video_008C_candles_ttr_ii_ioi_breakout_mode.md;raw:knowledge/raw/brooks/transcribed_v2/al_brooks_price_action_course_v2/units/video_026A_triangles_ttr_wedges_flags_reversal_or_continuation.md,reports/strategy_lab/m10_price_action_strategy_refresh/backtest_specs/M10-PA-012.json,M12.12.daily_observation_loop,M10-PA-012,开盘区间突破,HYG,5m
2026-05-05T10:00:00,trigger_candidate,03169e4562e453e506668a366f5b059fefd5d36472dfbbdff8df05ff53972041,native_current_session_5m_cache,local_data/longbridge_intraday/us_LQD_5m_2026-05-05_2026-05-05_longbridge.csv,2026-05-05T17:15:30Z,108.6000,0.1900,108.4100,108.7750,US,"Opening range breakout proxy found in recorded local cache; observe only, no execution.",eligible_for_read_only_observation,needs_read_only_bar_close_review,low,m12.scanner-candidate.v1,long,readonly_observation_candidate,raw:knowledge/raw/brooks/transcribed_v2/al_brooks_price_action_course_v2/units/video_048D_breakout_mode_opening_range.md;raw:knowledge/raw/brooks/transcribed_v2/al_brooks_price_action_course_v2/units/video_008C_candles_ttr_ii_ioi_breakout_mode.md;raw:knowledge/raw/brooks/transcribed_v2/al_brooks_price_action_course_v2/units/video_026A_triangles_ttr_wedges_flags_reversal_or_continuation.md,reports/strategy_lab/m10_price_action_strategy_refresh/backtest_specs/M10-PA-012.json,M12.12.daily_observation_loop,M10-PA-012,开盘区间突破,LQD,5m
2026-05-05T16:00:00-04:00,trigger_candidate,7dd7fd3a6910cdb9ebee3049f8fe22c9c69d9954437625ac427d3e0f8b6592fb,native_daily_cache,local_data/longbridge_history/us_EEM_1d_2010-06-29_2026-05-05_longbridge.csv,2026-05-05T17:15:30Z,65.5500,0.6600,64.8900,66.8700,US,20-bar breakout proxy matched; follow-through still needs bar-close observation.,eligible_for_read_only_observation,needs_read_only_bar_close_review,medium,m12.scanner-candidate.v1,long,readonly_observation_candidate,raw:knowledge/raw/brooks/transcribed_v2/al_brooks_price_action_course_v2/units/video_015D_breakouts_second_leg_traps_strong_breakouts.md;raw:knowledge/raw/brooks/transcribed_v2/al_brooks_price_action_course_v2/units/video_015A_breakouts_definition_80_rule_reversal_tr.md;raw:knowledge/raw/brooks/transcribed_v2/al_brooks_price_action_course_v2/units/video_015B_breakouts_follow_through_reversal_small_start.md;raw:knowledge/raw/youtube/fangfangtu/transcripts/Price_Action方方土.pdf;raw:knowledge/raw/youtube/fangfangtu/transcripts/Price_Action方方土.pdf;raw:knowledge/raw/notes/方方土视频笔记-突破.pdf;raw:knowledge/raw/notes/方方土视频笔记-突破.pdf,reports/strategy_lab/m10_price_action_strategy_refresh/backtest_specs/M10-PA-002.json,M12.12.daily_observation_loop,M10-PA-002,突破后续跟进,EEM,1d
2026-05-05T10:05:00,trigger_candidate,7be6060299cc77bcc90102994687748b1a07f064518fb9d46dece16aab96ac17,native_current_session_5m_cache,local_data/longbridge_intraday/us_EEM_5m_2026-05-05_2026-05-05_longbridge.csv,2026-05-05T17:15:30Z,65.3850,0.4950,64.8900,65.7800,US,"Opening range breakout proxy found in recorded local cache; observe only, no execution.",eligible_for_read_only_observation,needs_read_only_bar_close_review,medium,m12.scanner-candidate.v1,long,readonly_observation_candidate,raw:knowledge/raw/brooks/transcribed_v2/al_brooks_price_action_course_v2/units/video_048D_breakout_mode_opening_range.md;raw:knowledge/raw/brooks/transcribed_v2/al_brooks_price_action_course_v2/units/video_008C_candles_ttr_ii_ioi_breakout_mode.md;raw:knowledge/raw/brooks/transcribed_v2/al_brooks_price_action_course_v2/units/video_026A_triangles_ttr_wedges_flags_reversal_or_continuation.md,reports/strategy_lab/m10_price_action_strategy_refresh/backtest_specs/M10-PA-012.json,M12.12.daily_observation_loop,M10-PA-012,开盘区间突破,EEM,5m
2026-05-05T16:00:00-04:00,watch_candidate,4b300ff0ac4684586726b6dbc0a0194c38bbde644523bf97b04cb23a9ee73f40,native_daily_cache,local_data/longbridge_history/us_EFA_1d_2010-06-29_2026-05-05_longbridge.csv,2026-05-05T17:15:30Z,102.0750,2.5700,99.5050,107.2150,US,Trend and pullback proxy found; requires bar-by-bar confirmation before any future status change.,eligible_for_read_only_observation,needs_read_only_bar_close_review,high,m12.scanner-candidate.v1,long,readonly_observation_candidate,raw:knowledge/raw/brooks/transcribed_v2/al_brooks_price_action_course_v2/units/video_009A_pullbacks_bar_counting_basics_high_low_1_2.md;raw:knowledge/raw/brooks/transcribed_v2/al_brooks_price_action_course_v2/units/video_009C_pullbacks_endless_higher_lower_timeframes_countertrend_exit.md;raw:knowledge/raw/brooks/transcribed_v2/al_brooks_price_action_course_v2/units/video_014E_trends_tight_channel_small_pullback.md;raw:knowledge/raw/youtube/fangfangtu/transcripts/Price_Action方方土.pdf;raw:knowledge/raw/youtube/fangfangtu/transcripts/Price_Action方方土.pdf;raw:knowledge/raw/notes/方方土视频笔记 - 回调&数K线.pdf;raw:knowledge/raw/notes/方方土视频笔记 - 市场周期.pdf,reports/strategy_lab/m10_price_action_strategy_refresh/backtest_specs/M10-PA-001.json,M12.12.daily_observation_loop,M10-PA-001,趋势回调二次入场,EFA,1d
2026-05-05T10:15:00,trigger_candidate,78657f3a23ec344c5c99f3164e9c1308cec6bae52e3d9c1de59f30f2844797bb,native_current_session_5m_cache,local_data/longbridge_intraday/us_EFA_5m_2026-05-05_2026-05-05_longbridge.csv,2026-05-05T17:15:30Z,101.3050,0.4200,101.7250,100.9550,US,"Opening range breakout proxy found in recorded local cache; observe only, no execution.",eligible_for_read_only_observation,needs_read_only_bar_close_review,low,m12.scanner-candidate.v1,short,readonly_observation_candidate,raw:knowledge/raw/brooks/transcribed_v2/al_brooks_price_action_course_v2/units/video_048D_breakout_mode_opening_range.md;raw:knowledge/raw/brooks/transcribed_v2/al_brooks_price_action_course_v2/units/video_008C_candles_ttr_ii_ioi_breakout_mode.md;raw:knowledge/raw/brooks/transcribed_v2/al_brooks_price_action_course_v2/units/video_026A_triangles_ttr_wedges_flags_reversal_or_continuation.md,reports/strategy_lab/m10_price_action_strategy_refresh/backtest_specs/M10-PA-012.json,M12.12.daily_observation_loop,M10-PA-012,开盘区间突破,EFA,5m
2026-05-05T12:15:00,trigger_candidate,6a6f8aaafafcc77203b732f7f4236e52108576166c1f2c04112e64fa2d206221,native_current_session_5m_cache,local_data/longbridge_intraday/us_ARKK_5m_2026-05-05_2026-05-05_longbridge.csv,2026-05-05T17:15:30Z,76.6500,0.0800,76.7300,76.4900,US,20-bar breakout proxy matched; follow-through still needs bar-close observation.,eligible_for_read_only_observation,needs_read_only_bar_close_review,low,m12.scanner-candidate.v1,short,readonly_observation_candidate,raw:knowledge/raw/brooks/transcribed_v2/al_brooks_price_action_course_v2/units/video_015D_breakouts_second_leg_traps_strong_breakouts.md;raw:knowledge/raw/brooks/transcribed_v2/al_brooks_price_action_course_v2/units/video_015A_breakouts_definition_80_rule_reversal_tr.md;raw:knowledge/raw/brooks/transcribed_v2/al_brooks_price_action_course_v2/units/video_015B_breakouts_follow_through_reversal_small_start.md;raw:knowledge/raw/youtube/fangfangtu/transcripts/Price_Action方方土.pdf;raw:knowledge/raw/youtube/fangfangtu/transcripts/Price_Action方方土.pdf;raw:knowledge/raw/notes/方方土视频笔记-突破.pdf;raw:knowledge/raw/notes/方方土视频笔记-突破.pdf,reports/strategy_lab/m10_price_action_strategy_refresh/backtest_specs/M10-PA-002.json,M12.12.daily_observation_loop,M10-PA-002,突破后续跟进,ARKK,5m
2026-05-05T11:20:00,trigger_candidate,6a6f8aaafafcc77203b732f7f4236e52108576166c1f2c04112e64fa2d206221,native_current_session_5m_cache,local_data/longbridge_intraday/us_ARKK_5m_2026-05-05_2026-05-05_longbridge.csv,2026-05-05T17:15:30Z,77.1950,1.3150,78.5100,75.9250,US,"Opening range breakout proxy found in recorded local cache; observe only, no execution.",eligible_for_read_only_observation,needs_read_only_bar_close_review,high,m12.scanner-candidate.v1,short,readonly_observation_candidate,raw:knowledge/raw/brooks/transcribed_v2/al_brooks_price_action_course_v2/units/video_048D_breakout_mode_opening_range.md;raw:knowledge/raw/brooks/transcribed_v2/al_brooks_price_action_course_v2/units/video_008C_candles_ttr_ii_ioi_breakout_mode.md;raw:knowledge/raw/brooks/transcribed_v2/al_brooks_price_action_course_v2/units/video_026A_triangles_ttr_wedges_flags_reversal_or_continuation.md,reports/strategy_lab/m10_price_action_strategy_refresh/backtest_specs/M10-PA-012.json,M12.12.daily_observation_loop,M10-PA-012,开盘区间突破,ARKK,5m
2026-05-05T16:00:00-04:00,watch_candidate,b5b2491fb88a1a79f899dc927d3fce00645bcf97e822ea679b8af0cc06a72daa,native_daily_cache,local_data/longbridge_history/us_AAPL_1d_2010-06-29_2026-05-05_longbridge.csv,2026-05-05T17:15:30Z,283.2100,18.1400,265.0700,319.4900,US,Trend and pullback proxy found; requires bar-by-bar confirmation before any future status change.,eligible_for_read_only_observation,needs_read_only_bar_close_review,high,m12.scanner-candidate.v1,long,readonly_observation_candidate,raw:knowledge/raw/brooks/transcribed_v2/al_brooks_price_action_course_v2/units/video_009A_pullbacks_bar_counting_basics_high_low_1_2.md;raw:knowledge/raw/brooks/transcribed_v2/al_brooks_price_action_course_v2/units/video_009C_pullbacks_endless_higher_lower_timeframes_countertrend_exit.md;raw:knowledge/raw/brooks/transcribed_v2/al_brooks_price_action_course_v2/units/video_014E_trends_tight_channel_small_pullback.md;raw:knowledge/raw/youtube/fangfangtu/transcripts/Price_Action方方土.pdf;raw:knowledge/raw/youtube/fangfangtu/transcripts/Price_Action方方土.pdf;raw:knowledge/raw/notes/方方土视频笔记 - 回调&数K线.pdf;raw:knowledge/raw/notes/方方土视频笔记 - 市场周期.pdf,reports/strategy_lab/m10_price_action_strategy_refresh/backtest_specs/M10-PA-001.json,M12.12.daily_observation_loop,M10-PA-001,趋势回调二次入场,AAPL,1d
2026-05-05T10:20:00,trigger_candidate,0f357a54f39264544fafa67ee5be7c2197afddb77af4360651d86b03399c2c20,native_current_session_5m_cache,local_data/longbridge_intraday/us_AAPL_5m_2026-05-05_2026-05-05_longbridge.csv,2026-05-05T17:15:30Z,281.0700,4.5400,276.5300,284.5200,US,"Opening range breakout proxy found in recorded local cache; observe only, no execution.",eligible_for_read_only_observation,needs_read_only_bar_close_review,high,m12.scanner-candidate.v1,long,readonly_observation_candidate,raw:knowledge/raw/brooks/transcribed_v2/al_brooks_price_action_course_v2/units/video_048D_breakout_mode_opening_range.md;raw:knowledge/raw/brooks/transcribed_v2/al_brooks_price_action_course_v2/units/video_008C_candles_ttr_ii_ioi_breakout_mode.md;raw:knowledge/raw/brooks/transcribed_v2/al_brooks_price_action_course_v2/units/video_026A_triangles_ttr_wedges_flags_reversal_or_continuation.md,reports/strategy_lab/m10_price_action_strategy_refresh/backtest_specs/M10-PA-012.json,M12.12.daily_observation_loop,M10-PA-012,开盘区间突破,AAPL,5m
2026-05-05T10:15:00,trigger_candidate,9128292fdd507aa9c651dc00ef0836bf945c9799cbe2b1a09b88983da9989cd3,native_current_session_5m_cache,local_data/longbridge_intraday/us_MSFT_5m_2026-05-05_2026-05-05_longbridge.csv,2026-05-05T17:15:30Z,409.8500,6.9300,416.7800,403.2700,US,"Opening range breakout proxy found in recorded local cache; observe only, no execution.",eligible_for_read_only_observation,needs_read_only_bar_close_review,high,m12.scanner-candidate.v1,short,readonly_observation_candidate,raw:knowledge/raw/brooks/transcribed_v2/al_brooks_price_action_course_v2/units/video_048D_breakout_mode_opening_range.md;raw:knowledge/raw/brooks/transcribed_v2/al_brooks_price_action_course_v2/units/video_008C_candles_ttr_ii_ioi_breakout_mode.md;raw:knowledge/raw/brooks/transcribed_v2/al_brooks_price_action_course_v2/units/video_026A_triangles_ttr_wedges_flags_reversal_or_continuation.md,reports/strategy_lab/m10_price_action_strategy_refresh/backtest_specs/M10-PA-012.json,M12.12.daily_observation_loop,M10-PA-012,开盘区间突破,MSFT,5m
2026-05-05T16:00:00-04:00,trigger_candidate,181fc801fcd052381eec120fbe2f6a7cf7755378cbecafba4728b154ba6b828d,native_daily_cache,local_data/longbridge_history/us_MSFT_1d_2010-06-29_2026-05-05_longbridge.csv,2026-05-05T17:15:30Z,408.91,7.87,416.78,393.17,US,日线市场周期和信号K确认同时出现；只做模拟观察。,eligible_for_read_only_observation,needs_read_only_bar_close_review,medium,m12.daily-candidate.v1,short,readonly_observation_candidate,wiki:knowledge/wiki/sources/fangfangtu-market-cycle-note.md;raw:knowledge/raw/notes/方方土视频笔记 - 市场周期.pdf;wiki:knowledge/wiki/sources/fangfangtu-signal-bar-entry-note.md;raw:knowledge/raw/notes/方方土视频笔记 - 信号K线 & 入场.pdf,reports/strategy_lab/m10_price_action_strategy_refresh/daily_observation/m12_12_loop/m12_12_formal_daily_strategy_spec.json,M12.12.daily_observation_loop,M12-FTD-001,方方土日线趋势顺势信号K,MSFT,1d
2026-05-05T10:10:00,trigger_candidate,a781d770ecf03f36a42898b3cb8f6f9b361992a17d09385c2adb19158154b038,native_current_session_5m_cache,local_data/longbridge_intraday/us_NVDA_5m_2026-05-05_2026-05-05_longbridge.csv,2026-05-05T17:15:30Z,197.9150,2.3250,200.2400,195.7850,US,"Opening range breakout proxy found in recorded local cache; observe only, no execution.",eligible_for_read_only_observation,needs_read_only_bar_close_review,medium,m12.scanner-candidate.v1,short,readonly_observation_candidate,raw:knowledge/raw/brooks/transcribed_v2/al_brooks_price_action_course_v2/units/video_048D_breakout_mode_opening_range.md;raw:knowledge/raw/brooks/transcribed_v2/al_brooks_price_action_course_v2/units/video_008C_candles_ttr_ii_ioi_breakout_mode.md;raw:knowledge/raw/brooks/transcribed_v2/al_brooks_price_action_course_v2/units/video_026A_triangles_ttr_wedges_flags_reversal_or_continuation.md,reports/strategy_lab/m10_price_action_strategy_refresh/backtest_specs/M10-PA-012.json,M12.12.daily_observation_loop,M10-PA-012,开盘区间突破,NVDA,5m
2026-05-05T10:10:00,trigger_candidate,82bc51d0fd6e1d6c2913d7c417c0ce8400aca91a93f36b4b9f5d8cf01593a6ce,native_current_session_5m_cache,local_data/longbridge_intraday/us_AMZN_5m_2026-05-05_2026-05-05_longbridge.csv,2026-05-05T17:15:30Z,275.2900,3.2700,278.5600,272.3100,US,"Opening range breakout proxy found in recorded local cache; observe only, no execution.",eligible_for_read_only_observation,needs_read_only_bar_close_review,medium,m12.scanner-candidate.v1,short,readonly_observation_candidate,raw:knowledge/raw/brooks/transcribed_v2/al_brooks_price_action_course_v2/units/video_048D_breakout_mode_opening_range.md;raw:knowledge/raw/brooks/transcribed_v2/al_brooks_price_action_course_v2/units/video_008C_candles_ttr_ii_ioi_breakout_mode.md;raw:knowledge/raw/brooks/transcribed_v2/al_brooks_price_action_course_v2/units/video_026A_triangles_ttr_wedges_flags_reversal_or_continuation.md,reports/strategy_lab/m10_price_action_strategy_refresh/backtest_specs/M10-PA-012.json,M12.12.daily_observation_loop,M10-PA-012,开盘区间突破,AMZN,5m
2026-05-05T16:00:00-04:00,watch_candidate,7a17b18f0cc398c20895a65372de3e8bd3cb04fd30ec09ea5e4d9de4a35b96a1,native_daily_cache,local_data/longbridge_history/us_GOOGL_1d_2010-06-29_2026-05-05_longbridge.csv,2026-05-05T17:15:30Z,392.8200,57.4300,335.3900,507.6800,US,Trend and pullback proxy found; requires bar-by-bar confirmation before any future status change.,eligible_for_read_only_observation,needs_read_only_bar_close_review,high,m12.scanner-candidate.v1,long,readonly_observation_candidate,raw:knowledge/raw/brooks/transcribed_v2/al_brooks_price_action_course_v2/units/video_009A_pullbacks_bar_counting_basics_high_low_1_2.md;raw:knowledge/raw/brooks/transcribed_v2/al_brooks_price_action_course_v2/units/video_009C_pullbacks_endless_higher_lower_timeframes_countertrend_exit.md;raw:knowledge/raw/brooks/transcribed_v2/al_brooks_price_action_course_v2/units/video_014E_trends_tight_channel_small_pullback.md;raw:knowledge/raw/youtube/fangfangtu/transcripts/Price_Action方方土.pdf;raw:knowledge/raw/youtube/fangfangtu/transcripts/Price_Action方方土.pdf;raw:knowledge/raw/notes/方方土视频笔记 - 回调&数K线.pdf;raw:knowledge/raw/notes/方方土视频笔记 - 市场周期.pdf,reports/strategy_lab/m10_price_action_strategy_refresh/backtest_specs/M10-PA-001.json,M12.12.daily_observation_loop,M10-PA-001,趋势回调二次入场,GOOGL,1d
2026-05-05T16:00:00-04:00,watch_candidate,8815004b31dc3d6b70948e70673251b107218b276d45d4c621118fc45a56b264,native_daily_cache,local_data/longbridge_history/us_GOOG_1d_2010-06-29_2026-05-05_longbridge.csv,2026-05-05T17:15:30Z,388.9600,54.9100,334.0500,498.7800,US,Trend and pullback proxy found; requires bar-by-bar confirmation before any future status change.,eligible_for_read_only_observation,needs_read_only_bar_close_review,high,m12.scanner-candidate.v1,long,readonly_observation_candidate,raw:knowledge/raw/brooks/transcribed_v2/al_brooks_price_action_course_v2/units/video_009A_pullbacks_bar_counting_basics_high_low_1_2.md;raw:knowledge/raw/brooks/transcribed_v2/al_brooks_price_action_course_v2/units/video_009C_pullbacks_endless_higher_lower_timeframes_countertrend_exit.md;raw:knowledge/raw/brooks/transcribed_v2/al_brooks_price_action_course_v2/units/video_014E_trends_tight_channel_small_pullback.md;raw:knowledge/raw/youtube/fangfangtu/transcripts/Price_Action方方土.pdf;raw:knowledge/raw/youtube/fangfangtu/transcripts/Price_Action方方土.pdf;raw:knowledge/raw/notes/方方土视频笔记 - 回调&数K线.pdf;raw:knowledge/raw/notes/方方土视频笔记 - 市场周期.pdf,reports/strategy_lab/m10_price_action_strategy_refresh/backtest_specs/M10-PA-001.json,M12.12.daily_observation_loop,M10-PA-001,趋势回调二次入场,GOOG,1d
2026-05-05T16:00:00-04:00,watch_candidate,1a1dbeba65084e855e4b582e5d01d3d902ce0fd6fcd41e11a971438a958b3988,native_daily_cache,local_data/longbridge_history/us_META_1d_2010-06-29_2026-05-05_longbridge.csv,2026-05-05T17:15:30Z,614.3400,14.3400,600.0000,643.0200,US,Trend and pullback proxy found; requires bar-by-bar confirmation before any future status change.,eligible_for_read_only_observation,needs_read_only_bar_close_review,high,m12.scanner-candidate.v1,long,readonly_observation_candidate,raw:knowledge/raw/brooks/transcribed_v2/al_brooks_price_action_course_v2/units/video_009A_pullbacks_bar_counting_basics_high_low_1_2.md;raw:knowledge/raw/brooks/transcribed_v2/al_brooks_price_action_course_v2/units/video_009C_pullbacks_endless_higher_lower_timeframes_countertrend_exit.md;raw:knowledge/raw/brooks/transcribed_v2/al_brooks_price_action_course_v2/units/video_014E_trends_tight_channel_small_pullback.md;raw:knowledge/raw/youtube/fangfangtu/transcripts/Price_Action方方土.pdf;raw:knowledge/raw/youtube/fangfangtu/transcripts/Price_Action方方土.pdf;raw:knowledge/raw/notes/方方土视频笔记 - 回调&数K线.pdf;raw:knowledge/raw/notes/方方土视频笔记 - 市场周期.pdf,reports/strategy_lab/m10_price_action_strategy_refresh/backtest_specs/M10-PA-001.json,M12.12.daily_observation_loop,M10-PA-001,趋势回调二次入场,META,1d
2026-05-05T10:10:00,trigger_candidate,6d4a101c330aefa9ebef7ee72e0a164a7d8001838f832cdbbfec1c668f8284bd,native_current_session_5m_cache,local_data/longbridge_intraday/us_META_5m_2026-05-05_2026-05-05_longbridge.csv,2026-05-05T17:15:30Z,605.1600,9.1800,614.3400,596.6900,US,"Opening range breakout proxy found in recorded local cache; observe only, no execution.",eligible_for_read_only_observation,needs_read_only_bar_close_review,high,m12.scanner-candidate.v1,short,readonly_observation_candidate,raw:knowledge/raw/brooks/transcribed_v2/al_brooks_price_action_course_v2/units/video_048D_breakout_mode_opening_range.md;raw:knowledge/raw/brooks/transcribed_v2/al_brooks_price_action_course_v2/units/video_008C_candles_ttr_ii_ioi_breakout_mode.md;raw:knowledge/raw/brooks/transcribed_v2/al_brooks_price_action_course_v2/units/video_026A_triangles_ttr_wedges_flags_reversal_or_continuation.md,reports/strategy_lab/m10_price_action_strategy_refresh/backtest_specs/M10-PA-012.json,M12.12.daily_observation_loop,M10-PA-012,开盘区间突破,META,5m
2026-05-05T10:35:00,trigger_candidate,4ed8bfb9667d202c3067dd3df558abd165d905c62438f6636be47152aba20ecc,native_current_session_5m_cache,local_data/longbridge_intraday/us_TSLA_5m_2026-05-05_2026-05-05_longbridge.csv,2026-05-05T17:15:30Z,392.6800,9.4100,402.0900,384.6350,US,"Opening range breakout proxy found in recorded local cache; observe only, no execution.",eligible_for_read_only_observation,needs_read_only_bar_close_review,high,m12.scanner-candidate.v1,short,readonly_observation_candidate,raw:knowledge/raw/brooks/transcribed_v2/al_brooks_price_action_course_v2/units/video_048D_breakout_mode_opening_range.md;raw:knowledge/raw/brooks/transcribed_v2/al_brooks_price_action_course_v2/units/video_008C_candles_ttr_ii_ioi_breakout_mode.md;raw:knowledge/raw/brooks/transcribed_v2/al_brooks_price_action_course_v2/units/video_026A_triangles_ttr_wedges_flags_reversal_or_continuation.md,reports/strategy_lab/m10_price_action_strategy_refresh/backtest_specs/M10-PA-012.json,M12.12.daily_observation_loop,M10-PA-012,开盘区间突破,TSLA,5m
2026-05-05T16:00:00-04:00,watch_candidate,a7ead77c4c600d3caad5b6909b59984820784f14df65f37498260f3a20d4713c,native_daily_cache,local_data/longbridge_history/us_AVGO_1d_2010-06-29_2026-05-05_longbridge.csv,2026-05-05T17:15:30Z,429.3000,34.6500,394.6500,498.6000,US,Trend and pullback proxy found; requires bar-by-bar confirmation before any future status change.,eligible_for_read_only_observation,needs_read_only_bar_close_review,high,m12.scanner-candidate.v1,long,readonly_observation_candidate,raw:knowledge/raw/brooks/transcribed_v2/al_brooks_price_action_course_v2/units/video_009A_pullbacks_bar_counting_basics_high_low_1_2.md;raw:knowledge/raw/brooks/transcribed_v2/al_brooks_price_action_course_v2/units/video_009C_pullbacks_endless_higher_lower_timeframes_countertrend_exit.md;raw:knowledge/raw/brooks/transcribed_v2/al_brooks_price_action_course_v2/units/video_014E_trends_tight_channel_small_pullback.md;raw:knowledge/raw/youtube/fangfangtu/transcripts/Price_Action方方土.pdf;raw:knowledge/raw/youtube/fangfangtu/transcripts/Price_Action方方土.pdf;raw:knowledge/raw/notes/方方土视频笔记 - 回调&数K线.pdf;raw:knowledge/raw/notes/方方土视频笔记 - 市场周期.pdf,reports/strategy_lab/m10_price_action_strategy_refresh/backtest_specs/M10-PA-001.json,M12.12.daily_observation_loop,M10-PA-001,趋势回调二次入场,AVGO,1d
2026-05-05T12:20:00,trigger_candidate,e67fe384acd74cde23db704df0e30b6618fbb57adb5e686858e4bb2447ec231f,native_current_session_5m_cache,local_data/longbridge_intraday/us_AVGO_5m_2026-05-05_2026-05-05_longbridge.csv,2026-05-05T17:15:30Z,429.4400,1.0300,428.4100,431.5000,US,20-bar breakout proxy matched; follow-through still needs bar-close observation.,eligible_for_read_only_observation,needs_read_only_bar_close_review,low,m12.scanner-candidate.v1,long,readonly_observation_candidate,raw:knowledge/raw/brooks/transcribed_v2/al_brooks_price_action_course_v2/units/video_015D_breakouts_second_leg_traps_strong_breakouts.md;raw:knowledge/raw/brooks/transcribed_v2/al_brooks_price_action_course_v2/units/video_015A_breakouts_definition_80_rule_reversal_tr.md;raw:knowledge/raw/brooks/transcribed_v2/al_brooks_price_action_course_v2/units/video_015B_breakouts_follow_through_reversal_small_start.md;raw:knowledge/raw/youtube/fangfangtu/transcripts/Price_Action方方土.pdf;raw:knowledge/raw/youtube/fangfangtu/transcripts/Price_Action方方土.pdf;raw:knowledge/raw/notes/方方土视频笔记-突破.pdf;raw:knowledge/raw/notes/方方土视频笔记-突破.pdf,reports/strategy_lab/m10_price_action_strategy_refresh/backtest_specs/M10-PA-002.json,M12.12.daily_observation_loop,M10-PA-002,突破后续跟进,AVGO,5m
2026-05-05T11:10:00,trigger_candidate,e67fe384acd74cde23db704df0e30b6618fbb57adb5e686858e4bb2447ec231f,native_current_session_5m_cache,local_data/longbridge_intraday/us_AVGO_5m_2026-05-05_2026-05-05_longbridge.csv,2026-05-05T17:15:30Z,426.8650,7.1650,419.7000,433.8550,US,"Opening range breakout proxy found in recorded local cache; observe only, no execution.",eligible_for_read_only_observation,needs_read_only_bar_close_review,high,m12.scanner-candidate.v1,long,readonly_observation_candidate,raw:knowledge/raw/brooks/transcribed_v2/al_brooks_price_action_course_v2/units/video_048D_breakout_mode_opening_range.md;raw:knowledge/raw/brooks/transcribed_v2/al_brooks_price_action_course_v2/units/video_008C_candles_ttr_ii_ioi_breakout_mode.md;raw:knowledge/raw/brooks/transcribed_v2/al_brooks_price_action_course_v2/units/video_026A_triangles_ttr_wedges_flags_reversal_or_continuation.md,reports/strategy_lab/m10_price_action_strategy_refresh/backtest_specs/M10-PA-012.json,M12.12.daily_observation_loop,M10-PA-012,开盘区间突破,AVGO,5m
2026-05-05T11:35:00,trigger_candidate,b27125f60643d22a3a3762962fb1b6bf94e621a248b955013088eebf904c0301,native_current_session_5m_cache,local_data/longbridge_intraday/us_AMD_5m_2026-05-05_2026-05-05_longbridge.csv,2026-05-05T17:15:30Z,354.8100,8.5300,346.2800,363.2500,US,"Opening range breakout proxy found in recorded local cache; observe only, no execution.",eligible_for_read_only_observation,needs_read_only_bar_close_review,high,m12.scanner-candidate.v1,long,readonly_observation_candidate,raw:knowledge/raw/brooks/transcribed_v2/al_brooks_price_action_course_v2/units/video_048D_breakout_mode_opening_range.md;raw:knowledge/raw/brooks/transcribed_v2/al_brooks_price_action_course_v2/units/video_008C_candles_ttr_ii_ioi_breakout_mode.md;raw:knowledge/raw/brooks/transcribed_v2/al_brooks_price_action_course_v2/units/video_026A_triangles_ttr_wedges_flags_reversal_or_continuation.md,reports/strategy_lab/m10_price_action_strategy_refresh/backtest_specs/M10-PA-012.json,M12.12.daily_observation_loop,M10-PA-012,开盘区间突破,AMD,5m
2026-05-05T16:00:00-04:00,trigger_candidate,352e65aa5cbf859dfa007d33c1581ea0946ab13c7af5a0a3fa95ffe5b3b11926,native_daily_cache,local_data/longbridge_history/us_INTC_1d_2010-06-29_2026-05-05_longbridge.csv,2026-05-05T17:15:30Z,108.0460,7.9660,100.0800,123.9780,US,20-bar breakout proxy matched; follow-through still needs bar-close observation.,eligible_for_read_only_observation,needs_read_only_bar_close_review,high,m12.scanner-candidate.v1,long,readonly_observation_candidate,raw:knowledge/raw/brooks/transcribed_v2/al_brooks_price_action_course_v2/units/video_015D_breakouts_second_leg_traps_strong_breakouts.md;raw:knowledge/raw/brooks/transcribed_v2/al_brooks_price_action_course_v2/units/video_015A_breakouts_definition_80_rule_reversal_tr.md;raw:knowledge/raw/brooks/transcribed_v2/al_brooks_price_action_course_v2/units/video_015B_breakouts_follow_through_reversal_small_start.md;raw:knowledge/raw/youtube/fangfangtu/transcripts/Price_Action方方土.pdf;raw:knowledge/raw/youtube/fangfangtu/transcripts/Price_Action方方土.pdf;raw:knowledge/raw/notes/方方土视频笔记-突破.pdf;raw:knowledge/raw/notes/方方土视频笔记-突破.pdf,reports/strategy_lab/m10_price_action_strategy_refresh/backtest_specs/M10-PA-002.json,M12.12.daily_observation_loop,M10-PA-002,突破后续跟进,INTC,1d
2026-05-05T10:15:00,trigger_candidate,040d0ccc22748933477855472228918e2ecc3856fd8fb6e5f67ff21953aa96bb,native_current_session_5m_cache,local_data/longbridge_intraday/us_INTC_5m_2026-05-05_2026-05-05_longbridge.csv,2026-05-05T17:15:30Z,107.7100,7.6100,100.1000,114.8800,US,"Opening range breakout proxy found in recorded local cache; observe only, no execution.",eligible_for_read_only_observation,needs_read_only_bar_close_review,high,m12.scanner-candidate.v1,long,readonly_observation_candidate,raw:knowledge/raw/brooks/transcribed_v2/al_brooks_price_action_course_v2/units/video_048D_breakout_mode_opening_range.md;raw:knowledge/raw/brooks/transcribed_v2/al_brooks_price_action_course_v2/units/video_008C_candles_ttr_ii_ioi_breakout_mode.md;raw:knowledge/raw/brooks/transcribed_v2/al_brooks_price_action_course_v2/units/video_026A_triangles_ttr_wedges_flags_reversal_or_continuation.md,reports/strategy_lab/m10_price_action_strategy_refresh/backtest_specs/M10-PA-012.json,M12.12.daily_observation_loop,M10-PA-012,开盘区间突破,INTC,5m
2026-05-05T16:00:00-04:00,trigger_candidate,09321bf2428de5ea9f93420ca10c54c068b7927b5046de4bfeb108a318409f8f,native_daily_cache,local_data/longbridge_history/us_MU_1d_2010-06-29_2026-05-05_longbridge.csv,2026-05-05T17:15:30Z,642.3800,36.9100,605.4700,716.2000,US,20-bar breakout proxy matched; follow-through still needs bar-close observation.,eligible_for_read_only_observation,needs_read_only_bar_close_review,high,m12.scanner-candidate.v1,long,readonly_observation_candidate,raw:knowledge/raw/brooks/transcribed_v2/al_brooks_price_action_course_v2/units/video_015D_breakouts_second_leg_traps_strong_breakouts.md;raw:knowledge/raw/brooks/transcribed_v2/al_brooks_price_action_course_v2/units/video_015A_breakouts_definition_80_rule_reversal_tr.md;raw:knowledge/raw/brooks/transcribed_v2/al_brooks_price_action_course_v2/units/video_015B_breakouts_follow_through_reversal_small_start.md;raw:knowledge/raw/youtube/fangfangtu/transcripts/Price_Action方方土.pdf;raw:knowledge/raw/youtube/fangfangtu/transcripts/Price_Action方方土.pdf;raw:knowledge/raw/notes/方方土视频笔记-突破.pdf;raw:knowledge/raw/notes/方方土视频笔记-突破.pdf,reports/strategy_lab/m10_price_action_strategy_refresh/backtest_specs/M10-PA-002.json,M12.12.daily_observation_loop,M10-PA-002,突破后续跟进,MU,1d
2026-05-05T10:20:00,trigger_candidate,b68e40813ef9d5ae18f2beaa7e9946b479cd1d166d6ef166b5e3177f448c9932,native_current_session_5m_cache,local_data/longbridge_intraday/us_MU_5m_2026-05-05_2026-05-05_longbridge.csv,2026-05-05T17:15:30Z,645.8900,40.4200,605.4700,677.9800,US,"Opening range breakout proxy found in recorded local cache; observe only, no execution.",eligible_for_read_only_observation,needs_read_only_bar_close_review,high,m12.scanner-candidate.v1,long,readonly_observation_candidate,raw:knowledge/raw/brooks/transcribed_v2/al_brooks_price_action_course_v2/units/video_048D_breakout_mode_opening_range.md;raw:knowledge/raw/brooks/transcribed_v2/al_brooks_price_action_course_v2/units/video_008C_candles_ttr_ii_ioi_breakout_mode.md;raw:knowledge/raw/brooks/transcribed_v2/al_brooks_price_action_course_v2/units/video_026A_triangles_ttr_wedges_flags_reversal_or_continuation.md,reports/strategy_lab/m10_price_action_strategy_refresh/backtest_specs/M10-PA-012.json,M12.12.daily_observation_loop,M10-PA-012,开盘区间突破,MU,5m
2026-05-05T16:00:00-04:00,trigger_candidate,09321bf2428de5ea9f93420ca10c54c068b7927b5046de4bfeb108a318409f8f,native_daily_cache,local_data/longbridge_history/us_MU_1d_2010-06-29_2026-05-05_longbridge.csv,2026-05-05T17:15:30Z,651.74,46.27,605.47,744.28,US,日线市场周期和信号K确认同时出现；只做模拟观察。,eligible_for_read_only_observation,needs_read_only_bar_close_review,medium,m12.daily-candidate.v1,long,readonly_observation_candidate,wiki:knowledge/wiki/sources/fangfangtu-market-cycle-note.md;raw:knowledge/raw/notes/方方土视频笔记 - 市场周期.pdf;wiki:knowledge/wiki/sources/fangfangtu-signal-bar-entry-note.md;raw:knowledge/raw/notes/方方土视频笔记 - 信号K线 & 入场.pdf,reports/strategy_lab/m10_price_action_strategy_refresh/daily_observation/m12_12_loop/m12_12_formal_daily_strategy_spec.json,M12.12.daily_observation_loop,M12-FTD-001,方方土日线趋势顺势信号K,MU,1d
2026-05-05T10:00:00,trigger_candidate,397483a80ab1e0a09c4a9ab1f5905baba957466f0c88ab422d36ef64aa3c1731,native_current_session_5m_cache,local_data/longbridge_intraday/us_QCOM_5m_2026-05-05_2026-05-05_longbridge.csv,2026-05-05T17:15:30Z,172.6750,7.8850,164.7900,178.7750,US,"Opening range breakout proxy found in recorded local cache; observe only, no execution.",eligible_for_read_only_observation,needs_read_only_bar_close_review,high,m12.scanner-candidate.v1,long,readonly_observation_candidate,raw:knowledge/raw/brooks/transcribed_v2/al_brooks_price_action_course_v2/units/video_048D_breakout_mode_opening_range.md;raw:knowledge/raw/brooks/transcribed_v2/al_brooks_price_action_course_v2/units/video_008C_candles_ttr_ii_ioi_breakout_mode.md;raw:knowledge/raw/brooks/transcribed_v2/al_brooks_price_action_course_v2/units/video_026A_triangles_ttr_wedges_flags_reversal_or_continuation.md,reports/strategy_lab/m10_price_action_strategy_refresh/backtest_specs/M10-PA-012.json,M12.12.daily_observation_loop,M10-PA-012,开盘区间突破,QCOM,5m
2026-05-05T16:00:00-04:00,watch_candidate,3cfea31c196e050c8acc2abc9775071bfe82533e57476de4bf42274edf51785f,native_daily_cache,local_data/longbridge_history/us_ORCL_1d_2010-06-29_2026-05-05_longbridge.csv,2026-05-05T17:15:30Z,184.3900,24.0600,160.3300,232.5100,US,Trend and pullback proxy found; requires bar-by-bar confirmation before any future status change.,eligible_for_read_only_observation,needs_read_only_bar_close_review,high,m12.scanner-candidate.v1,long,readonly_observation_candidate,raw:knowledge/raw/brooks/transcribed_v2/al_brooks_price_action_course_v2/units/video_009A_pullbacks_bar_counting_basics_high_low_1_2.md;raw:knowledge/raw/brooks/transcribed_v2/al_brooks_price_action_course_v2/units/video_009C_pullbacks_endless_higher_lower_timeframes_countertrend_exit.md;raw:knowledge/raw/brooks/transcribed_v2/al_brooks_price_action_course_v2/units/video_014E_trends_tight_channel_small_pullback.md;raw:knowledge/raw/youtube/fangfangtu/transcripts/Price_Action方方土.pdf;raw:knowledge/raw/youtube/fangfangtu/transcripts/Price_Action方方土.pdf;raw:knowledge/raw/notes/方方土视频笔记 - 回调&数K线.pdf;raw:knowledge/raw/notes/方方土视频笔记 - 市场周期.pdf,reports/strategy_lab/m10_price_action_strategy_refresh/backtest_specs/M10-PA-001.json,M12.12.daily_observation_loop,M10-PA-001,趋势回调二次入场,ORCL,1d
2026-05-05T16:00:00-04:00,trigger_candidate,3cfea31c196e050c8acc2abc9775071bfe82533e57476de4bf42274edf51785f,native_daily_cache,local_data/longbridge_history/us_ORCL_1d_2010-06-29_2026-05-05_longbridge.csv,2026-05-05T17:15:30Z,184.39,5.39,179.00,195.17,US,日线市场周期和信号K确认同时出现；只做模拟观察。,eligible_for_read_only_observation,needs_read_only_bar_close_review,medium,m12.daily-candidate.v1,long,readonly_observation_candidate,wiki:knowledge/wiki/sources/fangfangtu-market-cycle-note.md;raw:knowledge/raw/notes/方方土视频笔记 - 市场周期.pdf;wiki:knowledge/wiki/sources/fangfangtu-signal-bar-entry-note.md;raw:knowledge/raw/notes/方方土视频笔记 - 信号K线 & 入场.pdf,reports/strategy_lab/m10_price_action_strategy_refresh/daily_observation/m12_12_loop/m12_12_formal_daily_strategy_spec.json,M12.12.daily_observation_loop,M12-FTD-001,方方土日线趋势顺势信号K,ORCL,1d
2026-05-05T16:00:00-04:00,watch_candidate,ea9ca48167143f659795dd744606d2b4db04fad9fe5862f6cbe8e044e239d990,native_daily_cache,local_data/longbridge_history/us_CRM_1d_2010-06-29_2026-05-05_longbridge.csv,2026-05-05T17:15:30Z,181.1000,9.2100,190.3100,162.6800,US,Trend and pullback proxy found; requires bar-by-bar confirmation before any future status change.,eligible_for_read_only_observation,needs_read_only_bar_close_review,high,m12.scanner-candidate.v1,short,readonly_observation_candidate,raw:knowledge/raw/brooks/transcribed_v2/al_brooks_price_action_course_v2/units/video_009A_pullbacks_bar_counting_basics_high_low_1_2.md;raw:knowledge/raw/brooks/transcribed_v2/al_brooks_price_action_course_v2/units/video_009C_pullbacks_endless_higher_lower_timeframes_countertrend_exit.md;raw:knowledge/raw/brooks/transcribed_v2/al_brooks_price_action_course_v2/units/video_014E_trends_tight_channel_small_pullback.md;raw:knowledge/raw/youtube/fangfangtu/transcripts/Price_Action方方土.pdf;raw:knowledge/raw/youtube/fangfangtu/transcripts/Price_Action方方土.pdf;raw:knowledge/raw/notes/方方土视频笔记 - 回调&数K线.pdf;raw:knowledge/raw/notes/方方土视频笔记 - 市场周期.pdf,reports/strategy_lab/m10_price_action_strategy_refresh/backtest_specs/M10-PA-001.json,M12.12.daily_observation_loop,M10-PA-001,趋势回调二次入场,CRM,1d
2026-05-05T10:55:00,trigger_candidate,5400f7b4d0664aa3baed800608663d2944c076829dc952cd4422d7a8e6597a29,native_current_session_5m_cache,local_data/longbridge_intraday/us_CRM_5m_2026-05-05_2026-05-05_longbridge.csv,2026-05-05T17:15:30Z,185.7550,4.6550,181.1000,190.0550,US,"Opening range breakout proxy found in recorded local cache; observe only, no execution.",eligible_for_read_only_observation,needs_read_only_bar_close_review,high,m12.scanner-candidate.v1,long,readonly_observation_candidate,raw:knowledge/raw/brooks/transcribed_v2/al_brooks_price_action_course_v2/units/video_048D_breakout_mode_opening_range.md;raw:knowledge/raw/brooks/transcribed_v2/al_brooks_price_action_course_v2/units/video_008C_candles_ttr_ii_ioi_breakout_mode.md;raw:knowledge/raw/brooks/transcribed_v2/al_brooks_price_action_course_v2/units/video_026A_triangles_ttr_wedges_flags_reversal_or_continuation.md,reports/strategy_lab/m10_price_action_strategy_refresh/backtest_specs/M10-PA-012.json,M12.12.daily_observation_loop,M10-PA-012,开盘区间突破,CRM,5m
2026-05-05T10:55:00,trigger_candidate,62047179693b8ca0e4d34d54df76c4bcd56b6e59ee26264ef76a6259a918f479,native_current_session_5m_cache,local_data/longbridge_intraday/us_ADBE_5m_2026-05-05_2026-05-05_longbridge.csv,2026-05-05T17:15:30Z,254.2500,5.7500,248.5000,259.6600,US,"Opening range breakout proxy found in recorded local cache; observe only, no execution.",eligible_for_read_only_observation,needs_read_only_bar_close_review,high,m12.scanner-candidate.v1,long,readonly_observation_candidate,raw:knowledge/raw/brooks/transcribed_v2/al_brooks_price_action_course_v2/units/video_048D_breakout_mode_opening_range.md;raw:knowledge/raw/brooks/transcribed_v2/al_brooks_price_action_course_v2/units/video_008C_candles_ttr_ii_ioi_breakout_mode.md;raw:knowledge/raw/brooks/transcribed_v2/al_brooks_price_action_course_v2/units/video_026A_triangles_ttr_wedges_flags_reversal_or_continuation.md,reports/strategy_lab/m10_price_action_strategy_refresh/backtest_specs/M10-PA-012.json,M12.12.daily_observation_loop,M10-PA-012,开盘区间突破,ADBE,5m
2026-05-05T16:00:00-04:00,watch_candidate,17460f8597c8404ee4a7434badcf4359c2d49614d026fcea3934d4c293e0bfdd,native_daily_cache,local_data/longbridge_history/us_NOW_1d_2010-06-29_2026-05-05_longbridge.csv,2026-05-05T17:15:30Z,89.1400,6.4800,95.6200,76.1800,US,Trend and pullback proxy found; requires bar-by-bar confirmation before any future status change.,eligible_for_read_only_observation,needs_read_only_bar_close_review,high,m12.scanner-candidate.v1,short,readonly_observation_candidate,raw:knowledge/raw/brooks/transcribed_v2/al_brooks_price_action_course_v2/units/video_009A_pullbacks_bar_counting_basics_high_low_1_2.md;raw:knowledge/raw/brooks/transcribed_v2/al_brooks_price_action_course_v2/units/video_009C_pullbacks_endless_higher_lower_timeframes_countertrend_exit.md;raw:knowledge/raw/brooks/transcribed_v2/al_brooks_price_action_course_v2/units/video_014E_trends_tight_channel_small_pullback.md;raw:knowledge/raw/youtube/fangfangtu/transcripts/Price_Action方方土.pdf;raw:knowledge/raw/youtube/fangfangtu/transcripts/Price_Action方方土.pdf;raw:knowledge/raw/notes/方方土视频笔记 - 回调&数K线.pdf;raw:knowledge/raw/notes/方方土视频笔记 - 市场周期.pdf,reports/strategy_lab/m10_price_action_strategy_refresh/backtest_specs/M10-PA-001.json,M12.12.daily_observation_loop,M10-PA-001,趋势回调二次入场,NOW,1d
2026-05-05T16:00:00-04:00,watch_candidate,1947d5e88c7f05406dd41312bf9858fb9a3bbb185f4ec6b93bde92fcbe4e16c4,native_daily_cache,local_data/longbridge_history/us_SNOW_1d_2010-06-29_2026-05-05_longbridge.csv,2026-05-05T17:15:30Z,139.4200,9.7200,149.1400,119.9800,US,Trend and pullback proxy found; requires bar-by-bar confirmation before any future status change.,eligible_for_read_only_observation,needs_read_only_bar_close_review,high,m12.scanner-candidate.v1,short,readonly_observation_candidate,raw:knowledge/raw/brooks/transcribed_v2/al_brooks_price_action_course_v2/units/video_009A_pullbacks_bar_counting_basics_high_low_1_2.md;raw:knowledge/raw/brooks/transcribed_v2/al_brooks_price_action_course_v2/units/video_009C_pullbacks_endless_higher_lower_timeframes_countertrend_exit.md;raw:knowledge/raw/brooks/transcribed_v2/al_brooks_price_action_course_v2/units/video_014E_trends_tight_channel_small_pullback.md;raw:knowledge/raw/youtube/fangfangtu/transcripts/Price_Action方方土.pdf;raw:knowledge/raw/youtube/fangfangtu/transcripts/Price_Action方方土.pdf;raw:knowledge/raw/notes/方方土视频笔记 - 回调&数K线.pdf;raw:knowledge/raw/notes/方方土视频笔记 - 市场周期.pdf,reports/strategy_lab/m10_price_action_strategy_refresh/backtest_specs/M10-PA-001.json,M12.12.daily_observation_loop,M10-PA-001,趋势回调二次入场,SNOW,1d
2026-05-05T16:00:00-04:00,watch_candidate,9465ec284ee0d320677358a5f482d2c36b2de9ad0ae0905560fbed5fa8e7b1e6,native_daily_cache,local_data/longbridge_history/us_PLTR_1d_2010-06-29_2026-05-05_longbridge.csv,2026-05-05T17:15:30Z,134.7300,14.9100,149.6400,104.9100,US,Trend and pullback proxy found; requires bar-by-bar confirmation before any future status change.,eligible_for_read_only_observation,needs_read_only_bar_close_review,high,m12.scanner-candidate.v1,short,readonly_observation_candidate,raw:knowledge/raw/brooks/transcribed_v2/al_brooks_price_action_course_v2/units/video_009A_pullbacks_bar_counting_basics_high_low_1_2.md;raw:knowledge/raw/brooks/transcribed_v2/al_brooks_price_action_course_v2/units/video_009C_pullbacks_endless_higher_lower_timeframes_countertrend_exit.md;raw:knowledge/raw/brooks/transcribed_v2/al_brooks_price_action_course_v2/units/video_014E_trends_tight_channel_small_pullback.md;raw:knowledge/raw/youtube/fangfangtu/transcripts/Price_Action方方土.pdf;raw:knowledge/raw/youtube/fangfangtu/transcripts/Price_Action方方土.pdf;raw:knowledge/raw/notes/方方土视频笔记 - 回调&数K线.pdf;raw:knowledge/raw/notes/方方土视频笔记 - 市场周期.pdf,reports/strategy_lab/m10_price_action_strategy_refresh/backtest_specs/M10-PA-001.json,M12.12.daily_observation_loop,M10-PA-001,趋势回调二次入场,PLTR,1d
2026-05-05T10:30:00,trigger_candidate,793ed728bc111eb47449af8154b223211c56e6929d619fe78cc5484fcd67d876,native_current_session_5m_cache,local_data/longbridge_intraday/us_PLTR_5m_2026-05-05_2026-05-05_longbridge.csv,2026-05-05T17:15:30Z,137.2700,5.7100,142.9800,131.8800,US,"Opening range breakout proxy found in recorded local cache; observe only, no execution.",eligible_for_read_only_observation,needs_read_only_bar_close_review,high,m12.scanner-candidate.v1,short,readonly_observation_candidate,raw:knowledge/raw/brooks/transcribed_v2/al_brooks_price_action_course_v2/units/video_048D_breakout_mode_opening_range.md;raw:knowledge/raw/brooks/transcribed_v2/al_brooks_price_action_course_v2/units/video_008C_candles_ttr_ii_ioi_breakout_mode.md;raw:knowledge/raw/brooks/transcribed_v2/al_brooks_price_action_course_v2/units/video_026A_triangles_ttr_wedges_flags_reversal_or_continuation.md,reports/strategy_lab/m10_price_action_strategy_refresh/backtest_specs/M10-PA-012.json,M12.12.daily_observation_loop,M10-PA-012,开盘区间突破,PLTR,5m
