bucket,candidate_schema_version,candidate_status,data_checksum,data_lineage,data_path,direction,hypothetical_entry_price,hypothetical_quantity,hypothetical_stop_price,hypothetical_target_price,is_current_scan_date,latest_price,latest_price_source,notes,queue_action,review_status,risk_level,signal_date,signal_time,simulated_context,simulated_intraday_pnl,simulated_intraday_return_percent,simulated_state,source_refs,spec_ref,strategy_id,strategy_title,symbol,timeframe,has_news_or_earnings_event,news_event_effect,news_direction_alignment,news_priority,high_risk_pause
今日新扫描机会,m12.scanner-candidate.v1,trigger_candidate,9b44ace0e135c4a6c70d7beee21365defd879e849460aea9f7c5548bb4cea0dd,native_current_session_5m_cache,local_data/longbridge_intraday/us_QQQ_5m_2026-04-30_2026-04-30_longbridge.csv,看跌,657.8300,66.8271,665.3120,651.1180,true,663.06,longbridge_quote_readonly,"Opening range breakout proxy found in recorded local cache; observe only, no execution.",eligible_for_read_only_observation,needs_read_only_bar_close_review,medium,2026-04-30,2026-04-30T10:35:00,readonly_observation_candidate,-349.51,-0.35,观察中,raw:knowledge/raw/brooks/transcribed_v2/al_brooks_price_action_course_v2/units/video_048D_breakout_mode_opening_range.md;raw:knowledge/raw/brooks/transcribed_v2/al_brooks_price_action_course_v2/units/video_008C_candles_ttr_ii_ioi_breakout_mode.md;raw:knowledge/raw/brooks/transcribed_v2/al_brooks_price_action_course_v2/units/video_026A_triangles_ttr_wedges_flags_reversal_or_continuation.md,reports/strategy_lab/m10_price_action_strategy_refresh/backtest_specs/M10-PA-012.json,M10-PA-012,开盘区间突破,QQQ,5m,false,none,,普通,false
今日新扫描机会,m12.scanner-candidate.v1,trigger_candidate,2991c4cf74e729005aa1d60ffc1e3c50bab5b161e2a6eace38bbf3314d54e632,native_current_session_5m_cache,local_data/longbridge_intraday/us_IWM_5m_2026-04-30_2026-04-30_longbridge.csv,看涨,274.0000,320.5128,272.4400,275.4500,true,275.94,longbridge_quote_readonly,"Opening range breakout proxy found in recorded local cache; observe only, no execution.",eligible_for_read_only_observation,needs_read_only_bar_close_review,medium,2026-04-30,2026-04-30T10:20:00,readonly_observation_candidate,621.79,0.62,触及目标参考,raw:knowledge/raw/brooks/transcribed_v2/al_brooks_price_action_course_v2/units/video_048D_breakout_mode_opening_range.md;raw:knowledge/raw/brooks/transcribed_v2/al_brooks_price_action_course_v2/units/video_008C_candles_ttr_ii_ioi_breakout_mode.md;raw:knowledge/raw/brooks/transcribed_v2/al_brooks_price_action_course_v2/units/video_026A_triangles_ttr_wedges_flags_reversal_or_continuation.md,reports/strategy_lab/m10_price_action_strategy_refresh/backtest_specs/M10-PA-012.json,M10-PA-012,开盘区间突破,IWM,5m,false,none,,普通,false
今日新扫描机会,m12.scanner-candidate.v1,trigger_candidate,8431c6655ad5d27b6ba0cb794e78260d347691869c340950219b04e259de74d0,native_current_session_5m_cache,local_data/longbridge_intraday/us_DIA_5m_2026-04-30_2026-04-30_longbridge.csv,看涨,492.7300,220.6531,490.4640,494.9710,true,495.89,longbridge_quote_readonly,"Opening range breakout proxy found in recorded local cache; observe only, no execution.",eligible_for_read_only_observation,needs_read_only_bar_close_review,low,2026-04-30,2026-04-30T10:05:00,readonly_observation_candidate,697.26,0.70,触及目标参考,raw:knowledge/raw/brooks/transcribed_v2/al_brooks_price_action_course_v2/units/video_048D_breakout_mode_opening_range.md;raw:knowledge/raw/brooks/transcribed_v2/al_brooks_price_action_course_v2/units/video_008C_candles_ttr_ii_ioi_breakout_mode.md;raw:knowledge/raw/brooks/transcribed_v2/al_brooks_price_action_course_v2/units/video_026A_triangles_ttr_wedges_flags_reversal_or_continuation.md,reports/strategy_lab/m10_price_action_strategy_refresh/backtest_specs/M10-PA-012.json,M10-PA-012,开盘区间突破,DIA,5m,false,none,,普通,false
今日新扫描机会,m12.scanner-candidate.v1,trigger_candidate,127b6a40a96c95fc0a95b2d37b6255d9cfa1c569ad9b66c0375b50841a71ec4d,native_current_session_5m_cache,local_data/longbridge_intraday/us_VTI_5m_2026-04-30_2026-04-30_longbridge.csv,看涨,352.0300,259.0674,350.1000,353.7800,true,352.24,longbridge_quote_readonly,"Opening range breakout proxy found in recorded local cache; observe only, no execution.",eligible_for_read_only_observation,needs_read_only_bar_close_review,medium,2026-04-30,2026-04-30T11:05:00,readonly_observation_candidate,54.40,0.05,观察中,raw:knowledge/raw/brooks/transcribed_v2/al_brooks_price_action_course_v2/units/video_048D_breakout_mode_opening_range.md;raw:knowledge/raw/brooks/transcribed_v2/al_brooks_price_action_course_v2/units/video_008C_candles_ttr_ii_ioi_breakout_mode.md;raw:knowledge/raw/brooks/transcribed_v2/al_brooks_price_action_course_v2/units/video_026A_triangles_ttr_wedges_flags_reversal_or_continuation.md,reports/strategy_lab/m10_price_action_strategy_refresh/backtest_specs/M10-PA-012.json,M10-PA-012,开盘区间突破,VTI,5m,false,none,,普通,false
今日新扫描机会,m12.scanner-candidate.v1,trigger_candidate,808e4248fb525cb070bb7b3ca65231d40f62bfd65cbf414d80c62bda03d85326,native_current_session_5m_cache,local_data/longbridge_intraday/us_XLK_5m_2026-04-30_2026-04-30_longbridge.csv,看跌,157.4200,224.2152,159.6500,155.2400,true,158.44,longbridge_quote_readonly,"Opening range breakout proxy found in recorded local cache; observe only, no execution.",eligible_for_read_only_observation,needs_read_only_bar_close_review,medium,2026-04-30,2026-04-30T10:05:00,readonly_observation_candidate,-227.58,-0.23,观察中,raw:knowledge/raw/brooks/transcribed_v2/al_brooks_price_action_course_v2/units/video_048D_breakout_mode_opening_range.md;raw:knowledge/raw/brooks/transcribed_v2/al_brooks_price_action_course_v2/units/video_008C_candles_ttr_ii_ioi_breakout_mode.md;raw:knowledge/raw/brooks/transcribed_v2/al_brooks_price_action_course_v2/units/video_026A_triangles_ttr_wedges_flags_reversal_or_continuation.md,reports/strategy_lab/m10_price_action_strategy_refresh/backtest_specs/M10-PA-012.json,M10-PA-012,开盘区间突破,XLK,5m,false,none,,普通,false
今日新扫描机会,m12.scanner-candidate.v1,trigger_candidate,721f33be55f3c5c0db19b3d223e4308238641cd79bb9f5b51e25bf9c3488a1ba,native_current_session_5m_cache,local_data/longbridge_intraday/us_XLF_5m_2026-04-30_2026-04-30_longbridge.csv,看涨,52.0450,591.7160,51.2000,52.7400,true,52.10,longbridge_quote_readonly,"Opening range breakout proxy found in recorded local cache; observe only, no execution.",eligible_for_read_only_observation,needs_read_only_bar_close_review,high,2026-04-30,2026-04-30T10:15:00,readonly_observation_candidate,32.54,0.03,观察中,raw:knowledge/raw/brooks/transcribed_v2/al_brooks_price_action_course_v2/units/video_048D_breakout_mode_opening_range.md;raw:knowledge/raw/brooks/transcribed_v2/al_brooks_price_action_course_v2/units/video_008C_candles_ttr_ii_ioi_breakout_mode.md;raw:knowledge/raw/brooks/transcribed_v2/al_brooks_price_action_course_v2/units/video_026A_triangles_ttr_wedges_flags_reversal_or_continuation.md,reports/strategy_lab/m10_price_action_strategy_refresh/backtest_specs/M10-PA-012.json,M10-PA-012,开盘区间突破,XLF,5m,false,none,,普通,false
今日新扫描机会,m12.scanner-candidate.v1,watch_candidate,306bd6e58e8e3e3e0d0b8272de6290a4eb6d0f707571bfdd9d717182fc9b703c,native_daily_cache,local_data/longbridge_history/us_XLE_1d_2010-06-29_2026-04-30_longbridge.csv,看跌,57.9350,425.5319,59.1100,55.5850,true,59.69,longbridge_quote_readonly,Trend and pullback proxy found; requires bar-by-bar confirmation before any future status change.,eligible_for_read_only_observation,needs_read_only_bar_close_review,high,2026-04-30,2026-04-30T16:00:00-04:00,readonly_observation_candidate,-746.81,-0.75,触及止损参考,raw:knowledge/raw/brooks/transcribed_v2/al_brooks_price_action_course_v2/units/video_009A_pullbacks_bar_counting_basics_high_low_1_2.md;raw:knowledge/raw/brooks/transcribed_v2/al_brooks_price_action_course_v2/units/video_009C_pullbacks_endless_higher_lower_timeframes_countertrend_exit.md;raw:knowledge/raw/brooks/transcribed_v2/al_brooks_price_action_course_v2/units/video_014E_trends_tight_channel_small_pullback.md;raw:knowledge/raw/youtube/fangfangtu/transcripts/Price_Action方方土.pdf;raw:knowledge/raw/youtube/fangfangtu/transcripts/Price_Action方方土.pdf;raw:knowledge/raw/notes/方方土视频笔记 - 回调&数K线.pdf;raw:knowledge/raw/notes/方方土视频笔记 - 市场周期.pdf,reports/strategy_lab/m10_price_action_strategy_refresh/backtest_specs/M10-PA-001.json,M10-PA-001,趋势回调二次入场,XLE,1d,false,none,,普通,false
今日新扫描机会,m12.scanner-candidate.v1,trigger_candidate,19a595a0f10bd215bbc74735f25d59f0d20448d12b51017d028ef914df5dbaca,native_current_session_5m_cache,local_data/longbridge_intraday/us_XLE_5m_2026-04-30_2026-04-30_longbridge.csv,看涨,59.2350,384.6154,57.9350,60.4600,true,59.69,longbridge_quote_readonly,"Opening range breakout proxy found in recorded local cache; observe only, no execution.",eligible_for_read_only_observation,needs_read_only_bar_close_review,high,2026-04-30,2026-04-30T10:30:00,readonly_observation_candidate,175.00,0.18,观察中,raw:knowledge/raw/brooks/transcribed_v2/al_brooks_price_action_course_v2/units/video_048D_breakout_mode_opening_range.md;raw:knowledge/raw/brooks/transcribed_v2/al_brooks_price_action_course_v2/units/video_008C_candles_ttr_ii_ioi_breakout_mode.md;raw:knowledge/raw/brooks/transcribed_v2/al_brooks_price_action_course_v2/units/video_026A_triangles_ttr_wedges_flags_reversal_or_continuation.md,reports/strategy_lab/m10_price_action_strategy_refresh/backtest_specs/M10-PA-012.json,M10-PA-012,开盘区间突破,XLE,5m,false,none,,普通,false
今日新扫描机会,m12.daily-candidate.v1,trigger_candidate,306bd6e58e8e3e3e0d0b8272de6290a4eb6d0f707571bfdd9d717182fc9b703c,native_daily_cache,local_data/longbridge_history/us_XLE_1d_2010-06-29_2026-04-30_longbridge.csv,看涨,59.73,279.3296,57.94,63.31,true,59.69,longbridge_quote_readonly,日线市场周期和信号K确认同时出现；只做模拟观察。,eligible_for_read_only_observation,needs_read_only_bar_close_review,medium,2026-04-30,2026-04-30T16:00:00-04:00,readonly_observation_candidate,-11.17,-0.01,观察中,wiki:knowledge/wiki/sources/fangfangtu-market-cycle-note.md;raw:knowledge/raw/notes/方方土视频笔记 - 市场周期.pdf;wiki:knowledge/wiki/sources/fangfangtu-signal-bar-entry-note.md;raw:knowledge/raw/notes/方方土视频笔记 - 信号K线 & 入场.pdf,reports/strategy_lab/m10_price_action_strategy_refresh/daily_observation/m12_12_loop/m12_12_formal_daily_strategy_spec.json,M12-FTD-001,方方土日线趋势顺势信号K,XLE,1d,false,none,,普通,false
今日新扫描机会,m12.scanner-candidate.v1,trigger_candidate,36de52e5b233ece0e4854adc1c2ebf59e06943f2e704a722d040475f1d39e53e,native_current_session_5m_cache,local_data/longbridge_intraday/us_XLV_5m_2026-04-30_2026-04-30_longbridge.csv,看涨,144.9950,383.1418,143.6900,146.0400,true,145.96,longbridge_quote_readonly,"Opening range breakout proxy found in recorded local cache; observe only, no execution.",eligible_for_read_only_observation,needs_read_only_bar_close_review,medium,2026-04-30,2026-04-30T10:05:00,readonly_observation_candidate,367.82,0.37,观察中,raw:knowledge/raw/brooks/transcribed_v2/al_brooks_price_action_course_v2/units/video_048D_breakout_mode_opening_range.md;raw:knowledge/raw/brooks/transcribed_v2/al_brooks_price_action_course_v2/units/video_008C_candles_ttr_ii_ioi_breakout_mode.md;raw:knowledge/raw/brooks/transcribed_v2/al_brooks_price_action_course_v2/units/video_026A_triangles_ttr_wedges_flags_reversal_or_continuation.md,reports/strategy_lab/m10_price_action_strategy_refresh/backtest_specs/M10-PA-012.json,M10-PA-012,开盘区间突破,XLV,5m,false,none,,普通,false
今日新扫描机会,m12.scanner-candidate.v1,watch_candidate,c287297089a1104377354e4b8089a1430799560f65db78b9f9ae2fa1804f0e75,native_daily_cache,local_data/longbridge_history/us_XLI_1d_2010-06-29_2026-04-30_longbridge.csv,看涨,174.1800,101.0101,169.2300,184.0800,true,174.08,longbridge_quote_readonly,Trend and pullback proxy found; requires bar-by-bar confirmation before any future status change.,eligible_for_read_only_observation,needs_read_only_bar_close_review,high,2026-04-30,2026-04-30T16:00:00-04:00,readonly_observation_candidate,-10.10,-0.01,观察中,raw:knowledge/raw/brooks/transcribed_v2/al_brooks_price_action_course_v2/units/video_009A_pullbacks_bar_counting_basics_high_low_1_2.md;raw:knowledge/raw/brooks/transcribed_v2/al_brooks_price_action_course_v2/units/video_009C_pullbacks_endless_higher_lower_timeframes_countertrend_exit.md;raw:knowledge/raw/brooks/transcribed_v2/al_brooks_price_action_course_v2/units/video_014E_trends_tight_channel_small_pullback.md;raw:knowledge/raw/youtube/fangfangtu/transcripts/Price_Action方方土.pdf;raw:knowledge/raw/youtube/fangfangtu/transcripts/Price_Action方方土.pdf;raw:knowledge/raw/notes/方方土视频笔记 - 回调&数K线.pdf;raw:knowledge/raw/notes/方方土视频笔记 - 市场周期.pdf,reports/strategy_lab/m10_price_action_strategy_refresh/backtest_specs/M10-PA-001.json,M10-PA-001,趋势回调二次入场,XLI,1d,false,none,,普通,false
今日新扫描机会,m12.scanner-candidate.v1,trigger_candidate,dc0dd43be29b341c8ac96f7f3178c62769252d8e877f151b019fc7872694db44,native_current_session_5m_cache,local_data/longbridge_intraday/us_XLI_5m_2026-04-30_2026-04-30_longbridge.csv,看涨,172.8300,325.7329,171.2950,174.3350,true,174.08,longbridge_quote_readonly,"Opening range breakout proxy found in recorded local cache; observe only, no execution.",eligible_for_read_only_observation,needs_read_only_bar_close_review,medium,2026-04-30,2026-04-30T10:05:00,readonly_observation_candidate,407.17,0.41,观察中,raw:knowledge/raw/brooks/transcribed_v2/al_brooks_price_action_course_v2/units/video_048D_breakout_mode_opening_range.md;raw:knowledge/raw/brooks/transcribed_v2/al_brooks_price_action_course_v2/units/video_008C_candles_ttr_ii_ioi_breakout_mode.md;raw:knowledge/raw/brooks/transcribed_v2/al_brooks_price_action_course_v2/units/video_026A_triangles_ttr_wedges_flags_reversal_or_continuation.md,reports/strategy_lab/m10_price_action_strategy_refresh/backtest_specs/M10-PA-012.json,M10-PA-012,开盘区间突破,XLI,5m,false,none,,普通,false
今日新扫描机会,m12.scanner-candidate.v1,trigger_candidate,637e98cc7bb160e3e400fa60d3084ad39366fd1bcd2dafdcca4055caaca10f66,native_daily_cache,local_data/longbridge_history/us_XLP_1d_2010-06-29_2026-04-30_longbridge.csv,看涨,84.0800,555.5556,83.1800,85.8800,true,84.06,longbridge_quote_readonly,20-bar breakout proxy matched; follow-through still needs bar-close observation.,eligible_for_read_only_observation,needs_read_only_bar_close_review,medium,2026-04-30,2026-04-30T16:00:00-04:00,readonly_observation_candidate,-8.33,-0.01,观察中,raw:knowledge/raw/brooks/transcribed_v2/al_brooks_price_action_course_v2/units/video_015D_breakouts_second_leg_traps_strong_breakouts.md;raw:knowledge/raw/brooks/transcribed_v2/al_brooks_price_action_course_v2/units/video_015A_breakouts_definition_80_rule_reversal_tr.md;raw:knowledge/raw/brooks/transcribed_v2/al_brooks_price_action_course_v2/units/video_015B_breakouts_follow_through_reversal_small_start.md;raw:knowledge/raw/youtube/fangfangtu/transcripts/Price_Action方方土.pdf;raw:knowledge/raw/youtube/fangfangtu/transcripts/Price_Action方方土.pdf;raw:knowledge/raw/notes/方方土视频笔记-突破.pdf;raw:knowledge/raw/notes/方方土视频笔记-突破.pdf,reports/strategy_lab/m10_price_action_strategy_refresh/backtest_specs/M10-PA-002.json,M10-PA-002,突破后续跟进,XLP,1d,false,none,,普通,false
今日新扫描机会,m12.scanner-candidate.v1,trigger_candidate,0772bc7ff9ca925b06293a56a72843b721e66b6b81b3a1938700abc316d602fb,native_current_session_5m_cache,local_data/longbridge_intraday/us_XLP_5m_2026-04-30_2026-04-30_longbridge.csv,看涨,84.1750,502.5126,83.1800,85.0350,true,84.06,longbridge_quote_readonly,"Opening range breakout proxy found in recorded local cache; observe only, no execution.",eligible_for_read_only_observation,needs_read_only_bar_close_review,medium,2026-04-30,2026-04-30T10:15:00,readonly_observation_candidate,-55.28,-0.06,观察中,raw:knowledge/raw/brooks/transcribed_v2/al_brooks_price_action_course_v2/units/video_048D_breakout_mode_opening_range.md;raw:knowledge/raw/brooks/transcribed_v2/al_brooks_price_action_course_v2/units/video_008C_candles_ttr_ii_ioi_breakout_mode.md;raw:knowledge/raw/brooks/transcribed_v2/al_brooks_price_action_course_v2/units/video_026A_triangles_ttr_wedges_flags_reversal_or_continuation.md,reports/strategy_lab/m10_price_action_strategy_refresh/backtest_specs/M10-PA-012.json,M10-PA-012,开盘区间突破,XLP,5m,false,none,,普通,false
今日新扫描机会,m12.scanner-candidate.v1,trigger_candidate,4e348ea1e09f7e425a87b59d7cb01548cb97c83a2d60c997d47bcaca51adb41e,native_current_session_5m_cache,local_data/longbridge_intraday/us_XLU_5m_2026-04-30_2026-04-30_longbridge.csv,看涨,46.6300,1052.6316,46.1550,47.0000,true,46.60,longbridge_quote_readonly,"Opening range breakout proxy found in recorded local cache; observe only, no execution.",eligible_for_read_only_observation,needs_read_only_bar_close_review,medium,2026-04-30,2026-04-30T10:15:00,readonly_observation_candidate,-26.32,-0.03,观察中,raw:knowledge/raw/brooks/transcribed_v2/al_brooks_price_action_course_v2/units/video_048D_breakout_mode_opening_range.md;raw:knowledge/raw/brooks/transcribed_v2/al_brooks_price_action_course_v2/units/video_008C_candles_ttr_ii_ioi_breakout_mode.md;raw:knowledge/raw/brooks/transcribed_v2/al_brooks_price_action_course_v2/units/video_026A_triangles_ttr_wedges_flags_reversal_or_continuation.md,reports/strategy_lab/m10_price_action_strategy_refresh/backtest_specs/M10-PA-012.json,M10-PA-012,开盘区间突破,XLU,5m,false,none,,普通,false
今日新扫描机会,m12.scanner-candidate.v1,trigger_candidate,bd0f0fbe28722c4bb515d64cf0f3f7cc11d3e171f1af91523ead6e77856e74eb,native_current_session_5m_cache,local_data/longbridge_intraday/us_XLC_5m_2026-04-30_2026-04-30_longbridge.csv,看涨,115.2950,840.3361,114.7000,115.8200,true,115.61,longbridge_quote_readonly,"Opening range breakout proxy found in recorded local cache; observe only, no execution.",eligible_for_read_only_observation,needs_read_only_bar_close_review,medium,2026-04-30,2026-04-30T10:45:00,readonly_observation_candidate,264.71,0.26,观察中,raw:knowledge/raw/brooks/transcribed_v2/al_brooks_price_action_course_v2/units/video_048D_breakout_mode_opening_range.md;raw:knowledge/raw/brooks/transcribed_v2/al_brooks_price_action_course_v2/units/video_008C_candles_ttr_ii_ioi_breakout_mode.md;raw:knowledge/raw/brooks/transcribed_v2/al_brooks_price_action_course_v2/units/video_026A_triangles_ttr_wedges_flags_reversal_or_continuation.md,reports/strategy_lab/m10_price_action_strategy_refresh/backtest_specs/M10-PA-012.json,M10-PA-012,开盘区间突破,XLC,5m,false,none,,普通,false
今日新扫描机会,m12.scanner-candidate.v1,trigger_candidate,b2f8e449e9994469df4142c60467cc53fc035f6a035c40547c1458a2df634c0b,native_current_session_5m_cache,local_data/longbridge_intraday/us_XLB_5m_2026-04-30_2026-04-30_longbridge.csv,看涨,51.0700,1851.8519,50.8000,51.3350,true,51.42,longbridge_quote_readonly,"Opening range breakout proxy found in recorded local cache; observe only, no execution.",eligible_for_read_only_observation,needs_read_only_bar_close_review,medium,2026-04-30,2026-04-30T10:10:00,readonly_observation_candidate,657.41,0.66,触及目标参考,raw:knowledge/raw/brooks/transcribed_v2/al_brooks_price_action_course_v2/units/video_048D_breakout_mode_opening_range.md;raw:knowledge/raw/brooks/transcribed_v2/al_brooks_price_action_course_v2/units/video_008C_candles_ttr_ii_ioi_breakout_mode.md;raw:knowledge/raw/brooks/transcribed_v2/al_brooks_price_action_course_v2/units/video_026A_triangles_ttr_wedges_flags_reversal_or_continuation.md,reports/strategy_lab/m10_price_action_strategy_refresh/backtest_specs/M10-PA-012.json,M10-PA-012,开盘区间突破,XLB,5m,false,none,,普通,false
今日新扫描机会,m12.scanner-candidate.v1,trigger_candidate,d44f3d1f3c4b8324a4d9c70824d0af6b4e239fa6f7bbdac9d0831b0f1bdbd5d9,native_current_session_5m_cache,local_data/longbridge_intraday/us_SMH_5m_2026-04-30_2026-04-30_longbridge.csv,看跌,495.2200,50.8751,505.0480,487.0920,true,502.96,longbridge_quote_readonly,"Opening range breakout proxy found in recorded local cache; observe only, no execution.",eligible_for_read_only_observation,needs_read_only_bar_close_review,high,2026-04-30,2026-04-30T10:35:00,readonly_observation_candidate,-393.52,-0.39,观察中,raw:knowledge/raw/brooks/transcribed_v2/al_brooks_price_action_course_v2/units/video_048D_breakout_mode_opening_range.md;raw:knowledge/raw/brooks/transcribed_v2/al_brooks_price_action_course_v2/units/video_008C_candles_ttr_ii_ioi_breakout_mode.md;raw:knowledge/raw/brooks/transcribed_v2/al_brooks_price_action_course_v2/units/video_026A_triangles_ttr_wedges_flags_reversal_or_continuation.md,reports/strategy_lab/m10_price_action_strategy_refresh/backtest_specs/M10-PA-012.json,M10-PA-012,开盘区间突破,SMH,5m,false,none,,普通,false
今日新扫描机会,m12.scanner-candidate.v1,trigger_candidate,8649fca2a342c4b6f4cb74bc13fe5c93e1ad3b283a216dd8e92e818defc03ec3,native_current_session_5m_cache,local_data/longbridge_intraday/us_SOXX_5m_2026-04-30_2026-04-30_longbridge.csv,看跌,449.6200,71.4796,456.6150,443.6450,true,457.44,longbridge_quote_readonly,"Opening range breakout proxy found in recorded local cache; observe only, no execution.",eligible_for_read_only_observation,needs_read_only_bar_close_review,high,2026-04-30,2026-04-30T10:35:00,readonly_observation_candidate,-558.97,-0.56,触及止损参考,raw:knowledge/raw/brooks/transcribed_v2/al_brooks_price_action_course_v2/units/video_048D_breakout_mode_opening_range.md;raw:knowledge/raw/brooks/transcribed_v2/al_brooks_price_action_course_v2/units/video_008C_candles_ttr_ii_ioi_breakout_mode.md;raw:knowledge/raw/brooks/transcribed_v2/al_brooks_price_action_course_v2/units/video_026A_triangles_ttr_wedges_flags_reversal_or_continuation.md,reports/strategy_lab/m10_price_action_strategy_refresh/backtest_specs/M10-PA-012.json,M10-PA-012,开盘区间突破,SOXX,5m,false,none,,普通,false
今日新扫描机会,m12.scanner-candidate.v1,trigger_candidate,aa83ec5277cc6e0959878a5f8b06901afe0fbefb018142789ef57a59ec2551f4,native_current_session_5m_cache,local_data/longbridge_intraday/us_TQQQ_5m_2026-04-30_2026-04-30_longbridge.csv,看跌,60.7750,236.4066,62.8900,58.8850,true,62.24,longbridge_quote_readonly,"Opening range breakout proxy found in recorded local cache; observe only, no execution.",eligible_for_read_only_observation,needs_read_only_bar_close_review,high,2026-04-30,2026-04-30T10:35:00,readonly_observation_candidate,-345.63,-0.35,观察中,raw:knowledge/raw/brooks/transcribed_v2/al_brooks_price_action_course_v2/units/video_048D_breakout_mode_opening_range.md;raw:knowledge/raw/brooks/transcribed_v2/al_brooks_price_action_course_v2/units/video_008C_candles_ttr_ii_ioi_breakout_mode.md;raw:knowledge/raw/brooks/transcribed_v2/al_brooks_price_action_course_v2/units/video_026A_triangles_ttr_wedges_flags_reversal_or_continuation.md,reports/strategy_lab/m10_price_action_strategy_refresh/backtest_specs/M10-PA-012.json,M10-PA-012,开盘区间突破,TQQQ,5m,false,none,,普通,false
今日新扫描机会,m12.scanner-candidate.v1,trigger_candidate,3de7022f707998d5bc90aa6e89ac3db1f31f877e0ff7216f89e39f413738a21f,native_current_session_5m_cache,local_data/longbridge_intraday/us_SQQQ_5m_2026-04-30_2026-04-30_longbridge.csv,看涨,54.0250,276.2431,52.2150,55.6500,true,52.78,longbridge_quote_readonly,"Opening range breakout proxy found in recorded local cache; observe only, no execution.",eligible_for_read_only_observation,needs_read_only_bar_close_review,high,2026-04-30,2026-04-30T10:35:00,readonly_observation_candidate,-343.92,-0.34,观察中,raw:knowledge/raw/brooks/transcribed_v2/al_brooks_price_action_course_v2/units/video_048D_breakout_mode_opening_range.md;raw:knowledge/raw/brooks/transcribed_v2/al_brooks_price_action_course_v2/units/video_008C_candles_ttr_ii_ioi_breakout_mode.md;raw:knowledge/raw/brooks/transcribed_v2/al_brooks_price_action_course_v2/units/video_026A_triangles_ttr_wedges_flags_reversal_or_continuation.md,reports/strategy_lab/m10_price_action_strategy_refresh/backtest_specs/M10-PA-012.json,M10-PA-012,开盘区间突破,SQQQ,5m,false,none,,普通,false
今日新扫描机会,m12.scanner-candidate.v1,trigger_candidate,d38a64aac2e44359345da98bb967ea188519450dc66c16900ba0638276ae4982,native_current_session_5m_cache,local_data/longbridge_intraday/us_SLV_5m_2026-04-30_2026-04-30_longbridge.csv,看跌,65.9150,645.1613,66.6900,65.1450,true,66.22,longbridge_quote_readonly,"Opening range breakout proxy found in recorded local cache; observe only, no execution.",eligible_for_read_only_observation,needs_read_only_bar_close_review,medium,2026-04-30,2026-04-30T10:35:00,readonly_observation_candidate,-200.00,-0.20,观察中,raw:knowledge/raw/brooks/transcribed_v2/al_brooks_price_action_course_v2/units/video_048D_breakout_mode_opening_range.md;raw:knowledge/raw/brooks/transcribed_v2/al_brooks_price_action_course_v2/units/video_008C_candles_ttr_ii_ioi_breakout_mode.md;raw:knowledge/raw/brooks/transcribed_v2/al_brooks_price_action_course_v2/units/video_026A_triangles_ttr_wedges_flags_reversal_or_continuation.md,reports/strategy_lab/m10_price_action_strategy_refresh/backtest_specs/M10-PA-012.json,M10-PA-012,开盘区间突破,SLV,5m,false,none,,普通,false
今日新扫描机会,m12.scanner-candidate.v1,trigger_candidate,279c89601b96a1e48f3f6df06bec23ba77721d833e10f74e0236d26a3367040a,native_current_session_5m_cache,local_data/longbridge_intraday/us_USO_5m_2026-04-30_2026-04-30_longbridge.csv,看涨,148.4500,212.4044,146.0960,150.4840,true,145.84,longbridge_quote_readonly,"Opening range breakout proxy found in recorded local cache; observe only, no execution.",eligible_for_read_only_observation,needs_read_only_bar_close_review,high,2026-04-30,2026-04-30T10:35:00,readonly_observation_candidate,-554.38,-0.55,触及止损参考,raw:knowledge/raw/brooks/transcribed_v2/al_brooks_price_action_course_v2/units/video_048D_breakout_mode_opening_range.md;raw:knowledge/raw/brooks/transcribed_v2/al_brooks_price_action_course_v2/units/video_008C_candles_ttr_ii_ioi_breakout_mode.md;raw:knowledge/raw/brooks/transcribed_v2/al_brooks_price_action_course_v2/units/video_026A_triangles_ttr_wedges_flags_reversal_or_continuation.md,reports/strategy_lab/m10_price_action_strategy_refresh/backtest_specs/M10-PA-012.json,M10-PA-012,开盘区间突破,USO,5m,false,none,,普通,false
今日新扫描机会,m12.scanner-candidate.v1,trigger_candidate,21c1bf0809b11415b0d367aad854ba65c107d0b0151dcf8bac8e5395050e586c,native_current_session_5m_cache,local_data/longbridge_intraday/us_TLT_5m_2026-04-30_2026-04-30_longbridge.csv,看跌,85.7400,3125.0000,85.9000,85.6000,true,85.79,longbridge_quote_readonly,"Opening range breakout proxy found in recorded local cache; observe only, no execution.",eligible_for_read_only_observation,needs_read_only_bar_close_review,low,2026-04-30,2026-04-30T10:10:00,readonly_observation_candidate,-156.25,-0.16,观察中,raw:knowledge/raw/brooks/transcribed_v2/al_brooks_price_action_course_v2/units/video_048D_breakout_mode_opening_range.md;raw:knowledge/raw/brooks/transcribed_v2/al_brooks_price_action_course_v2/units/video_008C_candles_ttr_ii_ioi_breakout_mode.md;raw:knowledge/raw/brooks/transcribed_v2/al_brooks_price_action_course_v2/units/video_026A_triangles_ttr_wedges_flags_reversal_or_continuation.md,reports/strategy_lab/m10_price_action_strategy_refresh/backtest_specs/M10-PA-012.json,M10-PA-012,开盘区间突破,TLT,5m,false,none,,普通,false
今日新扫描机会,m12.scanner-candidate.v1,watch_candidate,e35b01866576288b8a16c353c48a5706a450380f7e1cf4385ad1cc244dc8db36,native_daily_cache,local_data/longbridge_history/us_HYG_1d_2010-06-29_2026-04-30_longbridge.csv,看涨,80.3500,1351.3514,79.9800,81.0900,true,80.29,longbridge_quote_readonly,Trend and pullback proxy found; requires bar-by-bar confirmation before any future status change.,eligible_for_read_only_observation,needs_read_only_bar_close_review,low,2026-04-30,2026-04-30T16:00:00-04:00,readonly_observation_candidate,-81.08,-0.08,观察中,raw:knowledge/raw/brooks/transcribed_v2/al_brooks_price_action_course_v2/units/video_009A_pullbacks_bar_counting_basics_high_low_1_2.md;raw:knowledge/raw/brooks/transcribed_v2/al_brooks_price_action_course_v2/units/video_009C_pullbacks_endless_higher_lower_timeframes_countertrend_exit.md;raw:knowledge/raw/brooks/transcribed_v2/al_brooks_price_action_course_v2/units/video_014E_trends_tight_channel_small_pullback.md;raw:knowledge/raw/youtube/fangfangtu/transcripts/Price_Action方方土.pdf;raw:knowledge/raw/youtube/fangfangtu/transcripts/Price_Action方方土.pdf;raw:knowledge/raw/notes/方方土视频笔记 - 回调&数K线.pdf;raw:knowledge/raw/notes/方方土视频笔记 - 市场周期.pdf,reports/strategy_lab/m10_price_action_strategy_refresh/backtest_specs/M10-PA-001.json,M10-PA-001,趋势回调二次入场,HYG,1d,false,none,,普通,false
今日新扫描机会,m12.scanner-candidate.v1,trigger_candidate,847ff3dee53e120883ba7c7181b535779a8eede6320131c5d0a8db99c894b6f0,native_current_session_5m_cache,local_data/longbridge_intraday/us_HYG_5m_2026-04-30_2026-04-30_longbridge.csv,看涨,80.2600,5555.5556,80.1700,80.3400,true,80.29,longbridge_quote_readonly,"Opening range breakout proxy found in recorded local cache; observe only, no execution.",eligible_for_read_only_observation,needs_read_only_bar_close_review,low,2026-04-30,2026-04-30T10:30:00,readonly_observation_candidate,166.67,0.17,观察中,raw:knowledge/raw/brooks/transcribed_v2/al_brooks_price_action_course_v2/units/video_048D_breakout_mode_opening_range.md;raw:knowledge/raw/brooks/transcribed_v2/al_brooks_price_action_course_v2/units/video_008C_candles_ttr_ii_ioi_breakout_mode.md;raw:knowledge/raw/brooks/transcribed_v2/al_brooks_price_action_course_v2/units/video_026A_triangles_ttr_wedges_flags_reversal_or_continuation.md,reports/strategy_lab/m10_price_action_strategy_refresh/backtest_specs/M10-PA-012.json,M10-PA-012,开盘区间突破,HYG,5m,false,none,,普通,false
今日新扫描机会,m12.scanner-candidate.v1,trigger_candidate,c5268d12c2754e4883d5ad32c2bbd9bf40644599ceff2318f94c1af643ad606d,native_current_session_5m_cache,local_data/longbridge_intraday/us_LQD_5m_2026-04-30_2026-04-30_longbridge.csv,看跌,108.7600,3703.7037,108.8950,108.6400,true,108.90,longbridge_quote_readonly,"Opening range breakout proxy found in recorded local cache; observe only, no execution.",eligible_for_read_only_observation,needs_read_only_bar_close_review,low,2026-04-30,2026-04-30T10:05:00,readonly_observation_candidate,-518.52,-0.52,触及止损参考,raw:knowledge/raw/brooks/transcribed_v2/al_brooks_price_action_course_v2/units/video_048D_breakout_mode_opening_range.md;raw:knowledge/raw/brooks/transcribed_v2/al_brooks_price_action_course_v2/units/video_008C_candles_ttr_ii_ioi_breakout_mode.md;raw:knowledge/raw/brooks/transcribed_v2/al_brooks_price_action_course_v2/units/video_026A_triangles_ttr_wedges_flags_reversal_or_continuation.md,reports/strategy_lab/m10_price_action_strategy_refresh/backtest_specs/M10-PA-012.json,M10-PA-012,开盘区间突破,LQD,5m,false,none,,普通,false
今日新扫描机会,m12.scanner-candidate.v1,trigger_candidate,4e494cb1df807a8a7bf7cabfd1dd73fc33e62764ed4cbc832329e1b0b3352738,native_current_session_5m_cache,local_data/longbridge_intraday/us_EEM_5m_2026-04-30_2026-04-30_longbridge.csv,看涨,63.3350,1190.4762,62.9150,63.6850,true,63.38,longbridge_quote_readonly,"Opening range breakout proxy found in recorded local cache; observe only, no execution.",eligible_for_read_only_observation,needs_read_only_bar_close_review,medium,2026-04-30,2026-04-30T11:05:00,readonly_observation_candidate,59.52,0.06,观察中,raw:knowledge/raw/brooks/transcribed_v2/al_brooks_price_action_course_v2/units/video_048D_breakout_mode_opening_range.md;raw:knowledge/raw/brooks/transcribed_v2/al_brooks_price_action_course_v2/units/video_008C_candles_ttr_ii_ioi_breakout_mode.md;raw:knowledge/raw/brooks/transcribed_v2/al_brooks_price_action_course_v2/units/video_026A_triangles_ttr_wedges_flags_reversal_or_continuation.md,reports/strategy_lab/m10_price_action_strategy_refresh/backtest_specs/M10-PA-012.json,M10-PA-012,开盘区间突破,EEM,5m,false,none,,普通,false
今日新扫描机会,m12.scanner-candidate.v1,watch_candidate,074343faa842bca8c83bd571abff75d052d4040d5d41bca92c1e03c338ab3cbb,native_daily_cache,local_data/longbridge_history/us_EFA_1d_2010-06-29_2026-04-30_longbridge.csv,看涨,102.1700,187.6173,99.5050,107.5000,true,102.08,longbridge_quote_readonly,Trend and pullback proxy found; requires bar-by-bar confirmation before any future status change.,eligible_for_read_only_observation,needs_read_only_bar_close_review,high,2026-04-30,2026-04-30T16:00:00-04:00,readonly_observation_candidate,-16.89,-0.02,观察中,raw:knowledge/raw/brooks/transcribed_v2/al_brooks_price_action_course_v2/units/video_009A_pullbacks_bar_counting_basics_high_low_1_2.md;raw:knowledge/raw/brooks/transcribed_v2/al_brooks_price_action_course_v2/units/video_009C_pullbacks_endless_higher_lower_timeframes_countertrend_exit.md;raw:knowledge/raw/brooks/transcribed_v2/al_brooks_price_action_course_v2/units/video_014E_trends_tight_channel_small_pullback.md;raw:knowledge/raw/youtube/fangfangtu/transcripts/Price_Action方方土.pdf;raw:knowledge/raw/youtube/fangfangtu/transcripts/Price_Action方方土.pdf;raw:knowledge/raw/notes/方方土视频笔记 - 回调&数K线.pdf;raw:knowledge/raw/notes/方方土视频笔记 - 市场周期.pdf,reports/strategy_lab/m10_price_action_strategy_refresh/backtest_specs/M10-PA-001.json,M10-PA-001,趋势回调二次入场,EFA,1d,false,none,,普通,false
今日新扫描机会,m12.scanner-candidate.v1,trigger_candidate,f08b673c93826e321f2d55dbd43765ab9c539a136f6abc9cfba378066507a2ee,native_current_session_5m_cache,local_data/longbridge_intraday/us_EFA_5m_2026-04-30_2026-04-30_longbridge.csv,看涨,101.4350,1449.2754,101.0900,101.6900,true,102.08,longbridge_quote_readonly,"Opening range breakout proxy found in recorded local cache; observe only, no execution.",eligible_for_read_only_observation,needs_read_only_bar_close_review,low,2026-04-30,2026-04-30T10:10:00,readonly_observation_candidate,934.78,0.93,触及目标参考,raw:knowledge/raw/brooks/transcribed_v2/al_brooks_price_action_course_v2/units/video_048D_breakout_mode_opening_range.md;raw:knowledge/raw/brooks/transcribed_v2/al_brooks_price_action_course_v2/units/video_008C_candles_ttr_ii_ioi_breakout_mode.md;raw:knowledge/raw/brooks/transcribed_v2/al_brooks_price_action_course_v2/units/video_026A_triangles_ttr_wedges_flags_reversal_or_continuation.md,reports/strategy_lab/m10_price_action_strategy_refresh/backtest_specs/M10-PA-012.json,M10-PA-012,开盘区间突破,EFA,5m,false,none,,普通,false
今日新扫描机会,m12.scanner-candidate.v1,watch_candidate,ceee37def553609cffb622ab3a813ac579744600dd1d3b86a573ba50d91eb16c,native_daily_cache,local_data/longbridge_history/us_ARKK_1d_2010-06-29_2026-04-30_longbridge.csv,看涨,75.6500,172.4138,72.7500,81.4500,true,75.48,longbridge_quote_readonly,Trend and pullback proxy found; requires bar-by-bar confirmation before any future status change.,eligible_for_read_only_observation,needs_read_only_bar_close_review,high,2026-04-30,2026-04-30T16:00:00-04:00,readonly_observation_candidate,-28.45,-0.03,观察中,raw:knowledge/raw/brooks/transcribed_v2/al_brooks_price_action_course_v2/units/video_009A_pullbacks_bar_counting_basics_high_low_1_2.md;raw:knowledge/raw/brooks/transcribed_v2/al_brooks_price_action_course_v2/units/video_009C_pullbacks_endless_higher_lower_timeframes_countertrend_exit.md;raw:knowledge/raw/brooks/transcribed_v2/al_brooks_price_action_course_v2/units/video_014E_trends_tight_channel_small_pullback.md;raw:knowledge/raw/youtube/fangfangtu/transcripts/Price_Action方方土.pdf;raw:knowledge/raw/youtube/fangfangtu/transcripts/Price_Action方方土.pdf;raw:knowledge/raw/notes/方方土视频笔记 - 回调&数K线.pdf;raw:knowledge/raw/notes/方方土视频笔记 - 市场周期.pdf,reports/strategy_lab/m10_price_action_strategy_refresh/backtest_specs/M10-PA-001.json,M10-PA-001,趋势回调二次入场,ARKK,1d,false,none,,普通,false
今日新扫描机会,m12.scanner-candidate.v1,trigger_candidate,c60d20811fd91864cdf2ef8da5e196987296b7b33dd380850f6a14a41e2f6fb6,native_current_session_5m_cache,local_data/longbridge_intraday/us_ARKK_5m_2026-04-30_2026-04-30_longbridge.csv,看涨,74.6800,568.1818,73.8000,75.4850,true,75.48,longbridge_quote_readonly,"Opening range breakout proxy found in recorded local cache; observe only, no execution.",eligible_for_read_only_observation,needs_read_only_bar_close_review,medium,2026-04-30,2026-04-30T10:40:00,readonly_observation_candidate,457.39,0.46,触及目标参考,raw:knowledge/raw/brooks/transcribed_v2/al_brooks_price_action_course_v2/units/video_048D_breakout_mode_opening_range.md;raw:knowledge/raw/brooks/transcribed_v2/al_brooks_price_action_course_v2/units/video_008C_candles_ttr_ii_ioi_breakout_mode.md;raw:knowledge/raw/brooks/transcribed_v2/al_brooks_price_action_course_v2/units/video_026A_triangles_ttr_wedges_flags_reversal_or_continuation.md,reports/strategy_lab/m10_price_action_strategy_refresh/backtest_specs/M10-PA-012.json,M10-PA-012,开盘区间突破,ARKK,5m,false,none,,普通,false
今日新扫描机会,m12.scanner-candidate.v1,trigger_candidate,b929db6661832b34f6ed86cde659f55ee39be96f6d7f668c4e16c78a5938f7d2,native_current_session_5m_cache,local_data/longbridge_intraday/us_AAPL_5m_2026-04-30_2026-04-30_longbridge.csv,看涨,271.6300,143.2665,268.1400,274.2900,true,272.04,longbridge_quote_readonly,"Opening range breakout proxy found in recorded local cache; observe only, no execution.",eligible_for_read_only_observation,needs_read_only_bar_close_review,medium,2026-04-30,2026-04-30T10:00:00,readonly_observation_candidate,58.74,0.06,观察中,raw:knowledge/raw/brooks/transcribed_v2/al_brooks_price_action_course_v2/units/video_048D_breakout_mode_opening_range.md;raw:knowledge/raw/brooks/transcribed_v2/al_brooks_price_action_course_v2/units/video_008C_candles_ttr_ii_ioi_breakout_mode.md;raw:knowledge/raw/brooks/transcribed_v2/al_brooks_price_action_course_v2/units/video_026A_triangles_ttr_wedges_flags_reversal_or_continuation.md,reports/strategy_lab/m10_price_action_strategy_refresh/backtest_specs/M10-PA-012.json,M10-PA-012,开盘区间突破,AAPL,5m,false,none,,普通,false
今日新扫描机会,m12.scanner-candidate.v1,trigger_candidate,bdc8f5da6c8635a20daf584bef3113543e3fea360ba71ce5bec31ce709c48ec1,native_current_session_5m_cache,local_data/longbridge_intraday/us_MSFT_5m_2026-04-30_2026-04-30_longbridge.csv,看跌,403.4600,45.6204,414.4200,392.7600,true,403.31,longbridge_quote_readonly,"Opening range breakout proxy found in recorded local cache; observe only, no execution.",eligible_for_read_only_observation,needs_read_only_bar_close_review,high,2026-04-30,2026-04-30T10:00:00,readonly_observation_candidate,6.84,0.01,观察中,raw:knowledge/raw/brooks/transcribed_v2/al_brooks_price_action_course_v2/units/video_048D_breakout_mode_opening_range.md;raw:knowledge/raw/brooks/transcribed_v2/al_brooks_price_action_course_v2/units/video_008C_candles_ttr_ii_ioi_breakout_mode.md;raw:knowledge/raw/brooks/transcribed_v2/al_brooks_price_action_course_v2/units/video_026A_triangles_ttr_wedges_flags_reversal_or_continuation.md,reports/strategy_lab/m10_price_action_strategy_refresh/backtest_specs/M10-PA-012.json,M10-PA-012,开盘区间突破,MSFT,5m,false,none,,普通,false
今日新扫描机会,m12.daily-candidate.v1,trigger_candidate,5ff0ffde39b661c864071ecab52204a893c928bcaaac0ee60c28c99377b5157e,native_daily_cache,local_data/longbridge_history/us_MSFT_1d_2010-06-29_2026-04-30_longbridge.csv,看跌,400.13,34.9895,414.42,371.55,true,403.31,longbridge_quote_readonly,日线市场周期和信号K确认同时出现；只做模拟观察。,eligible_for_read_only_observation,needs_read_only_bar_close_review,medium,2026-04-30,2026-04-30T16:00:00-04:00,readonly_observation_candidate,-111.27,-0.11,观察中,wiki:knowledge/wiki/sources/fangfangtu-market-cycle-note.md;raw:knowledge/raw/notes/方方土视频笔记 - 市场周期.pdf;wiki:knowledge/wiki/sources/fangfangtu-signal-bar-entry-note.md;raw:knowledge/raw/notes/方方土视频笔记 - 信号K线 & 入场.pdf,reports/strategy_lab/m10_price_action_strategy_refresh/daily_observation/m12_12_loop/m12_12_formal_daily_strategy_spec.json,M12-FTD-001,方方土日线趋势顺势信号K,MSFT,1d,false,none,,普通,false
今日新扫描机会,m12.scanner-candidate.v1,trigger_candidate,935961ce93f525979211e4fe7a864dce26f4f847d5944e81514f67216ca14c82,native_current_session_5m_cache,local_data/longbridge_intraday/us_NVDA_5m_2026-04-30_2026-04-30_longbridge.csv,看跌,202.0000,60.2410,210.3000,194.4000,true,200.42,longbridge_quote_readonly,"Opening range breakout proxy found in recorded local cache; observe only, no execution.",eligible_for_read_only_observation,needs_read_only_bar_close_review,high,2026-04-30,2026-04-30T10:05:00,readonly_observation_candidate,95.18,0.10,观察中,raw:knowledge/raw/brooks/transcribed_v2/al_brooks_price_action_course_v2/units/video_048D_breakout_mode_opening_range.md;raw:knowledge/raw/brooks/transcribed_v2/al_brooks_price_action_course_v2/units/video_008C_candles_ttr_ii_ioi_breakout_mode.md;raw:knowledge/raw/brooks/transcribed_v2/al_brooks_price_action_course_v2/units/video_026A_triangles_ttr_wedges_flags_reversal_or_continuation.md,reports/strategy_lab/m10_price_action_strategy_refresh/backtest_specs/M10-PA-012.json,M10-PA-012,开盘区间突破,NVDA,5m,false,none,,普通,false
今日新扫描机会,m12.daily-candidate.v1,trigger_candidate,928011805a0a28318603bfb81ed1390e86b0ebcff5789a052bddaaac986808eb,native_daily_cache,local_data/longbridge_history/us_NVDA_1d_2010-06-29_2026-04-30_longbridge.csv,看跌,198.70,43.1034,210.30,175.50,true,200.42,longbridge_quote_readonly,日线市场周期和信号K确认同时出现；只做模拟观察。,eligible_for_read_only_observation,needs_read_only_bar_close_review,medium,2026-04-30,2026-04-30T16:00:00-04:00,readonly_observation_candidate,-74.14,-0.07,观察中,wiki:knowledge/wiki/sources/fangfangtu-market-cycle-note.md;raw:knowledge/raw/notes/方方土视频笔记 - 市场周期.pdf;wiki:knowledge/wiki/sources/fangfangtu-signal-bar-entry-note.md;raw:knowledge/raw/notes/方方土视频笔记 - 信号K线 & 入场.pdf,reports/strategy_lab/m10_price_action_strategy_refresh/daily_observation/m12_12_loop/m12_12_formal_daily_strategy_spec.json,M12-FTD-001,方方土日线趋势顺势信号K,NVDA,1d,false,none,,普通,false
今日新扫描机会,m12.scanner-candidate.v1,trigger_candidate,d5172580c28d54dd7446b38187595dfdf82d109af72ba5f34b140870baae05a6,native_current_session_5m_cache,local_data/longbridge_intraday/us_AMZN_5m_2026-04-30_2026-04-30_longbridge.csv,看跌,257.0850,29.7885,273.8700,240.6650,true,258.13,longbridge_quote_readonly,"Opening range breakout proxy found in recorded local cache; observe only, no execution.",eligible_for_read_only_observation,needs_read_only_bar_close_review,high,2026-04-30,2026-04-30T11:35:00,readonly_observation_candidate,-31.13,-0.03,观察中,raw:knowledge/raw/brooks/transcribed_v2/al_brooks_price_action_course_v2/units/video_048D_breakout_mode_opening_range.md;raw:knowledge/raw/brooks/transcribed_v2/al_brooks_price_action_course_v2/units/video_008C_candles_ttr_ii_ioi_breakout_mode.md;raw:knowledge/raw/brooks/transcribed_v2/al_brooks_price_action_course_v2/units/video_026A_triangles_ttr_wedges_flags_reversal_or_continuation.md,reports/strategy_lab/m10_price_action_strategy_refresh/backtest_specs/M10-PA-012.json,M10-PA-012,开盘区间突破,AMZN,5m,false,none,,普通,false
今日新扫描机会,m12.scanner-candidate.v1,trigger_candidate,908addc37c3e90a80bcaa630138567e473e7ae2f49b890d73c9d3c5d45f5013f,native_current_session_5m_cache,local_data/longbridge_intraday/us_GOOGL_5m_2026-04-30_2026-04-30_longbridge.csv,看跌,366.8000,48.8759,377.0300,356.9500,true,374.74,longbridge_quote_readonly,"Opening range breakout proxy found in recorded local cache; observe only, no execution.",eligible_for_read_only_observation,needs_read_only_bar_close_review,high,2026-04-30,2026-04-30T10:30:00,readonly_observation_candidate,-388.32,-0.39,观察中,raw:knowledge/raw/brooks/transcribed_v2/al_brooks_price_action_course_v2/units/video_048D_breakout_mode_opening_range.md;raw:knowledge/raw/brooks/transcribed_v2/al_brooks_price_action_course_v2/units/video_008C_candles_ttr_ii_ioi_breakout_mode.md;raw:knowledge/raw/brooks/transcribed_v2/al_brooks_price_action_course_v2/units/video_026A_triangles_ttr_wedges_flags_reversal_or_continuation.md,reports/strategy_lab/m10_price_action_strategy_refresh/backtest_specs/M10-PA-012.json,M10-PA-012,开盘区间突破,GOOGL,5m,true,earnings_gap_opposite,相反,高风险暂停/降级,true
今日新扫描机会,m12.scanner-candidate.v1,trigger_candidate,4ca6a725f78dd5a92107834b2708bcf9328b074779e92b292500f15249b6d657,native_current_session_5m_cache,local_data/longbridge_intraday/us_GOOG_5m_2026-04-30_2026-04-30_longbridge.csv,看跌,363.1800,45.2858,374.2210,352.7190,true,371.49,longbridge_quote_readonly,"Opening range breakout proxy found in recorded local cache; observe only, no execution.",eligible_for_read_only_observation,needs_read_only_bar_close_review,high,2026-04-30,2026-04-30T10:35:00,readonly_observation_candidate,-376.32,-0.38,观察中,raw:knowledge/raw/brooks/transcribed_v2/al_brooks_price_action_course_v2/units/video_048D_breakout_mode_opening_range.md;raw:knowledge/raw/brooks/transcribed_v2/al_brooks_price_action_course_v2/units/video_008C_candles_ttr_ii_ioi_breakout_mode.md;raw:knowledge/raw/brooks/transcribed_v2/al_brooks_price_action_course_v2/units/video_026A_triangles_ttr_wedges_flags_reversal_or_continuation.md,reports/strategy_lab/m10_price_action_strategy_refresh/backtest_specs/M10-PA-012.json,M10-PA-012,开盘区间突破,GOOG,5m,true,earnings_gap_opposite,相反,高风险暂停/降级,true
今日新扫描机会,m12.scanner-candidate.v1,trigger_candidate,abc9d906647749146892e97676f5959de7cebc97148ede64283725b5b73a1092,native_current_session_5m_cache,local_data/longbridge_intraday/us_META_5m_2026-04-30_2026-04-30_longbridge.csv,看跌,600.2300,24.3546,620.7600,580.6500,true,608.81,longbridge_quote_readonly,"Opening range breakout proxy found in recorded local cache; observe only, no execution.",eligible_for_read_only_observation,needs_read_only_bar_close_review,high,2026-04-30,2026-04-30T10:15:00,readonly_observation_candidate,-208.96,-0.21,观察中,raw:knowledge/raw/brooks/transcribed_v2/al_brooks_price_action_course_v2/units/video_048D_breakout_mode_opening_range.md;raw:knowledge/raw/brooks/transcribed_v2/al_brooks_price_action_course_v2/units/video_008C_candles_ttr_ii_ioi_breakout_mode.md;raw:knowledge/raw/brooks/transcribed_v2/al_brooks_price_action_course_v2/units/video_026A_triangles_ttr_wedges_flags_reversal_or_continuation.md,reports/strategy_lab/m10_price_action_strategy_refresh/backtest_specs/M10-PA-012.json,M10-PA-012,开盘区间突破,META,5m,false,none,,普通,false
今日新扫描机会,m12.scanner-candidate.v1,watch_candidate,f1f4507216fdabe3d4ff0f6f7a55c1d398138a88c59caedbb151f8a507f92703,native_daily_cache,local_data/longbridge_history/us_TSLA_1d_2010-06-29_2026-04-30_longbridge.csv,看跌,368.1700,19.3949,393.9500,316.6100,true,378.97,longbridge_quote_readonly,Trend and pullback proxy found; requires bar-by-bar confirmation before any future status change.,eligible_for_read_only_observation,needs_read_only_bar_close_review,high,2026-04-30,2026-04-30T16:00:00-04:00,readonly_observation_candidate,-209.46,-0.21,观察中,raw:knowledge/raw/brooks/transcribed_v2/al_brooks_price_action_course_v2/units/video_009A_pullbacks_bar_counting_basics_high_low_1_2.md;raw:knowledge/raw/brooks/transcribed_v2/al_brooks_price_action_course_v2/units/video_009C_pullbacks_endless_higher_lower_timeframes_countertrend_exit.md;raw:knowledge/raw/brooks/transcribed_v2/al_brooks_price_action_course_v2/units/video_014E_trends_tight_channel_small_pullback.md;raw:knowledge/raw/youtube/fangfangtu/transcripts/Price_Action方方土.pdf;raw:knowledge/raw/youtube/fangfangtu/transcripts/Price_Action方方土.pdf;raw:knowledge/raw/notes/方方土视频笔记 - 回调&数K线.pdf;raw:knowledge/raw/notes/方方土视频笔记 - 市场周期.pdf,reports/strategy_lab/m10_price_action_strategy_refresh/backtest_specs/M10-PA-001.json,M10-PA-001,趋势回调二次入场,TSLA,1d,false,none,,普通,false
今日新扫描机会,m12.scanner-candidate.v1,trigger_candidate,d1ca4bea04c4b219ff4221397f5e6893f1f738328d4be9e7c7a2b89cb4fe2161,native_current_session_5m_cache,local_data/longbridge_intraday/us_TSLA_5m_2026-04-30_2026-04-30_longbridge.csv,看涨,374.2960,90.6454,368.7800,378.5110,true,378.97,longbridge_quote_readonly,"Opening range breakout proxy found in recorded local cache; observe only, no execution.",eligible_for_read_only_observation,needs_read_only_bar_close_review,medium,2026-04-30,2026-04-30T10:45:00,readonly_observation_candidate,423.68,0.42,触及目标参考,raw:knowledge/raw/brooks/transcribed_v2/al_brooks_price_action_course_v2/units/video_048D_breakout_mode_opening_range.md;raw:knowledge/raw/brooks/transcribed_v2/al_brooks_price_action_course_v2/units/video_008C_candles_ttr_ii_ioi_breakout_mode.md;raw:knowledge/raw/brooks/transcribed_v2/al_brooks_price_action_course_v2/units/video_026A_triangles_ttr_wedges_flags_reversal_or_continuation.md,reports/strategy_lab/m10_price_action_strategy_refresh/backtest_specs/M10-PA-012.json,M10-PA-012,开盘区间突破,TSLA,5m,false,none,,普通,false
今日新扫描机会,m12.scanner-candidate.v1,trigger_candidate,22144fb67b75a7ae5d42fb569a659b1cb76bd729e337ff7fa5ef6250a69a8169,native_current_session_5m_cache,local_data/longbridge_intraday/us_AVGO_5m_2026-04-30_2026-04-30_longbridge.csv,看跌,407.6100,46.4253,418.3800,398.9800,true,413.13,longbridge_quote_readonly,"Opening range breakout proxy found in recorded local cache; observe only, no execution.",eligible_for_read_only_observation,needs_read_only_bar_close_review,high,2026-04-30,2026-04-30T10:25:00,readonly_observation_candidate,-256.27,-0.26,观察中,raw:knowledge/raw/brooks/transcribed_v2/al_brooks_price_action_course_v2/units/video_048D_breakout_mode_opening_range.md;raw:knowledge/raw/brooks/transcribed_v2/al_brooks_price_action_course_v2/units/video_008C_candles_ttr_ii_ioi_breakout_mode.md;raw:knowledge/raw/brooks/transcribed_v2/al_brooks_price_action_course_v2/units/video_026A_triangles_ttr_wedges_flags_reversal_or_continuation.md,reports/strategy_lab/m10_price_action_strategy_refresh/backtest_specs/M10-PA-012.json,M10-PA-012,开盘区间突破,AVGO,5m,false,none,,普通,false
今日新扫描机会,m12.scanner-candidate.v1,trigger_candidate,ce81c1b313176c95e6404461ff91192c902d1444c1dbf33c9b4a70d65aad961d,native_current_session_5m_cache,local_data/longbridge_intraday/us_AMD_5m_2026-04-30_2026-04-30_longbridge.csv,看涨,344.0750,43.5730,332.6000,354.5700,true,347.72,longbridge_quote_readonly,"Opening range breakout proxy found in recorded local cache; observe only, no execution.",eligible_for_read_only_observation,needs_read_only_bar_close_review,high,2026-04-30,2026-04-30T10:00:00,readonly_observation_candidate,158.82,0.16,观察中,raw:knowledge/raw/brooks/transcribed_v2/al_brooks_price_action_course_v2/units/video_048D_breakout_mode_opening_range.md;raw:knowledge/raw/brooks/transcribed_v2/al_brooks_price_action_course_v2/units/video_008C_candles_ttr_ii_ioi_breakout_mode.md;raw:knowledge/raw/brooks/transcribed_v2/al_brooks_price_action_course_v2/units/video_026A_triangles_ttr_wedges_flags_reversal_or_continuation.md,reports/strategy_lab/m10_price_action_strategy_refresh/backtest_specs/M10-PA-012.json,M10-PA-012,开盘区间突破,AMD,5m,false,none,,普通,false
今日新扫描机会,m12.scanner-candidate.v1,watch_candidate,9a7de3258b8c5f45cb5241d3c1485818cc491f4b48f4e9843d758236cbe38e04,native_daily_cache,local_data/longbridge_history/us_INTC_1d_2010-06-29_2026-04-30_longbridge.csv,看涨,95.6540,16.3004,64.9800,157.0020,true,93.60,longbridge_quote_readonly,Trend and pullback proxy found; requires bar-by-bar confirmation before any future status change.,eligible_for_read_only_observation,needs_read_only_bar_close_review,high,2026-04-30,2026-04-30T16:00:00-04:00,readonly_observation_candidate,-33.48,-0.03,观察中,raw:knowledge/raw/brooks/transcribed_v2/al_brooks_price_action_course_v2/units/video_009A_pullbacks_bar_counting_basics_high_low_1_2.md;raw:knowledge/raw/brooks/transcribed_v2/al_brooks_price_action_course_v2/units/video_009C_pullbacks_endless_higher_lower_timeframes_countertrend_exit.md;raw:knowledge/raw/brooks/transcribed_v2/al_brooks_price_action_course_v2/units/video_014E_trends_tight_channel_small_pullback.md;raw:knowledge/raw/youtube/fangfangtu/transcripts/Price_Action方方土.pdf;raw:knowledge/raw/youtube/fangfangtu/transcripts/Price_Action方方土.pdf;raw:knowledge/raw/notes/方方土视频笔记 - 回调&数K线.pdf;raw:knowledge/raw/notes/方方土视频笔记 - 市场周期.pdf,reports/strategy_lab/m10_price_action_strategy_refresh/backtest_specs/M10-PA-001.json,M10-PA-001,趋势回调二次入场,INTC,1d,false,none,,普通,false
今日新扫描机会,m12.scanner-candidate.v1,trigger_candidate,408e80d795730c3c4da86e21abb1edcda1915ebe3f26033971330e1d485a9e99,native_current_session_5m_cache,local_data/longbridge_intraday/us_INTC_5m_2026-04-30_2026-04-30_longbridge.csv,看跌,91.5850,122.8803,95.6540,87.6610,true,93.60,longbridge_quote_readonly,"Opening range breakout proxy found in recorded local cache; observe only, no execution.",eligible_for_read_only_observation,needs_read_only_bar_close_review,high,2026-04-30,2026-04-30T10:35:00,readonly_observation_candidate,-247.60,-0.25,观察中,raw:knowledge/raw/brooks/transcribed_v2/al_brooks_price_action_course_v2/units/video_048D_breakout_mode_opening_range.md;raw:knowledge/raw/brooks/transcribed_v2/al_brooks_price_action_course_v2/units/video_008C_candles_ttr_ii_ioi_breakout_mode.md;raw:knowledge/raw/brooks/transcribed_v2/al_brooks_price_action_course_v2/units/video_026A_triangles_ttr_wedges_flags_reversal_or_continuation.md,reports/strategy_lab/m10_price_action_strategy_refresh/backtest_specs/M10-PA-012.json,M10-PA-012,开盘区间突破,INTC,5m,false,none,,普通,false
今日新扫描机会,m12.scanner-candidate.v1,watch_candidate,d8a4229b68a8da06cfb7589a536e8b90bf4c634c81c3595d8c41845ccfa89b2a,native_daily_cache,local_data/longbridge_history/us_MU_1d_2010-06-29_2026-04-30_longbridge.csv,看涨,535.5000,5.3079,441.3000,723.9000,true,508.15,longbridge_quote_readonly,Trend and pullback proxy found; requires bar-by-bar confirmation before any future status change.,eligible_for_read_only_observation,needs_read_only_bar_close_review,high,2026-04-30,2026-04-30T16:00:00-04:00,readonly_observation_candidate,-145.15,-0.15,观察中,raw:knowledge/raw/brooks/transcribed_v2/al_brooks_price_action_course_v2/units/video_009A_pullbacks_bar_counting_basics_high_low_1_2.md;raw:knowledge/raw/brooks/transcribed_v2/al_brooks_price_action_course_v2/units/video_009C_pullbacks_endless_higher_lower_timeframes_countertrend_exit.md;raw:knowledge/raw/brooks/transcribed_v2/al_brooks_price_action_course_v2/units/video_014E_trends_tight_channel_small_pullback.md;raw:knowledge/raw/youtube/fangfangtu/transcripts/Price_Action方方土.pdf;raw:knowledge/raw/youtube/fangfangtu/transcripts/Price_Action方方土.pdf;raw:knowledge/raw/notes/方方土视频笔记 - 回调&数K线.pdf;raw:knowledge/raw/notes/方方土视频笔记 - 市场周期.pdf,reports/strategy_lab/m10_price_action_strategy_refresh/backtest_specs/M10-PA-001.json,M10-PA-001,趋势回调二次入场,MU,1d,false,none,,普通,false
今日新扫描机会,m12.scanner-candidate.v1,trigger_candidate,f60175051c14e836f750c608050bf63ece34b617d2b66e3e8aa3b9694cadc5c8,native_current_session_5m_cache,local_data/longbridge_intraday/us_MU_5m_2026-04-30_2026-04-30_longbridge.csv,看跌,511.7750,21.0748,535.5000,495.3750,true,508.15,longbridge_quote_readonly,"Opening range breakout proxy found in recorded local cache; observe only, no execution.",eligible_for_read_only_observation,needs_read_only_bar_close_review,high,2026-04-30,2026-04-30T10:05:00,readonly_observation_candidate,76.33,0.08,观察中,raw:knowledge/raw/brooks/transcribed_v2/al_brooks_price_action_course_v2/units/video_048D_breakout_mode_opening_range.md;raw:knowledge/raw/brooks/transcribed_v2/al_brooks_price_action_course_v2/units/video_008C_candles_ttr_ii_ioi_breakout_mode.md;raw:knowledge/raw/brooks/transcribed_v2/al_brooks_price_action_course_v2/units/video_026A_triangles_ttr_wedges_flags_reversal_or_continuation.md,reports/strategy_lab/m10_price_action_strategy_refresh/backtest_specs/M10-PA-012.json,M10-PA-012,开盘区间突破,MU,5m,false,none,,普通,false
今日新扫描机会,m12.scanner-candidate.v1,trigger_candidate,47e05f961d601e1dc5b67eef28e182f2e9e8bcb1ee1a167ede54bca8a6db9f90,native_current_session_5m_cache,local_data/longbridge_intraday/us_QCOM_5m_2026-04-30_2026-04-30_longbridge.csv,看涨,175.2500,42.7716,163.5600,186.1400,true,181.33,longbridge_quote_readonly,"Opening range breakout proxy found in recorded local cache; observe only, no execution.",eligible_for_read_only_observation,needs_read_only_bar_close_review,high,2026-04-30,2026-04-30T10:05:00,readonly_observation_candidate,260.05,0.26,观察中,raw:knowledge/raw/brooks/transcribed_v2/al_brooks_price_action_course_v2/units/video_048D_breakout_mode_opening_range.md;raw:knowledge/raw/brooks/transcribed_v2/al_brooks_price_action_course_v2/units/video_008C_candles_ttr_ii_ioi_breakout_mode.md;raw:knowledge/raw/brooks/transcribed_v2/al_brooks_price_action_course_v2/units/video_026A_triangles_ttr_wedges_flags_reversal_or_continuation.md,reports/strategy_lab/m10_price_action_strategy_refresh/backtest_specs/M10-PA-012.json,M10-PA-012,开盘区间突破,QCOM,5m,false,none,,普通,false
今日新扫描机会,m12.daily-candidate.v1,trigger_candidate,c51ff3dfdc72537857b2a264b255e7fe6ef1aa1bf489fda5b58f7e29af455449,native_daily_cache,local_data/longbridge_history/us_QCOM_1d_2010-06-29_2026-04-30_longbridge.csv,看涨,186.89,21.4316,163.56,233.55,true,181.33,longbridge_quote_readonly,日线市场周期和信号K确认同时出现；只做模拟观察。,eligible_for_read_only_observation,needs_read_only_bar_close_review,medium,2026-04-30,2026-04-30T16:00:00-04:00,readonly_observation_candidate,-119.16,-0.12,观察中,wiki:knowledge/wiki/sources/fangfangtu-market-cycle-note.md;raw:knowledge/raw/notes/方方土视频笔记 - 市场周期.pdf;wiki:knowledge/wiki/sources/fangfangtu-signal-bar-entry-note.md;raw:knowledge/raw/notes/方方土视频笔记 - 信号K线 & 入场.pdf,reports/strategy_lab/m10_price_action_strategy_refresh/daily_observation/m12_12_loop/m12_12_formal_daily_strategy_spec.json,M12-FTD-001,方方土日线趋势顺势信号K,QCOM,1d,false,none,,普通,false
今日新扫描机会,m12.scanner-candidate.v1,watch_candidate,8f78093e2382fcd6f3f7a15c99a503aef6ae0471cf251f3965483f3b18e10822,native_daily_cache,local_data/longbridge_history/us_ORCL_1d_2010-06-29_2026-04-30_longbridge.csv,看涨,165.1800,110.3753,160.6500,174.2400,true,162.64,longbridge_quote_readonly,Trend and pullback proxy found; requires bar-by-bar confirmation before any future status change.,eligible_for_read_only_observation,needs_read_only_bar_close_review,high,2026-04-30,2026-04-30T16:00:00-04:00,readonly_observation_candidate,-280.35,-0.28,观察中,raw:knowledge/raw/brooks/transcribed_v2/al_brooks_price_action_course_v2/units/video_009A_pullbacks_bar_counting_basics_high_low_1_2.md;raw:knowledge/raw/brooks/transcribed_v2/al_brooks_price_action_course_v2/units/video_009C_pullbacks_endless_higher_lower_timeframes_countertrend_exit.md;raw:knowledge/raw/brooks/transcribed_v2/al_brooks_price_action_course_v2/units/video_014E_trends_tight_channel_small_pullback.md;raw:knowledge/raw/youtube/fangfangtu/transcripts/Price_Action方方土.pdf;raw:knowledge/raw/youtube/fangfangtu/transcripts/Price_Action方方土.pdf;raw:knowledge/raw/notes/方方土视频笔记 - 回调&数K线.pdf;raw:knowledge/raw/notes/方方土视频笔记 - 市场周期.pdf,reports/strategy_lab/m10_price_action_strategy_refresh/backtest_specs/M10-PA-001.json,M10-PA-001,趋势回调二次入场,ORCL,1d,false,none,,普通,false
今日新扫描机会,m12.scanner-candidate.v1,watch_candidate,9b99b7a4d55e4dff823a8615265a533deeeabe6d671e59695e7f8e8415deb48b,native_daily_cache,local_data/longbridge_history/us_CRM_1d_2010-06-29_2026-04-30_longbridge.csv,看跌,173.0000,24.3191,193.5600,131.8800,true,176.97,longbridge_quote_readonly,Trend and pullback proxy found; requires bar-by-bar confirmation before any future status change.,eligible_for_read_only_observation,needs_read_only_bar_close_review,high,2026-04-30,2026-04-30T16:00:00-04:00,readonly_observation_candidate,-96.55,-0.10,观察中,raw:knowledge/raw/brooks/transcribed_v2/al_brooks_price_action_course_v2/units/video_009A_pullbacks_bar_counting_basics_high_low_1_2.md;raw:knowledge/raw/brooks/transcribed_v2/al_brooks_price_action_course_v2/units/video_009C_pullbacks_endless_higher_lower_timeframes_countertrend_exit.md;raw:knowledge/raw/brooks/transcribed_v2/al_brooks_price_action_course_v2/units/video_014E_trends_tight_channel_small_pullback.md;raw:knowledge/raw/youtube/fangfangtu/transcripts/Price_Action方方土.pdf;raw:knowledge/raw/youtube/fangfangtu/transcripts/Price_Action方方土.pdf;raw:knowledge/raw/notes/方方土视频笔记 - 回调&数K线.pdf;raw:knowledge/raw/notes/方方土视频笔记 - 市场周期.pdf,reports/strategy_lab/m10_price_action_strategy_refresh/backtest_specs/M10-PA-001.json,M10-PA-001,趋势回调二次入场,CRM,1d,false,none,,普通,false
今日新扫描机会,m12.scanner-candidate.v1,watch_candidate,bb049e51f4f67af0f7da88aacd3562312f81c57bee25414c6d6f56eebcb93797,native_daily_cache,local_data/longbridge_history/us_ADBE_1d_2010-06-29_2026-04-30_longbridge.csv,看跌,236.3150,22.2866,258.7500,191.4450,true,243.38,longbridge_quote_readonly,Trend and pullback proxy found; requires bar-by-bar confirmation before any future status change.,eligible_for_read_only_observation,needs_read_only_bar_close_review,high,2026-04-30,2026-04-30T16:00:00-04:00,readonly_observation_candidate,-157.34,-0.16,观察中,raw:knowledge/raw/brooks/transcribed_v2/al_brooks_price_action_course_v2/units/video_009A_pullbacks_bar_counting_basics_high_low_1_2.md;raw:knowledge/raw/brooks/transcribed_v2/al_brooks_price_action_course_v2/units/video_009C_pullbacks_endless_higher_lower_timeframes_countertrend_exit.md;raw:knowledge/raw/brooks/transcribed_v2/al_brooks_price_action_course_v2/units/video_014E_trends_tight_channel_small_pullback.md;raw:knowledge/raw/youtube/fangfangtu/transcripts/Price_Action方方土.pdf;raw:knowledge/raw/youtube/fangfangtu/transcripts/Price_Action方方土.pdf;raw:knowledge/raw/notes/方方土视频笔记 - 回调&数K线.pdf;raw:knowledge/raw/notes/方方土视频笔记 - 市场周期.pdf,reports/strategy_lab/m10_price_action_strategy_refresh/backtest_specs/M10-PA-001.json,M10-PA-001,趋势回调二次入场,ADBE,1d,false,none,,普通,false
今日新扫描机会,m12.scanner-candidate.v1,trigger_candidate,664845fd79967d6df2ab7f299fa75341d192692cc3164665b4d39d150974125a,native_current_session_5m_cache,local_data/longbridge_intraday/us_ADBE_5m_2026-04-30_2026-04-30_longbridge.csv,看涨,241.9050,98.1354,236.8100,246.0750,true,243.38,longbridge_quote_readonly,"Opening range breakout proxy found in recorded local cache; observe only, no execution.",eligible_for_read_only_observation,needs_read_only_bar_close_review,high,2026-04-30,2026-04-30T10:35:00,readonly_observation_candidate,144.26,0.14,观察中,raw:knowledge/raw/brooks/transcribed_v2/al_brooks_price_action_course_v2/units/video_048D_breakout_mode_opening_range.md;raw:knowledge/raw/brooks/transcribed_v2/al_brooks_price_action_course_v2/units/video_008C_candles_ttr_ii_ioi_breakout_mode.md;raw:knowledge/raw/brooks/transcribed_v2/al_brooks_price_action_course_v2/units/video_026A_triangles_ttr_wedges_flags_reversal_or_continuation.md,reports/strategy_lab/m10_price_action_strategy_refresh/backtest_specs/M10-PA-012.json,M10-PA-012,开盘区间突破,ADBE,5m,false,none,,普通,false
今日新扫描机会,m12.scanner-candidate.v1,watch_candidate,0172e84edaf3d2006c94f2177fa18b944783b27ddd6ab07811ffe7b425026cd9,native_daily_cache,local_data/longbridge_history/us_NOW_1d_2010-06-29_2026-04-30_longbridge.csv,看跌,85.8800,26.8528,104.5000,48.6400,true,87.62,longbridge_quote_readonly,Trend and pullback proxy found; requires bar-by-bar confirmation before any future status change.,eligible_for_read_only_observation,needs_read_only_bar_close_review,high,2026-04-30,2026-04-30T16:00:00-04:00,readonly_observation_candidate,-46.72,-0.05,观察中,raw:knowledge/raw/brooks/transcribed_v2/al_brooks_price_action_course_v2/units/video_009A_pullbacks_bar_counting_basics_high_low_1_2.md;raw:knowledge/raw/brooks/transcribed_v2/al_brooks_price_action_course_v2/units/video_009C_pullbacks_endless_higher_lower_timeframes_countertrend_exit.md;raw:knowledge/raw/brooks/transcribed_v2/al_brooks_price_action_course_v2/units/video_014E_trends_tight_channel_small_pullback.md;raw:knowledge/raw/youtube/fangfangtu/transcripts/Price_Action方方土.pdf;raw:knowledge/raw/youtube/fangfangtu/transcripts/Price_Action方方土.pdf;raw:knowledge/raw/notes/方方土视频笔记 - 回调&数K线.pdf;raw:knowledge/raw/notes/方方土视频笔记 - 市场周期.pdf,reports/strategy_lab/m10_price_action_strategy_refresh/backtest_specs/M10-PA-001.json,M10-PA-001,趋势回调二次入场,NOW,1d,false,none,,普通,false
今日新扫描机会,m12.scanner-candidate.v1,watch_candidate,1f89868dee42cc82fa699e3ccc15148c528d89d88e94fa9df6f3d4042f8d1a78,native_daily_cache,local_data/longbridge_history/us_SNOW_1d_2010-06-29_2026-04-30_longbridge.csv,看跌,133.0200,21.1149,156.7000,85.6600,true,137.00,longbridge_quote_readonly,Trend and pullback proxy found; requires bar-by-bar confirmation before any future status change.,eligible_for_read_only_observation,needs_read_only_bar_close_review,high,2026-04-30,2026-04-30T16:00:00-04:00,readonly_observation_candidate,-84.14,-0.08,观察中,raw:knowledge/raw/brooks/transcribed_v2/al_brooks_price_action_course_v2/units/video_009A_pullbacks_bar_counting_basics_high_low_1_2.md;raw:knowledge/raw/brooks/transcribed_v2/al_brooks_price_action_course_v2/units/video_009C_pullbacks_endless_higher_lower_timeframes_countertrend_exit.md;raw:knowledge/raw/brooks/transcribed_v2/al_brooks_price_action_course_v2/units/video_014E_trends_tight_channel_small_pullback.md;raw:knowledge/raw/youtube/fangfangtu/transcripts/Price_Action方方土.pdf;raw:knowledge/raw/youtube/fangfangtu/transcripts/Price_Action方方土.pdf;raw:knowledge/raw/notes/方方土视频笔记 - 回调&数K线.pdf;raw:knowledge/raw/notes/方方土视频笔记 - 市场周期.pdf,reports/strategy_lab/m10_price_action_strategy_refresh/backtest_specs/M10-PA-001.json,M10-PA-001,趋势回调二次入场,SNOW,1d,false,none,,普通,false
今日新扫描机会,m12.scanner-candidate.v1,trigger_candidate,0671b409b69ef2024fc7a7de2948badcee66f1c050969fa21b7e57aff85dcaa8,native_current_session_5m_cache,local_data/longbridge_intraday/us_SNOW_5m_2026-04-30_2026-04-30_longbridge.csv,看跌,133.8300,67.3401,141.2550,126.5850,true,137.00,longbridge_quote_readonly,"Opening range breakout proxy found in recorded local cache; observe only, no execution.",eligible_for_read_only_observation,needs_read_only_bar_close_review,high,2026-04-30,2026-04-30T10:05:00,readonly_observation_candidate,-213.80,-0.21,观察中,raw:knowledge/raw/brooks/transcribed_v2/al_brooks_price_action_course_v2/units/video_048D_breakout_mode_opening_range.md;raw:knowledge/raw/brooks/transcribed_v2/al_brooks_price_action_course_v2/units/video_008C_candles_ttr_ii_ioi_breakout_mode.md;raw:knowledge/raw/brooks/transcribed_v2/al_brooks_price_action_course_v2/units/video_026A_triangles_ttr_wedges_flags_reversal_or_continuation.md,reports/strategy_lab/m10_price_action_strategy_refresh/backtest_specs/M10-PA-012.json,M10-PA-012,开盘区间突破,SNOW,5m,false,none,,普通,false
今日新扫描机会,m12.scanner-candidate.v1,trigger_candidate,1c21f20a97b3d526ab22a9e1f2fadee808c051dec269d2fb91bfa4fd6e4c1a11,native_current_session_5m_cache,local_data/longbridge_intraday/us_PLTR_5m_2026-04-30_2026-04-30_longbridge.csv,看涨,139.3200,187.2659,136.6500,141.5000,true,139.19,longbridge_quote_readonly,"Opening range breakout proxy found in recorded local cache; observe only, no execution.",eligible_for_read_only_observation,needs_read_only_bar_close_review,high,2026-04-30,2026-04-30T10:40:00,readonly_observation_candidate,-24.34,-0.02,观察中,raw:knowledge/raw/brooks/transcribed_v2/al_brooks_price_action_course_v2/units/video_048D_breakout_mode_opening_range.md;raw:knowledge/raw/brooks/transcribed_v2/al_brooks_price_action_course_v2/units/video_008C_candles_ttr_ii_ioi_breakout_mode.md;raw:knowledge/raw/brooks/transcribed_v2/al_brooks_price_action_course_v2/units/video_026A_triangles_ttr_wedges_flags_reversal_or_continuation.md,reports/strategy_lab/m10_price_action_strategy_refresh/backtest_specs/M10-PA-012.json,M10-PA-012,开盘区间突破,PLTR,5m,false,none,,普通,false
今日新扫描机会,m12.scanner-candidate.v1,trigger_candidate,4bcc3305122da604de2e3f7d5095249f67594941251e83c2d3696866dac6cdc7,native_current_session_5m_cache,local_data/longbridge_intraday/us_PANW_5m_2026-04-30_2026-04-30_longbridge.csv,看涨,179.3120,1908.3969,179.0500,179.8360,true,179.31,longbridge_quote_readonly,20-bar breakout proxy matched; follow-through still needs bar-close observation.,eligible_for_read_only_observation,needs_read_only_bar_close_review,low,2026-04-30,2026-04-30T12:05:00,readonly_observation_candidate,0.00,0.00,观察中,raw:knowledge/raw/brooks/transcribed_v2/al_brooks_price_action_course_v2/units/video_015D_breakouts_second_leg_traps_strong_breakouts.md;raw:knowledge/raw/brooks/transcribed_v2/al_brooks_price_action_course_v2/units/video_015A_breakouts_definition_80_rule_reversal_tr.md;raw:knowledge/raw/brooks/transcribed_v2/al_brooks_price_action_course_v2/units/video_015B_breakouts_follow_through_reversal_small_start.md;raw:knowledge/raw/youtube/fangfangtu/transcripts/Price_Action方方土.pdf;raw:knowledge/raw/youtube/fangfangtu/transcripts/Price_Action方方土.pdf;raw:knowledge/raw/notes/方方土视频笔记-突破.pdf;raw:knowledge/raw/notes/方方土视频笔记-突破.pdf,reports/strategy_lab/m10_price_action_strategy_refresh/backtest_specs/M10-PA-002.json,M10-PA-002,突破后续跟进,PANW,5m,false,none,,普通,false
今日新扫描机会,m12.scanner-candidate.v1,trigger_candidate,4bcc3305122da604de2e3f7d5095249f67594941251e83c2d3696866dac6cdc7,native_current_session_5m_cache,local_data/longbridge_intraday/us_PANW_5m_2026-04-30_2026-04-30_longbridge.csv,看跌,174.5500,79.3651,180.8500,168.4570,true,179.31,longbridge_quote_readonly,"Opening range breakout proxy found in recorded local cache; observe only, no execution.",eligible_for_read_only_observation,needs_read_only_bar_close_review,high,2026-04-30,2026-04-30T10:05:00,readonly_observation_candidate,-377.94,-0.38,观察中,raw:knowledge/raw/brooks/transcribed_v2/al_brooks_price_action_course_v2/units/video_048D_breakout_mode_opening_range.md;raw:knowledge/raw/brooks/transcribed_v2/al_brooks_price_action_course_v2/units/video_008C_candles_ttr_ii_ioi_breakout_mode.md;raw:knowledge/raw/brooks/transcribed_v2/al_brooks_price_action_course_v2/units/video_026A_triangles_ttr_wedges_flags_reversal_or_continuation.md,reports/strategy_lab/m10_price_action_strategy_refresh/backtest_specs/M10-PA-012.json,M10-PA-012,开盘区间突破,PANW,5m,false,none,,普通,false
