strategy_id,variant_id,symbol,market,direction,entry_timestamp,exit_timestamp,entry_price,exit_price,risk_per_share,pnl_r,exit_reason,setup_type,source_refs,explanation
SF-004,quality_filter,NVDA,US,long,2025-04-02T10:05:00-04:00,2025-04-02T10:05:00-04:00,109.4900,108.7100,0.7800,-1.0000,stop_hit,tight_channel_trend_continuation__quality_filter,wiki:knowledge/wiki/sources/al-brooks-price-action-ppt-1-36-units.md | wiki:knowledge/wiki/sources/al-brooks-price-action-ppt-37-52-units.md | wiki:knowledge/wiki/sources/fangfangtu-market-cycle-note.md | wiki:knowledge/wiki/sources/fangfangtu-price-action-transcript.md,deterministic backtest assumed next-bar-open entry after signal 2bf7b021e0d6d5da; stop anchored to signal-bar extremum and target fixed at 2R. Tight Channel Trend Continuation quality_filter_v0_1 baseline on 5m longbridge intraday cache; family=tight_channel_trend_continuation
SF-004,quality_filter,NVDA,US,long,2025-04-02T12:50:00-04:00,2025-04-02T13:35:00-04:00,111.3800,110.8300,0.5500,-1.0000,stop_hit,tight_channel_trend_continuation__quality_filter,wiki:knowledge/wiki/sources/al-brooks-price-action-ppt-1-36-units.md | wiki:knowledge/wiki/sources/al-brooks-price-action-ppt-37-52-units.md | wiki:knowledge/wiki/sources/fangfangtu-market-cycle-note.md | wiki:knowledge/wiki/sources/fangfangtu-price-action-transcript.md,deterministic backtest assumed next-bar-open entry after signal b69f80312d0bc12d; stop anchored to signal-bar extremum and target fixed at 2R. Tight Channel Trend Continuation quality_filter_v0_1 baseline on 5m longbridge intraday cache; family=tight_channel_trend_continuation
SF-004,quality_filter,NVDA,US,short,2025-04-08T15:35:00-04:00,2025-04-08T15:45:00-04:00,95.8000,94.7200,0.5400,2.0000,target_hit,tight_channel_trend_continuation__quality_filter,wiki:knowledge/wiki/sources/al-brooks-price-action-ppt-1-36-units.md | wiki:knowledge/wiki/sources/al-brooks-price-action-ppt-37-52-units.md | wiki:knowledge/wiki/sources/fangfangtu-market-cycle-note.md | wiki:knowledge/wiki/sources/fangfangtu-price-action-transcript.md,deterministic backtest assumed next-bar-open entry after signal 5194a01b82362a51; stop anchored to signal-bar extremum and target fixed at 2R. Tight Channel Trend Continuation quality_filter_v0_1 baseline on 5m longbridge intraday cache; family=tight_channel_trend_continuation
SF-004,quality_filter,NVDA,US,long,2025-04-22T09:45:00-04:00,2025-04-22T13:20:00-04:00,98.7350,98.1800,0.5550,-1.0000,stop_hit,tight_channel_trend_continuation__quality_filter,wiki:knowledge/wiki/sources/al-brooks-price-action-ppt-1-36-units.md | wiki:knowledge/wiki/sources/al-brooks-price-action-ppt-37-52-units.md | wiki:knowledge/wiki/sources/fangfangtu-market-cycle-note.md | wiki:knowledge/wiki/sources/fangfangtu-price-action-transcript.md,deterministic backtest assumed next-bar-open entry after signal 6e50365c52eb266f; stop anchored to signal-bar extremum and target fixed at 2R. Tight Channel Trend Continuation quality_filter_v0_1 baseline on 5m longbridge intraday cache; family=tight_channel_trend_continuation
SF-004,quality_filter,NVDA,US,short,2025-04-24T15:30:00-04:00,2025-04-24T15:35:00-04:00,105.7250,105.9900,0.2650,-1.0000,stop_hit,tight_channel_trend_continuation__quality_filter,wiki:knowledge/wiki/sources/al-brooks-price-action-ppt-1-36-units.md | wiki:knowledge/wiki/sources/al-brooks-price-action-ppt-37-52-units.md | wiki:knowledge/wiki/sources/fangfangtu-market-cycle-note.md | wiki:knowledge/wiki/sources/fangfangtu-price-action-transcript.md,deterministic backtest assumed next-bar-open entry after signal d46033faec9b2a7f; stop anchored to signal-bar extremum and target fixed at 2R. Tight Channel Trend Continuation quality_filter_v0_1 baseline on 5m longbridge intraday cache; family=tight_channel_trend_continuation
SF-004,quality_filter,NVDA,US,long,2025-04-25T13:00:00-04:00,2025-04-25T13:45:00-04:00,110.9720,110.3600,0.6120,-1.0000,stop_hit,tight_channel_trend_continuation__quality_filter,wiki:knowledge/wiki/sources/al-brooks-price-action-ppt-1-36-units.md | wiki:knowledge/wiki/sources/al-brooks-price-action-ppt-37-52-units.md | wiki:knowledge/wiki/sources/fangfangtu-market-cycle-note.md | wiki:knowledge/wiki/sources/fangfangtu-price-action-transcript.md,deterministic backtest assumed next-bar-open entry after signal c5292d7d90b787b9; stop anchored to signal-bar extremum and target fixed at 2R. Tight Channel Trend Continuation quality_filter_v0_1 baseline on 5m longbridge intraday cache; family=tight_channel_trend_continuation
SF-004,quality_filter,NVDA,US,long,2025-05-01T09:50:00-04:00,2025-05-01T09:55:00-04:00,113.5200,112.9500,0.5700,-1.0000,stop_hit,tight_channel_trend_continuation__quality_filter,wiki:knowledge/wiki/sources/al-brooks-price-action-ppt-1-36-units.md | wiki:knowledge/wiki/sources/al-brooks-price-action-ppt-37-52-units.md | wiki:knowledge/wiki/sources/fangfangtu-market-cycle-note.md | wiki:knowledge/wiki/sources/fangfangtu-price-action-transcript.md,deterministic backtest assumed next-bar-open entry after signal d561d4152a7c7351; stop anchored to signal-bar extremum and target fixed at 2R. Tight Channel Trend Continuation quality_filter_v0_1 baseline on 5m longbridge intraday cache; family=tight_channel_trend_continuation
SF-004,quality_filter,NVDA,US,long,2025-05-13T09:55:00-04:00,2025-05-13T10:10:00-04:00,127.2500,128.8620,0.8060,2.0000,target_hit,tight_channel_trend_continuation__quality_filter,wiki:knowledge/wiki/sources/al-brooks-price-action-ppt-1-36-units.md | wiki:knowledge/wiki/sources/al-brooks-price-action-ppt-37-52-units.md | wiki:knowledge/wiki/sources/fangfangtu-market-cycle-note.md | wiki:knowledge/wiki/sources/fangfangtu-price-action-transcript.md,deterministic backtest assumed next-bar-open entry after signal 86a3f039668683e2; stop anchored to signal-bar extremum and target fixed at 2R. Tight Channel Trend Continuation quality_filter_v0_1 baseline on 5m longbridge intraday cache; family=tight_channel_trend_continuation
SF-004,quality_filter,NVDA,US,short,2025-06-04T12:30:00-04:00,2025-06-04T12:50:00-04:00,140.5100,140.8800,0.3700,-1.0000,stop_hit,tight_channel_trend_continuation__quality_filter,wiki:knowledge/wiki/sources/al-brooks-price-action-ppt-1-36-units.md | wiki:knowledge/wiki/sources/al-brooks-price-action-ppt-37-52-units.md | wiki:knowledge/wiki/sources/fangfangtu-market-cycle-note.md | wiki:knowledge/wiki/sources/fangfangtu-price-action-transcript.md,deterministic backtest assumed next-bar-open entry after signal 5f6dd93987c14673; stop anchored to signal-bar extremum and target fixed at 2R. Tight Channel Trend Continuation quality_filter_v0_1 baseline on 5m longbridge intraday cache; family=tight_channel_trend_continuation
SF-004,quality_filter,NVDA,US,short,2025-06-05T12:35:00-04:00,2025-06-05T12:40:00-04:00,142.7100,141.9800,0.3650,2.0000,target_hit,tight_channel_trend_continuation__quality_filter,wiki:knowledge/wiki/sources/al-brooks-price-action-ppt-1-36-units.md | wiki:knowledge/wiki/sources/al-brooks-price-action-ppt-37-52-units.md | wiki:knowledge/wiki/sources/fangfangtu-market-cycle-note.md | wiki:knowledge/wiki/sources/fangfangtu-price-action-transcript.md,deterministic backtest assumed next-bar-open entry after signal b3675210811eee55; stop anchored to signal-bar extremum and target fixed at 2R. Tight Channel Trend Continuation quality_filter_v0_1 baseline on 5m longbridge intraday cache; family=tight_channel_trend_continuation
SF-004,quality_filter,NVDA,US,short,2025-06-20T13:40:00-04:00,2025-06-20T13:40:00-04:00,143.3050,143.6000,0.2950,-1.0000,stop_hit,tight_channel_trend_continuation__quality_filter,wiki:knowledge/wiki/sources/al-brooks-price-action-ppt-1-36-units.md | wiki:knowledge/wiki/sources/al-brooks-price-action-ppt-37-52-units.md | wiki:knowledge/wiki/sources/fangfangtu-market-cycle-note.md | wiki:knowledge/wiki/sources/fangfangtu-price-action-transcript.md,deterministic backtest assumed next-bar-open entry after signal 6de202fbbcb43d16; stop anchored to signal-bar extremum and target fixed at 2R. Tight Channel Trend Continuation quality_filter_v0_1 baseline on 5m longbridge intraday cache; family=tight_channel_trend_continuation
SF-004,quality_filter,NVDA,US,long,2025-06-30T15:25:00-04:00,2025-06-30T15:50:00-04:00,157.9900,158.3600,0.1850,2.0000,target_hit,tight_channel_trend_continuation__quality_filter,wiki:knowledge/wiki/sources/al-brooks-price-action-ppt-1-36-units.md | wiki:knowledge/wiki/sources/al-brooks-price-action-ppt-37-52-units.md | wiki:knowledge/wiki/sources/fangfangtu-market-cycle-note.md | wiki:knowledge/wiki/sources/fangfangtu-price-action-transcript.md,deterministic backtest assumed next-bar-open entry after signal a711266632aabad7; stop anchored to signal-bar extremum and target fixed at 2R. Tight Channel Trend Continuation quality_filter_v0_1 baseline on 5m longbridge intraday cache; family=tight_channel_trend_continuation
SF-004,quality_filter,NVDA,US,short,2025-07-14T15:35:00-04:00,2025-07-14T15:40:00-04:00,164.2200,164.4050,0.1850,-1.0000,stop_hit,tight_channel_trend_continuation__quality_filter,wiki:knowledge/wiki/sources/al-brooks-price-action-ppt-1-36-units.md | wiki:knowledge/wiki/sources/al-brooks-price-action-ppt-37-52-units.md | wiki:knowledge/wiki/sources/fangfangtu-market-cycle-note.md | wiki:knowledge/wiki/sources/fangfangtu-price-action-transcript.md,deterministic backtest assumed next-bar-open entry after signal f964c5635d94d472; stop anchored to signal-bar extremum and target fixed at 2R. Tight Channel Trend Continuation quality_filter_v0_1 baseline on 5m longbridge intraday cache; family=tight_channel_trend_continuation
SF-004,quality_filter,NVDA,US,long,2025-07-17T09:45:00-04:00,2025-07-17T09:50:00-04:00,171.9650,173.0510,0.5430,2.0000,target_hit,tight_channel_trend_continuation__quality_filter,wiki:knowledge/wiki/sources/al-brooks-price-action-ppt-1-36-units.md | wiki:knowledge/wiki/sources/al-brooks-price-action-ppt-37-52-units.md | wiki:knowledge/wiki/sources/fangfangtu-market-cycle-note.md | wiki:knowledge/wiki/sources/fangfangtu-price-action-transcript.md,deterministic backtest assumed next-bar-open entry after signal e0915d19b0177473; stop anchored to signal-bar extremum and target fixed at 2R. Tight Channel Trend Continuation quality_filter_v0_1 baseline on 5m longbridge intraday cache; family=tight_channel_trend_continuation
SF-004,quality_filter,NVDA,US,long,2025-07-23T14:45:00-04:00,2025-07-23T15:35:00-04:00,170.7250,170.4700,0.2550,-1.0000,stop_hit,tight_channel_trend_continuation__quality_filter,wiki:knowledge/wiki/sources/al-brooks-price-action-ppt-1-36-units.md | wiki:knowledge/wiki/sources/al-brooks-price-action-ppt-37-52-units.md | wiki:knowledge/wiki/sources/fangfangtu-market-cycle-note.md | wiki:knowledge/wiki/sources/fangfangtu-price-action-transcript.md,deterministic backtest assumed next-bar-open entry after signal a93cb0118ffdcba6; stop anchored to signal-bar extremum and target fixed at 2R. Tight Channel Trend Continuation quality_filter_v0_1 baseline on 5m longbridge intraday cache; family=tight_channel_trend_continuation
SF-004,quality_filter,NVDA,US,long,2025-07-29T10:00:00-04:00,2025-07-29T10:00:00-04:00,179.2900,178.6700,0.6200,-1.0000,stop_hit,tight_channel_trend_continuation__quality_filter,wiki:knowledge/wiki/sources/al-brooks-price-action-ppt-1-36-units.md | wiki:knowledge/wiki/sources/al-brooks-price-action-ppt-37-52-units.md | wiki:knowledge/wiki/sources/fangfangtu-market-cycle-note.md | wiki:knowledge/wiki/sources/fangfangtu-price-action-transcript.md,deterministic backtest assumed next-bar-open entry after signal a68a8b37ac93888b; stop anchored to signal-bar extremum and target fixed at 2R. Tight Channel Trend Continuation quality_filter_v0_1 baseline on 5m longbridge intraday cache; family=tight_channel_trend_continuation
SF-004,quality_filter,NVDA,US,short,2025-07-31T13:55:00-04:00,2025-07-31T14:15:00-04:00,177.8390,176.2170,0.8110,2.0000,target_hit,tight_channel_trend_continuation__quality_filter,wiki:knowledge/wiki/sources/al-brooks-price-action-ppt-1-36-units.md | wiki:knowledge/wiki/sources/al-brooks-price-action-ppt-37-52-units.md | wiki:knowledge/wiki/sources/fangfangtu-market-cycle-note.md | wiki:knowledge/wiki/sources/fangfangtu-price-action-transcript.md,deterministic backtest assumed next-bar-open entry after signal 9296bd72a129d19e; stop anchored to signal-bar extremum and target fixed at 2R. Tight Channel Trend Continuation quality_filter_v0_1 baseline on 5m longbridge intraday cache; family=tight_channel_trend_continuation
SF-004,quality_filter,NVDA,US,short,2025-08-20T10:10:00-04:00,2025-08-20T11:10:00-04:00,169.7100,171.3050,1.5950,-1.0000,stop_hit,tight_channel_trend_continuation__quality_filter,wiki:knowledge/wiki/sources/al-brooks-price-action-ppt-1-36-units.md | wiki:knowledge/wiki/sources/al-brooks-price-action-ppt-37-52-units.md | wiki:knowledge/wiki/sources/fangfangtu-market-cycle-note.md | wiki:knowledge/wiki/sources/fangfangtu-price-action-transcript.md,deterministic backtest assumed next-bar-open entry after signal e0f3796ac65167d4; stop anchored to signal-bar extremum and target fixed at 2R. Tight Channel Trend Continuation quality_filter_v0_1 baseline on 5m longbridge intraday cache; family=tight_channel_trend_continuation
SF-004,quality_filter,NVDA,US,long,2025-08-21T14:00:00-04:00,2025-08-21T14:05:00-04:00,175.0300,174.7600,0.2700,-1.0000,stop_hit,tight_channel_trend_continuation__quality_filter,wiki:knowledge/wiki/sources/al-brooks-price-action-ppt-1-36-units.md | wiki:knowledge/wiki/sources/al-brooks-price-action-ppt-37-52-units.md | wiki:knowledge/wiki/sources/fangfangtu-market-cycle-note.md | wiki:knowledge/wiki/sources/fangfangtu-price-action-transcript.md,deterministic backtest assumed next-bar-open entry after signal 9bd2d302893c5b15; stop anchored to signal-bar extremum and target fixed at 2R. Tight Channel Trend Continuation quality_filter_v0_1 baseline on 5m longbridge intraday cache; family=tight_channel_trend_continuation
SF-004,quality_filter,NVDA,US,long,2025-08-26T14:55:00-04:00,2025-08-26T15:05:00-04:00,182.1070,182.0050,0.1020,-1.0000,stop_hit,tight_channel_trend_continuation__quality_filter,wiki:knowledge/wiki/sources/al-brooks-price-action-ppt-1-36-units.md | wiki:knowledge/wiki/sources/al-brooks-price-action-ppt-37-52-units.md | wiki:knowledge/wiki/sources/fangfangtu-market-cycle-note.md | wiki:knowledge/wiki/sources/fangfangtu-price-action-transcript.md,deterministic backtest assumed next-bar-open entry after signal b09726aa6dc28871; stop anchored to signal-bar extremum and target fixed at 2R. Tight Channel Trend Continuation quality_filter_v0_1 baseline on 5m longbridge intraday cache; family=tight_channel_trend_continuation
SF-004,quality_filter,NVDA,US,long,2025-08-28T14:50:00-04:00,2025-08-28T15:00:00-04:00,181.1500,180.9300,0.2200,-1.0000,stop_hit,tight_channel_trend_continuation__quality_filter,wiki:knowledge/wiki/sources/al-brooks-price-action-ppt-1-36-units.md | wiki:knowledge/wiki/sources/al-brooks-price-action-ppt-37-52-units.md | wiki:knowledge/wiki/sources/fangfangtu-market-cycle-note.md | wiki:knowledge/wiki/sources/fangfangtu-price-action-transcript.md,deterministic backtest assumed next-bar-open entry after signal 741e9a3f8761de56; stop anchored to signal-bar extremum and target fixed at 2R. Tight Channel Trend Continuation quality_filter_v0_1 baseline on 5m longbridge intraday cache; family=tight_channel_trend_continuation
SF-004,quality_filter,NVDA,US,short,2025-09-03T14:20:00-04:00,2025-09-03T14:35:00-04:00,169.6300,168.9300,0.3500,2.0000,target_hit,tight_channel_trend_continuation__quality_filter,wiki:knowledge/wiki/sources/al-brooks-price-action-ppt-1-36-units.md | wiki:knowledge/wiki/sources/al-brooks-price-action-ppt-37-52-units.md | wiki:knowledge/wiki/sources/fangfangtu-market-cycle-note.md | wiki:knowledge/wiki/sources/fangfangtu-price-action-transcript.md,deterministic backtest assumed next-bar-open entry after signal b04a4d31d96372be; stop anchored to signal-bar extremum and target fixed at 2R. Tight Channel Trend Continuation quality_filter_v0_1 baseline on 5m longbridge intraday cache; family=tight_channel_trend_continuation
SF-004,quality_filter,NVDA,US,long,2025-09-09T15:20:00-04:00,2025-09-09T15:50:00-04:00,169.7250,170.5550,0.4150,2.0000,target_hit,tight_channel_trend_continuation__quality_filter,wiki:knowledge/wiki/sources/al-brooks-price-action-ppt-1-36-units.md | wiki:knowledge/wiki/sources/al-brooks-price-action-ppt-37-52-units.md | wiki:knowledge/wiki/sources/fangfangtu-market-cycle-note.md | wiki:knowledge/wiki/sources/fangfangtu-price-action-transcript.md,deterministic backtest assumed next-bar-open entry after signal 278f280a29202dfd; stop anchored to signal-bar extremum and target fixed at 2R. Tight Channel Trend Continuation quality_filter_v0_1 baseline on 5m longbridge intraday cache; family=tight_channel_trend_continuation
SF-004,quality_filter,NVDA,US,long,2025-09-15T11:55:00-04:00,2025-09-15T11:55:00-04:00,178.0800,177.8000,0.2800,-1.0000,stop_hit,tight_channel_trend_continuation__quality_filter,wiki:knowledge/wiki/sources/al-brooks-price-action-ppt-1-36-units.md | wiki:knowledge/wiki/sources/al-brooks-price-action-ppt-37-52-units.md | wiki:knowledge/wiki/sources/fangfangtu-market-cycle-note.md | wiki:knowledge/wiki/sources/fangfangtu-price-action-transcript.md,deterministic backtest assumed next-bar-open entry after signal 2fbce56276e644d8; stop anchored to signal-bar extremum and target fixed at 2R. Tight Channel Trend Continuation quality_filter_v0_1 baseline on 5m longbridge intraday cache; family=tight_channel_trend_continuation
SF-004,quality_filter,NVDA,US,long,2025-09-16T09:45:00-04:00,2025-09-16T09:45:00-04:00,176.8450,176.5240,0.3210,-1.0000,stop_hit,tight_channel_trend_continuation__quality_filter,wiki:knowledge/wiki/sources/al-brooks-price-action-ppt-1-36-units.md | wiki:knowledge/wiki/sources/al-brooks-price-action-ppt-37-52-units.md | wiki:knowledge/wiki/sources/fangfangtu-market-cycle-note.md | wiki:knowledge/wiki/sources/fangfangtu-price-action-transcript.md,deterministic backtest assumed next-bar-open entry after signal b4eef21be74acded; stop anchored to signal-bar extremum and target fixed at 2R. Tight Channel Trend Continuation quality_filter_v0_1 baseline on 5m longbridge intraday cache; family=tight_channel_trend_continuation
SF-004,quality_filter,NVDA,US,long,2025-09-17T14:00:00-04:00,2025-09-17T14:05:00-04:00,171.0900,170.7650,0.3250,-1.0000,stop_hit,tight_channel_trend_continuation__quality_filter,wiki:knowledge/wiki/sources/al-brooks-price-action-ppt-1-36-units.md | wiki:knowledge/wiki/sources/al-brooks-price-action-ppt-37-52-units.md | wiki:knowledge/wiki/sources/fangfangtu-market-cycle-note.md | wiki:knowledge/wiki/sources/fangfangtu-price-action-transcript.md,deterministic backtest assumed next-bar-open entry after signal c351a5d0ef76f934; stop anchored to signal-bar extremum and target fixed at 2R. Tight Channel Trend Continuation quality_filter_v0_1 baseline on 5m longbridge intraday cache; family=tight_channel_trend_continuation
SF-004,quality_filter,NVDA,US,short,2025-10-03T10:25:00-04:00,2025-10-03T10:40:00-04:00,188.6040,189.1950,0.5910,-1.0000,stop_hit,tight_channel_trend_continuation__quality_filter,wiki:knowledge/wiki/sources/al-brooks-price-action-ppt-1-36-units.md | wiki:knowledge/wiki/sources/al-brooks-price-action-ppt-37-52-units.md | wiki:knowledge/wiki/sources/fangfangtu-market-cycle-note.md | wiki:knowledge/wiki/sources/fangfangtu-price-action-transcript.md,deterministic backtest assumed next-bar-open entry after signal 21033dce199f3d0f; stop anchored to signal-bar extremum and target fixed at 2R. Tight Channel Trend Continuation quality_filter_v0_1 baseline on 5m longbridge intraday cache; family=tight_channel_trend_continuation
SF-004,quality_filter,NVDA,US,short,2025-10-13T11:00:00-04:00,2025-10-13T11:05:00-04:00,186.2510,187.1600,0.9090,-1.0000,stop_hit,tight_channel_trend_continuation__quality_filter,wiki:knowledge/wiki/sources/al-brooks-price-action-ppt-1-36-units.md | wiki:knowledge/wiki/sources/al-brooks-price-action-ppt-37-52-units.md | wiki:knowledge/wiki/sources/fangfangtu-market-cycle-note.md | wiki:knowledge/wiki/sources/fangfangtu-price-action-transcript.md,deterministic backtest assumed next-bar-open entry after signal 0b578770581a9cb2; stop anchored to signal-bar extremum and target fixed at 2R. Tight Channel Trend Continuation quality_filter_v0_1 baseline on 5m longbridge intraday cache; family=tight_channel_trend_continuation
SF-004,quality_filter,NVDA,US,short,2025-10-31T11:40:00-04:00,2025-10-31T11:45:00-04:00,204.8500,205.4400,0.5900,-1.0000,stop_hit,tight_channel_trend_continuation__quality_filter,wiki:knowledge/wiki/sources/al-brooks-price-action-ppt-1-36-units.md | wiki:knowledge/wiki/sources/al-brooks-price-action-ppt-37-52-units.md | wiki:knowledge/wiki/sources/fangfangtu-market-cycle-note.md | wiki:knowledge/wiki/sources/fangfangtu-price-action-transcript.md,deterministic backtest assumed next-bar-open entry after signal f1ca185869243bb7; stop anchored to signal-bar extremum and target fixed at 2R. Tight Channel Trend Continuation quality_filter_v0_1 baseline on 5m longbridge intraday cache; family=tight_channel_trend_continuation
SF-004,quality_filter,NVDA,US,long,2025-11-03T12:35:00-05:00,2025-11-03T13:50:00-05:00,210.1590,209.3900,0.7690,-1.0000,stop_hit,tight_channel_trend_continuation__quality_filter,wiki:knowledge/wiki/sources/al-brooks-price-action-ppt-1-36-units.md | wiki:knowledge/wiki/sources/al-brooks-price-action-ppt-37-52-units.md | wiki:knowledge/wiki/sources/fangfangtu-market-cycle-note.md | wiki:knowledge/wiki/sources/fangfangtu-price-action-transcript.md,deterministic backtest assumed next-bar-open entry after signal 6cebf60441ba5e06; stop anchored to signal-bar extremum and target fixed at 2R. Tight Channel Trend Continuation quality_filter_v0_1 baseline on 5m longbridge intraday cache; family=tight_channel_trend_continuation
SF-004,quality_filter,NVDA,US,short,2025-11-03T14:20:00-05:00,2025-11-03T15:25:00-05:00,208.2100,206.8300,0.6900,2.0000,target_hit,tight_channel_trend_continuation__quality_filter,wiki:knowledge/wiki/sources/al-brooks-price-action-ppt-1-36-units.md | wiki:knowledge/wiki/sources/al-brooks-price-action-ppt-37-52-units.md | wiki:knowledge/wiki/sources/fangfangtu-market-cycle-note.md | wiki:knowledge/wiki/sources/fangfangtu-price-action-transcript.md,deterministic backtest assumed next-bar-open entry after signal 2e875b73971db026; stop anchored to signal-bar extremum and target fixed at 2R. Tight Channel Trend Continuation quality_filter_v0_1 baseline on 5m longbridge intraday cache; family=tight_channel_trend_continuation
SF-004,quality_filter,NVDA,US,short,2025-11-06T09:45:00-05:00,2025-11-06T10:35:00-05:00,195.1700,191.4700,1.8500,2.0000,target_hit,tight_channel_trend_continuation__quality_filter,wiki:knowledge/wiki/sources/al-brooks-price-action-ppt-1-36-units.md | wiki:knowledge/wiki/sources/al-brooks-price-action-ppt-37-52-units.md | wiki:knowledge/wiki/sources/fangfangtu-market-cycle-note.md | wiki:knowledge/wiki/sources/fangfangtu-price-action-transcript.md,deterministic backtest assumed next-bar-open entry after signal 91b5c17b7ca4405a; stop anchored to signal-bar extremum and target fixed at 2R. Tight Channel Trend Continuation quality_filter_v0_1 baseline on 5m longbridge intraday cache; family=tight_channel_trend_continuation
SF-004,quality_filter,NVDA,US,long,2025-11-14T11:40:00-05:00,2025-11-14T11:40:00-05:00,190.2900,189.8200,0.4700,-1.0000,stop_hit,tight_channel_trend_continuation__quality_filter,wiki:knowledge/wiki/sources/al-brooks-price-action-ppt-1-36-units.md | wiki:knowledge/wiki/sources/al-brooks-price-action-ppt-37-52-units.md | wiki:knowledge/wiki/sources/fangfangtu-market-cycle-note.md | wiki:knowledge/wiki/sources/fangfangtu-price-action-transcript.md,deterministic backtest assumed next-bar-open entry after signal 8ee9f87ccdf81fb5; stop anchored to signal-bar extremum and target fixed at 2R. Tight Channel Trend Continuation quality_filter_v0_1 baseline on 5m longbridge intraday cache; family=tight_channel_trend_continuation
SF-004,quality_filter,NVDA,US,short,2025-11-20T11:35:00-05:00,2025-11-20T11:40:00-05:00,188.9280,186.8840,1.0220,2.0000,target_hit,tight_channel_trend_continuation__quality_filter,wiki:knowledge/wiki/sources/al-brooks-price-action-ppt-1-36-units.md | wiki:knowledge/wiki/sources/al-brooks-price-action-ppt-37-52-units.md | wiki:knowledge/wiki/sources/fangfangtu-market-cycle-note.md | wiki:knowledge/wiki/sources/fangfangtu-price-action-transcript.md,deterministic backtest assumed next-bar-open entry after signal 8b9f33b49b6d567e; stop anchored to signal-bar extremum and target fixed at 2R. Tight Channel Trend Continuation quality_filter_v0_1 baseline on 5m longbridge intraday cache; family=tight_channel_trend_continuation
SF-004,quality_filter,NVDA,US,short,2025-11-24T09:45:00-05:00,2025-11-24T10:00:00-05:00,178.2600,179.5600,1.3000,-1.0000,stop_hit,tight_channel_trend_continuation__quality_filter,wiki:knowledge/wiki/sources/al-brooks-price-action-ppt-1-36-units.md | wiki:knowledge/wiki/sources/al-brooks-price-action-ppt-37-52-units.md | wiki:knowledge/wiki/sources/fangfangtu-market-cycle-note.md | wiki:knowledge/wiki/sources/fangfangtu-price-action-transcript.md,deterministic backtest assumed next-bar-open entry after signal d9fe932ed86f5fe7; stop anchored to signal-bar extremum and target fixed at 2R. Tight Channel Trend Continuation quality_filter_v0_1 baseline on 5m longbridge intraday cache; family=tight_channel_trend_continuation
SF-004,quality_filter,NVDA,US,short,2025-11-25T10:05:00-05:00,2025-11-25T10:40:00-05:00,169.9000,172.3850,2.4850,-1.0000,stop_hit,tight_channel_trend_continuation__quality_filter,wiki:knowledge/wiki/sources/al-brooks-price-action-ppt-1-36-units.md | wiki:knowledge/wiki/sources/al-brooks-price-action-ppt-37-52-units.md | wiki:knowledge/wiki/sources/fangfangtu-market-cycle-note.md | wiki:knowledge/wiki/sources/fangfangtu-price-action-transcript.md,deterministic backtest assumed next-bar-open entry after signal e168e7dd8565802c; stop anchored to signal-bar extremum and target fixed at 2R. Tight Channel Trend Continuation quality_filter_v0_1 baseline on 5m longbridge intraday cache; family=tight_channel_trend_continuation
SF-004,quality_filter,NVDA,US,long,2025-11-25T13:45:00-05:00,2025-11-25T14:00:00-05:00,176.3650,176.0000,0.3650,-1.0000,stop_hit,tight_channel_trend_continuation__quality_filter,wiki:knowledge/wiki/sources/al-brooks-price-action-ppt-1-36-units.md | wiki:knowledge/wiki/sources/al-brooks-price-action-ppt-37-52-units.md | wiki:knowledge/wiki/sources/fangfangtu-market-cycle-note.md | wiki:knowledge/wiki/sources/fangfangtu-price-action-transcript.md,deterministic backtest assumed next-bar-open entry after signal 85b40cc9826bd63f; stop anchored to signal-bar extremum and target fixed at 2R. Tight Channel Trend Continuation quality_filter_v0_1 baseline on 5m longbridge intraday cache; family=tight_channel_trend_continuation
SF-004,quality_filter,NVDA,US,short,2025-11-25T14:35:00-05:00,2025-11-25T14:55:00-05:00,174.3400,174.8700,0.5300,-1.0000,stop_hit,tight_channel_trend_continuation__quality_filter,wiki:knowledge/wiki/sources/al-brooks-price-action-ppt-1-36-units.md | wiki:knowledge/wiki/sources/al-brooks-price-action-ppt-37-52-units.md | wiki:knowledge/wiki/sources/fangfangtu-market-cycle-note.md | wiki:knowledge/wiki/sources/fangfangtu-price-action-transcript.md,deterministic backtest assumed next-bar-open entry after signal 7ecc50368afa8611; stop anchored to signal-bar extremum and target fixed at 2R. Tight Channel Trend Continuation quality_filter_v0_1 baseline on 5m longbridge intraday cache; family=tight_channel_trend_continuation
SF-004,quality_filter,NVDA,US,long,2025-11-25T15:25:00-05:00,2025-11-25T15:25:00-05:00,176.5080,176.9440,0.2180,2.0000,target_hit,tight_channel_trend_continuation__quality_filter,wiki:knowledge/wiki/sources/al-brooks-price-action-ppt-1-36-units.md | wiki:knowledge/wiki/sources/al-brooks-price-action-ppt-37-52-units.md | wiki:knowledge/wiki/sources/fangfangtu-market-cycle-note.md | wiki:knowledge/wiki/sources/fangfangtu-price-action-transcript.md,deterministic backtest assumed next-bar-open entry after signal 6e731f185f2035d7; stop anchored to signal-bar extremum and target fixed at 2R. Tight Channel Trend Continuation quality_filter_v0_1 baseline on 5m longbridge intraday cache; family=tight_channel_trend_continuation
SF-004,quality_filter,NVDA,US,short,2025-12-09T15:20:00-05:00,2025-12-09T15:20:00-05:00,184.2500,184.3300,0.0800,-1.0000,stop_hit,tight_channel_trend_continuation__quality_filter,wiki:knowledge/wiki/sources/al-brooks-price-action-ppt-1-36-units.md | wiki:knowledge/wiki/sources/al-brooks-price-action-ppt-37-52-units.md | wiki:knowledge/wiki/sources/fangfangtu-market-cycle-note.md | wiki:knowledge/wiki/sources/fangfangtu-price-action-transcript.md,deterministic backtest assumed next-bar-open entry after signal f5714d58f3da099d; stop anchored to signal-bar extremum and target fixed at 2R. Tight Channel Trend Continuation quality_filter_v0_1 baseline on 5m longbridge intraday cache; family=tight_channel_trend_continuation
SF-004,quality_filter,NVDA,US,long,2025-12-15T11:20:00-05:00,2025-12-15T12:50:00-05:00,177.9460,177.1600,0.7860,-1.0000,stop_hit,tight_channel_trend_continuation__quality_filter,wiki:knowledge/wiki/sources/al-brooks-price-action-ppt-1-36-units.md | wiki:knowledge/wiki/sources/al-brooks-price-action-ppt-37-52-units.md | wiki:knowledge/wiki/sources/fangfangtu-market-cycle-note.md | wiki:knowledge/wiki/sources/fangfangtu-price-action-transcript.md,deterministic backtest assumed next-bar-open entry after signal 029b3a233cf21dbc; stop anchored to signal-bar extremum and target fixed at 2R. Tight Channel Trend Continuation quality_filter_v0_1 baseline on 5m longbridge intraday cache; family=tight_channel_trend_continuation
SF-004,quality_filter,NVDA,US,short,2025-12-17T11:15:00-05:00,2025-12-17T12:50:00-05:00,171.0700,172.1890,1.1190,-1.0000,stop_hit,tight_channel_trend_continuation__quality_filter,wiki:knowledge/wiki/sources/al-brooks-price-action-ppt-1-36-units.md | wiki:knowledge/wiki/sources/al-brooks-price-action-ppt-37-52-units.md | wiki:knowledge/wiki/sources/fangfangtu-market-cycle-note.md | wiki:knowledge/wiki/sources/fangfangtu-price-action-transcript.md,deterministic backtest assumed next-bar-open entry after signal a9dcff67c1731490; stop anchored to signal-bar extremum and target fixed at 2R. Tight Channel Trend Continuation quality_filter_v0_1 baseline on 5m longbridge intraday cache; family=tight_channel_trend_continuation
SF-004,quality_filter,NVDA,US,long,2025-12-19T12:40:00-05:00,2025-12-19T13:00:00-05:00,180.8100,180.4950,0.3150,-1.0000,stop_hit,tight_channel_trend_continuation__quality_filter,wiki:knowledge/wiki/sources/al-brooks-price-action-ppt-1-36-units.md | wiki:knowledge/wiki/sources/al-brooks-price-action-ppt-37-52-units.md | wiki:knowledge/wiki/sources/fangfangtu-market-cycle-note.md | wiki:knowledge/wiki/sources/fangfangtu-price-action-transcript.md,deterministic backtest assumed next-bar-open entry after signal 5a613e22198e5a4b; stop anchored to signal-bar extremum and target fixed at 2R. Tight Channel Trend Continuation quality_filter_v0_1 baseline on 5m longbridge intraday cache; family=tight_channel_trend_continuation
SF-004,quality_filter,NVDA,US,short,2025-12-26T15:10:00-05:00,2025-12-26T15:50:00-05:00,191.5950,191.3050,0.1450,2.0000,target_hit,tight_channel_trend_continuation__quality_filter,wiki:knowledge/wiki/sources/al-brooks-price-action-ppt-1-36-units.md | wiki:knowledge/wiki/sources/al-brooks-price-action-ppt-37-52-units.md | wiki:knowledge/wiki/sources/fangfangtu-market-cycle-note.md | wiki:knowledge/wiki/sources/fangfangtu-price-action-transcript.md,deterministic backtest assumed next-bar-open entry after signal 857c673725618e16; stop anchored to signal-bar extremum and target fixed at 2R. Tight Channel Trend Continuation quality_filter_v0_1 baseline on 5m longbridge intraday cache; family=tight_channel_trend_continuation
SF-004,quality_filter,NVDA,US,short,2025-12-29T09:50:00-05:00,2025-12-29T14:50:00-05:00,187.1350,187.9150,0.7800,-1.0000,stop_hit,tight_channel_trend_continuation__quality_filter,wiki:knowledge/wiki/sources/al-brooks-price-action-ppt-1-36-units.md | wiki:knowledge/wiki/sources/al-brooks-price-action-ppt-37-52-units.md | wiki:knowledge/wiki/sources/fangfangtu-market-cycle-note.md | wiki:knowledge/wiki/sources/fangfangtu-price-action-transcript.md,deterministic backtest assumed next-bar-open entry after signal efb37d10a88e0a60; stop anchored to signal-bar extremum and target fixed at 2R. Tight Channel Trend Continuation quality_filter_v0_1 baseline on 5m longbridge intraday cache; family=tight_channel_trend_continuation
SF-004,quality_filter,NVDA,US,short,2026-01-05T14:35:00-05:00,2026-01-05T14:45:00-05:00,186.3860,186.6600,0.2740,-1.0000,stop_hit,tight_channel_trend_continuation__quality_filter,wiki:knowledge/wiki/sources/al-brooks-price-action-ppt-1-36-units.md | wiki:knowledge/wiki/sources/al-brooks-price-action-ppt-37-52-units.md | wiki:knowledge/wiki/sources/fangfangtu-market-cycle-note.md | wiki:knowledge/wiki/sources/fangfangtu-price-action-transcript.md,deterministic backtest assumed next-bar-open entry after signal 4b1b25ef3f21abe6; stop anchored to signal-bar extremum and target fixed at 2R. Tight Channel Trend Continuation quality_filter_v0_1 baseline on 5m longbridge intraday cache; family=tight_channel_trend_continuation
SF-004,quality_filter,NVDA,US,short,2026-01-12T15:35:00-05:00,2026-01-12T15:50:00-05:00,185.8460,185.4620,0.1920,2.0000,target_hit,tight_channel_trend_continuation__quality_filter,wiki:knowledge/wiki/sources/al-brooks-price-action-ppt-1-36-units.md | wiki:knowledge/wiki/sources/al-brooks-price-action-ppt-37-52-units.md | wiki:knowledge/wiki/sources/fangfangtu-market-cycle-note.md | wiki:knowledge/wiki/sources/fangfangtu-price-action-transcript.md,deterministic backtest assumed next-bar-open entry after signal 54bf4918b489837b; stop anchored to signal-bar extremum and target fixed at 2R. Tight Channel Trend Continuation quality_filter_v0_1 baseline on 5m longbridge intraday cache; family=tight_channel_trend_continuation
SF-004,quality_filter,NVDA,US,long,2026-01-13T11:40:00-05:00,2026-01-13T11:45:00-05:00,186.1400,187.0800,0.4700,2.0000,target_hit,tight_channel_trend_continuation__quality_filter,wiki:knowledge/wiki/sources/al-brooks-price-action-ppt-1-36-units.md | wiki:knowledge/wiki/sources/al-brooks-price-action-ppt-37-52-units.md | wiki:knowledge/wiki/sources/fangfangtu-market-cycle-note.md | wiki:knowledge/wiki/sources/fangfangtu-price-action-transcript.md,deterministic backtest assumed next-bar-open entry after signal 2b7d0869bf9c92fa; stop anchored to signal-bar extremum and target fixed at 2R. Tight Channel Trend Continuation quality_filter_v0_1 baseline on 5m longbridge intraday cache; family=tight_channel_trend_continuation
SF-004,quality_filter,NVDA,US,short,2026-01-13T12:45:00-05:00,2026-01-13T12:55:00-05:00,185.7400,184.8800,0.4300,2.0000,target_hit,tight_channel_trend_continuation__quality_filter,wiki:knowledge/wiki/sources/al-brooks-price-action-ppt-1-36-units.md | wiki:knowledge/wiki/sources/al-brooks-price-action-ppt-37-52-units.md | wiki:knowledge/wiki/sources/fangfangtu-market-cycle-note.md | wiki:knowledge/wiki/sources/fangfangtu-price-action-transcript.md,deterministic backtest assumed next-bar-open entry after signal 7e8a5770cd1fd833; stop anchored to signal-bar extremum and target fixed at 2R. Tight Channel Trend Continuation quality_filter_v0_1 baseline on 5m longbridge intraday cache; family=tight_channel_trend_continuation
SF-004,quality_filter,NVDA,US,short,2026-01-15T14:55:00-05:00,2026-01-15T15:10:00-05:00,188.7200,188.1800,0.2700,2.0000,target_hit,tight_channel_trend_continuation__quality_filter,wiki:knowledge/wiki/sources/al-brooks-price-action-ppt-1-36-units.md | wiki:knowledge/wiki/sources/al-brooks-price-action-ppt-37-52-units.md | wiki:knowledge/wiki/sources/fangfangtu-market-cycle-note.md | wiki:knowledge/wiki/sources/fangfangtu-price-action-transcript.md,deterministic backtest assumed next-bar-open entry after signal a140e7adb6fc0a07; stop anchored to signal-bar extremum and target fixed at 2R. Tight Channel Trend Continuation quality_filter_v0_1 baseline on 5m longbridge intraday cache; family=tight_channel_trend_continuation
SF-004,quality_filter,NVDA,US,long,2026-01-21T11:10:00-05:00,2026-01-21T11:25:00-05:00,183.1300,182.7900,0.3400,-1.0000,stop_hit,tight_channel_trend_continuation__quality_filter,wiki:knowledge/wiki/sources/al-brooks-price-action-ppt-1-36-units.md | wiki:knowledge/wiki/sources/al-brooks-price-action-ppt-37-52-units.md | wiki:knowledge/wiki/sources/fangfangtu-market-cycle-note.md | wiki:knowledge/wiki/sources/fangfangtu-price-action-transcript.md,deterministic backtest assumed next-bar-open entry after signal 9fc17042acefb717; stop anchored to signal-bar extremum and target fixed at 2R. Tight Channel Trend Continuation quality_filter_v0_1 baseline on 5m longbridge intraday cache; family=tight_channel_trend_continuation
SF-004,quality_filter,NVDA,US,short,2026-01-21T12:00:00-05:00,2026-01-21T13:45:00-05:00,180.1400,180.7900,0.6500,-1.0000,stop_hit,tight_channel_trend_continuation__quality_filter,wiki:knowledge/wiki/sources/al-brooks-price-action-ppt-1-36-units.md | wiki:knowledge/wiki/sources/al-brooks-price-action-ppt-37-52-units.md | wiki:knowledge/wiki/sources/fangfangtu-market-cycle-note.md | wiki:knowledge/wiki/sources/fangfangtu-price-action-transcript.md,deterministic backtest assumed next-bar-open entry after signal 8e9e15dd17541edd; stop anchored to signal-bar extremum and target fixed at 2R. Tight Channel Trend Continuation quality_filter_v0_1 baseline on 5m longbridge intraday cache; family=tight_channel_trend_continuation
SF-004,quality_filter,NVDA,US,long,2026-01-21T13:30:00-05:00,2026-01-21T13:45:00-05:00,180.2600,180.7000,0.2200,2.0000,target_hit,tight_channel_trend_continuation__quality_filter,wiki:knowledge/wiki/sources/al-brooks-price-action-ppt-1-36-units.md | wiki:knowledge/wiki/sources/al-brooks-price-action-ppt-37-52-units.md | wiki:knowledge/wiki/sources/fangfangtu-market-cycle-note.md | wiki:knowledge/wiki/sources/fangfangtu-price-action-transcript.md,deterministic backtest assumed next-bar-open entry after signal 4de0fd7bf865d72b; stop anchored to signal-bar extremum and target fixed at 2R. Tight Channel Trend Continuation quality_filter_v0_1 baseline on 5m longbridge intraday cache; family=tight_channel_trend_continuation
SF-004,quality_filter,NVDA,US,short,2026-01-30T13:35:00-05:00,2026-01-30T13:45:00-05:00,190.5800,191.3300,0.7500,-1.0000,stop_hit,tight_channel_trend_continuation__quality_filter,wiki:knowledge/wiki/sources/al-brooks-price-action-ppt-1-36-units.md | wiki:knowledge/wiki/sources/al-brooks-price-action-ppt-37-52-units.md | wiki:knowledge/wiki/sources/fangfangtu-market-cycle-note.md | wiki:knowledge/wiki/sources/fangfangtu-price-action-transcript.md,deterministic backtest assumed next-bar-open entry after signal f620cb61306cac1a; stop anchored to signal-bar extremum and target fixed at 2R. Tight Channel Trend Continuation quality_filter_v0_1 baseline on 5m longbridge intraday cache; family=tight_channel_trend_continuation
SF-004,quality_filter,NVDA,US,short,2026-02-02T15:25:00-05:00,2026-02-02T15:40:00-05:00,186.8050,185.8350,0.4850,2.0000,target_hit,tight_channel_trend_continuation__quality_filter,wiki:knowledge/wiki/sources/al-brooks-price-action-ppt-1-36-units.md | wiki:knowledge/wiki/sources/al-brooks-price-action-ppt-37-52-units.md | wiki:knowledge/wiki/sources/fangfangtu-market-cycle-note.md | wiki:knowledge/wiki/sources/fangfangtu-price-action-transcript.md,deterministic backtest assumed next-bar-open entry after signal 351b3be1324dcd02; stop anchored to signal-bar extremum and target fixed at 2R. Tight Channel Trend Continuation quality_filter_v0_1 baseline on 5m longbridge intraday cache; family=tight_channel_trend_continuation
SF-004,quality_filter,NVDA,US,short,2026-02-03T09:35:00-05:00,2026-02-03T10:20:00-05:00,184.1300,179.9100,2.1100,2.0000,target_hit,tight_channel_trend_continuation__quality_filter,wiki:knowledge/wiki/sources/al-brooks-price-action-ppt-1-36-units.md | wiki:knowledge/wiki/sources/al-brooks-price-action-ppt-37-52-units.md | wiki:knowledge/wiki/sources/fangfangtu-market-cycle-note.md | wiki:knowledge/wiki/sources/fangfangtu-price-action-transcript.md,deterministic backtest assumed next-bar-open entry after signal e3c9fb093d2a131f; stop anchored to signal-bar extremum and target fixed at 2R. Tight Channel Trend Continuation quality_filter_v0_1 baseline on 5m longbridge intraday cache; family=tight_channel_trend_continuation
SF-004,quality_filter,NVDA,US,short,2026-02-03T09:55:00-05:00,2026-02-03T10:05:00-05:00,182.8850,181.0450,0.9200,2.0000,target_hit,tight_channel_trend_continuation__quality_filter,wiki:knowledge/wiki/sources/al-brooks-price-action-ppt-1-36-units.md | wiki:knowledge/wiki/sources/al-brooks-price-action-ppt-37-52-units.md | wiki:knowledge/wiki/sources/fangfangtu-market-cycle-note.md | wiki:knowledge/wiki/sources/fangfangtu-price-action-transcript.md,deterministic backtest assumed next-bar-open entry after signal f132f68ea0542272; stop anchored to signal-bar extremum and target fixed at 2R. Tight Channel Trend Continuation quality_filter_v0_1 baseline on 5m longbridge intraday cache; family=tight_channel_trend_continuation
SF-004,quality_filter,NVDA,US,long,2026-02-03T15:55:00-05:00,2026-02-04T09:30:00-05:00,180.2900,179.5200,0.7700,-1.0000,stop_hit,tight_channel_trend_continuation__quality_filter,wiki:knowledge/wiki/sources/al-brooks-price-action-ppt-1-36-units.md | wiki:knowledge/wiki/sources/al-brooks-price-action-ppt-37-52-units.md | wiki:knowledge/wiki/sources/fangfangtu-market-cycle-note.md | wiki:knowledge/wiki/sources/fangfangtu-price-action-transcript.md,deterministic backtest assumed next-bar-open entry after signal ce8c630c37d72c3a; stop anchored to signal-bar extremum and target fixed at 2R. Tight Channel Trend Continuation quality_filter_v0_1 baseline on 5m longbridge intraday cache; family=tight_channel_trend_continuation
SF-004,quality_filter,NVDA,US,short,2026-02-10T10:05:00-05:00,2026-02-10T10:40:00-05:00,188.8000,189.4000,0.6000,-1.0000,stop_hit,tight_channel_trend_continuation__quality_filter,wiki:knowledge/wiki/sources/al-brooks-price-action-ppt-1-36-units.md | wiki:knowledge/wiki/sources/al-brooks-price-action-ppt-37-52-units.md | wiki:knowledge/wiki/sources/fangfangtu-market-cycle-note.md | wiki:knowledge/wiki/sources/fangfangtu-price-action-transcript.md,deterministic backtest assumed next-bar-open entry after signal 5d992ae2abceb4de; stop anchored to signal-bar extremum and target fixed at 2R. Tight Channel Trend Continuation quality_filter_v0_1 baseline on 5m longbridge intraday cache; family=tight_channel_trend_continuation
SF-004,quality_filter,NVDA,US,short,2026-03-09T13:20:00-04:00,2026-03-09T14:00:00-04:00,179.5900,179.9400,0.3500,-1.0000,stop_hit,tight_channel_trend_continuation__quality_filter,wiki:knowledge/wiki/sources/al-brooks-price-action-ppt-1-36-units.md | wiki:knowledge/wiki/sources/al-brooks-price-action-ppt-37-52-units.md | wiki:knowledge/wiki/sources/fangfangtu-market-cycle-note.md | wiki:knowledge/wiki/sources/fangfangtu-price-action-transcript.md,deterministic backtest assumed next-bar-open entry after signal 76e7c5237ca3ee89; stop anchored to signal-bar extremum and target fixed at 2R. Tight Channel Trend Continuation quality_filter_v0_1 baseline on 5m longbridge intraday cache; family=tight_channel_trend_continuation
SF-004,quality_filter,NVDA,US,short,2026-03-16T15:20:00-04:00,2026-03-18T09:30:00-04:00,184.2300,180.7400,1.7450,2.0000,target_hit,tight_channel_trend_continuation__quality_filter,wiki:knowledge/wiki/sources/al-brooks-price-action-ppt-1-36-units.md | wiki:knowledge/wiki/sources/al-brooks-price-action-ppt-37-52-units.md | wiki:knowledge/wiki/sources/fangfangtu-market-cycle-note.md | wiki:knowledge/wiki/sources/fangfangtu-price-action-transcript.md,deterministic backtest assumed next-bar-open entry after signal 6c8d486069505e60; stop anchored to signal-bar extremum and target fixed at 2R. Tight Channel Trend Continuation quality_filter_v0_1 baseline on 5m longbridge intraday cache; family=tight_channel_trend_continuation
SF-004,quality_filter,NVDA,US,short,2026-04-15T13:55:00-04:00,2026-04-15T14:00:00-04:00,196.6150,195.9470,0.3340,2.0000,target_hit,tight_channel_trend_continuation__quality_filter,wiki:knowledge/wiki/sources/al-brooks-price-action-ppt-1-36-units.md | wiki:knowledge/wiki/sources/al-brooks-price-action-ppt-37-52-units.md | wiki:knowledge/wiki/sources/fangfangtu-market-cycle-note.md | wiki:knowledge/wiki/sources/fangfangtu-price-action-transcript.md,deterministic backtest assumed next-bar-open entry after signal 5b2844573daac7ad; stop anchored to signal-bar extremum and target fixed at 2R. Tight Channel Trend Continuation quality_filter_v0_1 baseline on 5m longbridge intraday cache; family=tight_channel_trend_continuation
SF-004,quality_filter,NVDA,US,long,2026-04-20T14:05:00-04:00,2026-04-20T14:25:00-04:00,200.1700,200.6100,0.2200,2.0000,target_hit,tight_channel_trend_continuation__quality_filter,wiki:knowledge/wiki/sources/al-brooks-price-action-ppt-1-36-units.md | wiki:knowledge/wiki/sources/al-brooks-price-action-ppt-37-52-units.md | wiki:knowledge/wiki/sources/fangfangtu-market-cycle-note.md | wiki:knowledge/wiki/sources/fangfangtu-price-action-transcript.md,deterministic backtest assumed next-bar-open entry after signal fa6bee4dbffe14db; stop anchored to signal-bar extremum and target fixed at 2R. Tight Channel Trend Continuation quality_filter_v0_1 baseline on 5m longbridge intraday cache; family=tight_channel_trend_continuation
