grain,strategy_id,timeframe,symbol,cost_tier,account_count,initial_capital,final_equity,net_profit,return_percent,trade_count,win_rate,profit_factor,max_drawdown,max_drawdown_percent,max_consecutive_losses,average_win,average_loss,average_holding_bars,best_symbol,worst_symbol,best_timeframe,worst_timeframe,quality_flag,status
strategy_timeframe_symbol,M10-PA-004,1d,AAPL,baseline,1,100000.00,102391.07,2391.07,2.3911,50,0.4000,1.1722,4435.61,4.4356,4,813.87,-462.88,37.2185,AAPL,AAPL,1d,1d,normal_density_review,completed_capital_test
strategy_timeframe_symbol,M10-PA-004,1d,AAPL,stress_high,1,100000.00,101409.49,1409.49,1.4095,50,0.4000,1.0976,4923.99,4.9240,4,792.83,-481.57,37.2185,AAPL,AAPL,1d,1d,normal_density_review,completed_capital_test
strategy_timeframe_symbol,M10-PA-004,1d,AAPL,stress_low,1,100000.00,102144.82,2144.82,2.1448,50,0.4000,1.1529,4557.94,4.5579,4,808.59,-467.57,37.2185,AAPL,AAPL,1d,1d,normal_density_review,completed_capital_test
strategy_timeframe_symbol,M10-PA-004,1d,ADBE,baseline,1,100000.00,95450.13,-4549.87,-4.5499,47,0.2979,0.6962,7190.34,7.1903,6,744.86,-453.87,39.2766,ADBE,ADBE,1d,1d,normal_density_review,completed_capital_test
strategy_timeframe_symbol,M10-PA-004,1d,ADBE,stress_high,1,100000.00,94726.97,-5273.03,-5.2730,47,0.2979,0.6601,7604.66,7.6047,6,731.35,-470.06,39.2766,ADBE,ADBE,1d,1d,normal_density_review,completed_capital_test
strategy_timeframe_symbol,M10-PA-004,1d,ADBE,stress_low,1,100000.00,95268.84,-4731.16,-4.7312,47,0.2979,0.6869,7294.08,7.2941,6,741.47,-457.93,39.2766,ADBE,ADBE,1d,1d,normal_density_review,completed_capital_test
strategy_timeframe_symbol,M10-PA-004,1d,AMD,baseline,1,100000.00,99520.93,-479.07,-0.4791,48,0.3542,0.9688,4563.59,4.5636,6,875.58,-495.61,40.0769,AMD,AMD,1d,1d,normal_density_review,completed_capital_test
strategy_timeframe_symbol,M10-PA-004,1d,AMD,stress_high,1,100000.00,99170.10,-829.90,-0.8299,48,0.3542,0.9466,4706.21,4.7062,6,866.17,-501.77,40.0769,AMD,AMD,1d,1d,normal_density_review,completed_capital_test
strategy_timeframe_symbol,M10-PA-004,1d,AMD,stress_low,1,100000.00,99433.11,-566.89,-0.5669,48,0.3542,0.9632,4599.28,4.5993,6,873.23,-497.15,40.0769,AMD,AMD,1d,1d,normal_density_review,completed_capital_test
strategy_timeframe_symbol,M10-PA-004,1d,AMZN,baseline,1,100000.00,105446.59,5446.59,5.4466,48,0.4167,1.3993,3797.19,3.7972,7,954.27,-487.10,24.5385,AMZN,AMZN,1d,1d,normal_density_review,completed_capital_test
strategy_timeframe_symbol,M10-PA-004,1d,AMZN,stress_high,1,100000.00,104443.57,4443.57,4.4436,48,0.4167,1.3137,4107.72,4.1077,7,930.47,-505.92,24.5385,AMZN,AMZN,1d,1d,normal_density_review,completed_capital_test
strategy_timeframe_symbol,M10-PA-004,1d,AMZN,stress_low,1,100000.00,105194.97,5194.97,5.1950,48,0.4167,1.3772,3874.91,3.8749,7,948.30,-491.82,24.5385,AMZN,AMZN,1d,1d,normal_density_review,completed_capital_test
strategy_timeframe_symbol,M10-PA-004,1d,ARKK,baseline,1,100000.00,101491.50,1491.50,1.4915,48,0.3542,1.1024,2659.71,2.6597,5,944.39,-469.78,34.6218,ARKK,ARKK,1d,1d,normal_density_review,completed_capital_test
strategy_timeframe_symbol,M10-PA-004,1d,ARKK,stress_high,1,100000.00,100853.09,853.09,0.8531,48,0.3542,1.0571,2829.81,2.8298,5,929.72,-482.33,34.6218,ARKK,ARKK,1d,1d,normal_density_review,completed_capital_test
strategy_timeframe_symbol,M10-PA-004,1d,ARKK,stress_low,1,100000.00,101331.54,1331.54,1.3315,48,0.3542,1.0908,2702.26,2.7023,5,940.72,-472.92,34.6218,ARKK,ARKK,1d,1d,normal_density_review,completed_capital_test
strategy_timeframe_symbol,M10-PA-004,1d,AVGO,baseline,1,100000.00,101912.54,1912.54,1.9125,48,0.3958,1.1364,4278.81,4.2788,8,838.56,-483.45,37.5417,AVGO,AVGO,1d,1d,normal_density_review,completed_capital_test
strategy_timeframe_symbol,M10-PA-004,1d,AVGO,stress_high,1,100000.00,101320.96,1320.96,1.3210,48,0.3958,1.0922,4464.05,4.4641,8,823.27,-493.83,37.5417,AVGO,AVGO,1d,1d,normal_density_review,completed_capital_test
strategy_timeframe_symbol,M10-PA-004,1d,AVGO,stress_low,1,100000.00,101764.33,1764.33,1.7643,48,0.3958,1.1252,4325.29,4.3253,8,834.73,-486.05,37.5417,AVGO,AVGO,1d,1d,normal_density_review,completed_capital_test
strategy_timeframe_symbol,M10-PA-004,1d,CRM,baseline,1,100000.00,98623.14,-1376.86,-1.3769,49,0.3061,0.9127,5748.12,5.7481,10,959.20,-463.67,36.3925,CRM,CRM,1d,1d,normal_density_review,completed_capital_test
strategy_timeframe_symbol,M10-PA-004,1d,CRM,stress_high,1,100000.00,97802.10,-2197.90,-2.1979,49,0.3061,0.8655,6335.87,6.3359,10,942.96,-480.66,36.3925,CRM,CRM,1d,1d,normal_density_review,completed_capital_test
strategy_timeframe_symbol,M10-PA-004,1d,CRM,stress_low,1,100000.00,98417.27,-1582.73,-1.5827,49,0.3061,0.9005,5895.57,5.8956,10,955.13,-467.93,36.3925,CRM,CRM,1d,1d,normal_density_review,completed_capital_test
strategy_timeframe_symbol,M10-PA-004,1d,DIA,baseline,1,100000.00,98712.02,-1287.98,-1.2880,3,0.0000,0.0000,1287.98,1.2880,3,0.00,-429.33,12.3077,DIA,DIA,1d,1d,normal_density_review,completed_capital_test
strategy_timeframe_symbol,M10-PA-004,1d,DIA,stress_high,1,100000.00,98590.91,-1409.09,-1.4091,3,0.0000,0.0000,1409.09,1.4091,3,0.00,-469.70,12.3077,DIA,DIA,1d,1d,normal_density_review,completed_capital_test
strategy_timeframe_symbol,M10-PA-004,1d,DIA,stress_low,1,100000.00,98681.74,-1318.26,-1.3183,3,0.0000,0.0000,1318.26,1.3183,3,0.00,-439.42,12.3077,DIA,DIA,1d,1d,normal_density_review,completed_capital_test
strategy_timeframe_symbol,M10-PA-004,1d,EEM,baseline,1,100000.00,96776.97,-3223.03,-3.2230,20,0.2500,0.5195,3566.18,3.5662,6,697.05,-447.22,49.8462,EEM,EEM,1d,1d,normal_density_review,completed_capital_test
strategy_timeframe_symbol,M10-PA-004,1d,EEM,stress_high,1,100000.00,96438.76,-3561.24,-3.5612,20,0.2500,0.4892,3797.85,3.7979,6,682.18,-464.81,49.8462,EEM,EEM,1d,1d,normal_density_review,completed_capital_test
strategy_timeframe_symbol,M10-PA-004,1d,EEM,stress_low,1,100000.00,96692.32,-3307.68,-3.3077,20,0.2500,0.5117,3624.19,3.6242,6,693.32,-451.62,49.8462,EEM,EEM,1d,1d,normal_density_review,completed_capital_test
strategy_timeframe_symbol,M10-PA-004,1d,EFA,baseline,1,100000.00,100317.04,317.04,0.3170,12,0.3333,1.0871,2001.38,2.0014,4,989.17,-454.95,31.0769,EFA,EFA,1d,1d,normal_density_review,completed_capital_test
strategy_timeframe_symbol,M10-PA-004,1d,EFA,stress_high,1,100000.00,100033.75,33.75,0.0338,12,0.3333,1.0087,2066.67,2.0667,4,972.80,-482.18,31.0769,EFA,EFA,1d,1d,normal_density_review,completed_capital_test
strategy_timeframe_symbol,M10-PA-004,1d,EFA,stress_low,1,100000.00,100246.15,246.15,0.2462,12,0.3333,1.0666,2017.70,2.0177,4,985.07,-461.77,31.0769,EFA,EFA,1d,1d,normal_density_review,completed_capital_test
strategy_timeframe_symbol,M10-PA-004,1d,GLD,baseline,1,100000.00,101978.63,1978.63,1.9786,5,0.6000,2.9165,1032.41,1.0324,2,1003.68,-516.21,62.0308,GLD,GLD,1d,1d,normal_density_review,completed_capital_test
strategy_timeframe_symbol,M10-PA-004,1d,GLD,stress_high,1,100000.00,101883.68,1883.68,1.8837,5,0.6000,2.7920,1051.13,1.0511,2,978.27,-525.57,62.0308,GLD,GLD,1d,1d,normal_density_review,completed_capital_test
strategy_timeframe_symbol,M10-PA-004,1d,GLD,stress_low,1,100000.00,101954.88,1954.88,1.9549,5,0.6000,2.8849,1037.10,1.0371,2,997.33,-518.55,62.0308,GLD,GLD,1d,1d,normal_density_review,completed_capital_test
strategy_timeframe_symbol,M10-PA-004,1d,GOOG,baseline,1,100000.00,93379.84,-6620.16,-6.6202,43,0.3023,0.5326,8203.32,8.2033,9,580.32,-472.14,47.3095,GOOG,GOOG,1d,1d,normal_density_review,completed_capital_test
strategy_timeframe_symbol,M10-PA-004,1d,GOOG,stress_high,1,100000.00,92795.62,-7204.38,-7.2044,43,0.3023,0.5057,8643.69,8.6437,9,566.97,-485.83,47.3095,GOOG,GOOG,1d,1d,normal_density_review,completed_capital_test
strategy_timeframe_symbol,M10-PA-004,1d,GOOG,stress_low,1,100000.00,93233.46,-6766.54,-6.7665,43,0.3023,0.5257,8294.63,8.2946,9,576.98,-475.57,47.3095,GOOG,GOOG,1d,1d,normal_density_review,completed_capital_test
strategy_timeframe_symbol,M10-PA-004,1d,GOOGL,baseline,1,100000.00,93845.08,-6154.92,-6.1549,48,0.3125,0.6006,7149.88,7.1499,13,617.14,-467.03,46.1474,GOOGL,GOOGL,1d,1d,normal_density_review,completed_capital_test
strategy_timeframe_symbol,M10-PA-004,1d,GOOGL,stress_high,1,100000.00,93149.27,-6850.73,-6.8507,48,0.3125,0.5666,7825.52,7.8255,13,597.00,-478.96,46.1474,GOOGL,GOOGL,1d,1d,normal_density_review,completed_capital_test
strategy_timeframe_symbol,M10-PA-004,1d,GOOGL,stress_low,1,100000.00,93670.66,-6329.34,-6.3293,48,0.3125,0.5919,7319.26,7.3193,13,612.09,-470.02,46.1474,GOOGL,GOOGL,1d,1d,normal_density_review,completed_capital_test
strategy_timeframe_symbol,M10-PA-004,1d,INTC,baseline,1,100000.00,101591.02,1591.02,1.5910,46,0.4130,1.1232,4050.82,4.0508,6,763.45,-478.32,45.1037,INTC,INTC,1d,1d,normal_density_review,completed_capital_test
strategy_timeframe_symbol,M10-PA-004,1d,INTC,stress_high,1,100000.00,101099.58,1099.58,1.0996,46,0.4130,1.0834,4371.98,4.3720,6,751.47,-488.09,45.1037,INTC,INTC,1d,1d,normal_density_review,completed_capital_test
strategy_timeframe_symbol,M10-PA-004,1d,INTC,stress_low,1,100000.00,101467.94,1467.94,1.4679,46,0.4130,1.1131,4131.21,4.1312,6,760.45,-480.76,45.1037,INTC,INTC,1d,1d,normal_density_review,completed_capital_test
strategy_timeframe_symbol,M10-PA-004,1d,IVV,baseline,1,100000.00,100458.52,458.52,0.4585,5,0.4000,1.2971,1543.25,1.5433,3,1000.89,-514.42,34.7077,IVV,IVV,1d,1d,normal_density_review,completed_capital_test
strategy_timeframe_symbol,M10-PA-004,1d,IVV,stress_high,1,100000.00,100342.69,342.69,0.3427,5,0.4000,1.2107,1626.17,1.6262,3,984.43,-542.06,34.7077,IVV,IVV,1d,1d,normal_density_review,completed_capital_test
strategy_timeframe_symbol,M10-PA-004,1d,IVV,stress_low,1,100000.00,100429.55,429.55,0.4296,5,0.4000,1.2746,1563.99,1.5640,3,996.77,-521.33,34.7077,IVV,IVV,1d,1d,normal_density_review,completed_capital_test
strategy_timeframe_symbol,M10-PA-004,1d,IWM,baseline,1,100000.00,95701.31,-4298.69,-4.2987,27,0.2963,0.5406,5236.89,5.2369,6,632.28,-492.47,49.7778,IWM,IWM,1d,1d,normal_density_review,completed_capital_test
strategy_timeframe_symbol,M10-PA-004,1d,IWM,stress_high,1,100000.00,95263.76,-4736.24,-4.7362,27,0.2963,0.5098,5632.94,5.6329,6,615.82,-508.57,49.7778,IWM,IWM,1d,1d,normal_density_review,completed_capital_test
strategy_timeframe_symbol,M10-PA-004,1d,IWM,stress_low,1,100000.00,95591.74,-4408.26,-4.4083,27,0.2963,0.5327,5336.05,5.3361,6,628.16,-496.50,49.7778,IWM,IWM,1d,1d,normal_density_review,completed_capital_test
strategy_timeframe_symbol,M10-PA-004,1d,META,baseline,1,100000.00,95674.37,-4325.63,-4.3256,49,0.3061,0.7182,6560.88,6.5609,12,734.81,-451.41,40.5400,META,META,1d,1d,normal_density_review,completed_capital_test
strategy_timeframe_symbol,M10-PA-004,1d,META,stress_high,1,100000.00,94977.32,-5022.68,-5.0227,49,0.3061,0.6828,7142.43,7.1424,12,720.89,-465.77,40.5400,META,META,1d,1d,normal_density_review,completed_capital_test
strategy_timeframe_symbol,M10-PA-004,1d,META,stress_low,1,100000.00,95499.65,-4500.35,-4.5004,49,0.3061,0.7091,6706.61,6.7066,12,731.32,-455.01,40.5400,META,META,1d,1d,normal_density_review,completed_capital_test
strategy_timeframe_symbol,M10-PA-004,1d,MSFT,baseline,1,100000.00,97417.75,-2582.25,-2.5823,40,0.3000,0.7944,4136.69,4.1367,9,831.49,-448.57,40.0500,MSFT,MSFT,1d,1d,normal_density_review,completed_capital_test
strategy_timeframe_symbol,M10-PA-004,1d,MSFT,stress_high,1,100000.00,96595.13,-3404.87,-3.4049,40,0.3000,0.7405,4488.83,4.4888,9,809.59,-468.57,40.0500,MSFT,MSFT,1d,1d,normal_density_review,completed_capital_test
strategy_timeframe_symbol,M10-PA-004,1d,MSFT,stress_low,1,100000.00,97211.46,-2788.54,-2.7885,40,0.3000,0.7804,4218.47,4.2185,9,826.00,-453.59,40.0500,MSFT,MSFT,1d,1d,normal_density_review,completed_capital_test
strategy_timeframe_symbol,M10-PA-004,1d,MU,baseline,1,100000.00,106170.88,6170.88,6.1709,47,0.4681,1.4810,2237.45,2.2375,4,863.63,-513.16,40.6874,MU,MU,1d,1d,normal_density_review,completed_capital_test
strategy_timeframe_symbol,M10-PA-004,1d,MU,stress_high,1,100000.00,105640.74,5640.74,5.6407,47,0.4681,1.4326,2273.23,2.2732,4,849.06,-521.55,40.6874,MU,MU,1d,1d,normal_density_review,completed_capital_test
strategy_timeframe_symbol,M10-PA-004,1d,MU,stress_low,1,100000.00,106038.10,6038.10,6.0381,47,0.4681,1.4687,2246.42,2.2464,4,859.98,-515.26,40.6874,MU,MU,1d,1d,normal_density_review,completed_capital_test
strategy_timeframe_symbol,M10-PA-004,1d,NOW,baseline,1,100000.00,102919.82,2919.82,2.9198,50,0.4000,1.2014,3643.40,3.6434,6,870.82,-483.22,40.4646,NOW,NOW,1d,1d,normal_density_review,completed_capital_test
strategy_timeframe_symbol,M10-PA-004,1d,NOW,stress_high,1,100000.00,102091.90,2091.90,2.0919,50,0.4000,1.1390,3789.24,3.7892,6,856.95,-501.57,40.4646,NOW,NOW,1d,1d,normal_density_review,completed_capital_test
strategy_timeframe_symbol,M10-PA-004,1d,NOW,stress_low,1,100000.00,102712.24,2712.24,2.7122,50,0.4000,1.1853,3680.06,3.6801,6,867.34,-487.82,40.4646,NOW,NOW,1d,1d,normal_density_review,completed_capital_test
strategy_timeframe_symbol,M10-PA-004,1d,NVDA,baseline,1,100000.00,91530.39,-8469.61,-8.4696,49,0.2449,0.5106,9056.71,9.0567,8,736.28,-467.70,31.9529,NVDA,NVDA,1d,1d,normal_density_review,completed_capital_test
strategy_timeframe_symbol,M10-PA-004,1d,NVDA,stress_high,1,100000.00,90946.35,-9053.65,-9.0537,49,0.2449,0.4904,9611.45,9.6115,8,726.07,-480.18,31.9529,NVDA,NVDA,1d,1d,normal_density_review,completed_capital_test
strategy_timeframe_symbol,M10-PA-004,1d,NVDA,stress_low,1,100000.00,91384.05,-8615.95,-8.6160,49,0.2449,0.5054,9195.72,9.1957,8,733.73,-470.83,31.9529,NVDA,NVDA,1d,1d,normal_density_review,completed_capital_test
strategy_timeframe_symbol,M10-PA-004,1d,ORCL,baseline,1,100000.00,92596.48,-7403.52,-7.4035,47,0.2766,0.5483,7403.52,7.4035,9,691.29,-482.07,42.3535,ORCL,ORCL,1d,1d,normal_density_review,completed_capital_test
strategy_timeframe_symbol,M10-PA-004,1d,ORCL,stress_high,1,100000.00,92026.16,-7973.84,-7.9738,47,0.2766,0.5250,7973.84,7.9738,9,677.84,-493.70,42.3535,ORCL,ORCL,1d,1d,normal_density_review,completed_capital_test
strategy_timeframe_symbol,M10-PA-004,1d,ORCL,stress_low,1,100000.00,92453.58,-7546.42,-7.5464,47,0.2766,0.5423,7546.42,7.5464,9,687.92,-484.98,42.3535,ORCL,ORCL,1d,1d,normal_density_review,completed_capital_test
strategy_timeframe_symbol,M10-PA-004,1d,PANW,baseline,1,100000.00,103966.21,3966.21,3.9662,47,0.4255,1.3043,2830.97,2.8310,4,849.92,-482.67,44.8543,PANW,PANW,1d,1d,normal_density_review,completed_capital_test
strategy_timeframe_symbol,M10-PA-004,1d,PANW,stress_high,1,100000.00,103341.35,3341.35,3.3414,47,0.4255,1.2499,3007.92,3.0079,4,835.72,-495.30,44.8543,PANW,PANW,1d,1d,normal_density_review,completed_capital_test
strategy_timeframe_symbol,M10-PA-004,1d,PANW,stress_low,1,100000.00,103809.65,3809.65,3.8097,47,0.4255,1.2904,2875.23,2.8752,4,846.36,-485.84,44.8543,PANW,PANW,1d,1d,normal_density_review,completed_capital_test
strategy_timeframe_symbol,M10-PA-004,1d,PLTR,baseline,1,100000.00,98297.31,-1702.69,-1.7027,22,0.3182,0.7605,4431.95,4.4320,6,772.29,-473.92,48.1818,PLTR,PLTR,1d,1d,normal_density_review,completed_capital_test
strategy_timeframe_symbol,M10-PA-004,1d,PLTR,stress_high,1,100000.00,98147.33,-1852.67,-1.8527,22,0.3182,0.7428,4549.20,4.5492,6,764.39,-480.22,48.1818,PLTR,PLTR,1d,1d,normal_density_review,completed_capital_test
strategy_timeframe_symbol,M10-PA-004,1d,PLTR,stress_low,1,100000.00,98259.79,-1740.21,-1.7402,22,0.3182,0.7560,4461.28,4.4613,6,770.32,-475.49,48.1818,PLTR,PLTR,1d,1d,normal_density_review,completed_capital_test
strategy_timeframe_symbol,M10-PA-004,1d,QCOM,baseline,1,100000.00,92590.86,-7409.14,-7.4091,49,0.2449,0.5743,7409.14,7.4091,7,832.92,-470.38,43.9278,QCOM,QCOM,1d,1d,normal_density_review,completed_capital_test
strategy_timeframe_symbol,M10-PA-004,1d,QCOM,stress_high,1,100000.00,91952.41,-8047.59,-8.0476,49,0.2449,0.5497,8047.59,8.0476,7,818.73,-483.04,43.9278,QCOM,QCOM,1d,1d,normal_density_review,completed_capital_test
strategy_timeframe_symbol,M10-PA-004,1d,QCOM,stress_low,1,100000.00,92430.85,-7569.15,-7.5692,49,0.2449,0.5680,7569.15,7.5692,7,829.36,-473.55,43.9278,QCOM,QCOM,1d,1d,normal_density_review,completed_capital_test
strategy_timeframe_symbol,M10-PA-004,1d,QQQ,baseline,1,100000.00,98571.17,-1428.83,-1.4288,27,0.2593,0.8306,4029.61,4.0296,8,1000.91,-421.76,29.6695,QQQ,QQQ,1d,1d,normal_density_review,completed_capital_test
strategy_timeframe_symbol,M10-PA-004,1d,QQQ,stress_high,1,100000.00,97801.95,-2198.05,-2.1981,27,0.2593,0.7554,4527.08,4.5271,8,969.94,-449.38,29.6695,QQQ,QQQ,1d,1d,normal_density_review,completed_capital_test
strategy_timeframe_symbol,M10-PA-004,1d,QQQ,stress_low,1,100000.00,98378.34,-1621.66,-1.6217,27,0.2593,0.8109,4154.45,4.1545,8,993.16,-428.69,29.6695,QQQ,QQQ,1d,1d,normal_density_review,completed_capital_test
strategy_timeframe_symbol,M10-PA-004,1d,SLV,baseline,1,100000.00,104504.48,4504.48,4.5045,40,0.4750,1.4750,2764.86,2.7649,4,736.14,-451.54,55.3808,SLV,SLV,1d,1d,normal_density_review,completed_capital_test
strategy_timeframe_symbol,M10-PA-004,1d,SLV,stress_high,1,100000.00,103979.48,3979.48,3.9795,40,0.4750,1.4113,3021.00,3.0210,4,718.65,-460.71,55.3808,SLV,SLV,1d,1d,normal_density_review,completed_capital_test
strategy_timeframe_symbol,M10-PA-004,1d,SLV,stress_low,1,100000.00,104372.99,4372.99,4.3730,40,0.4750,1.4588,2828.99,2.8290,4,731.76,-453.83,55.3808,SLV,SLV,1d,1d,normal_density_review,completed_capital_test
strategy_timeframe_symbol,M10-PA-004,1d,SMH,baseline,1,100000.00,93245.10,-6754.90,-6.7549,47,0.2553,0.5688,8395.99,8.3960,7,742.42,-447.54,42.2586,SMH,SMH,1d,1d,normal_density_review,completed_capital_test
strategy_timeframe_symbol,M10-PA-004,1d,SMH,stress_high,1,100000.00,92495.09,-7504.91,-7.5049,47,0.2553,0.5361,9117.56,9.1176,7,722.68,-462.20,42.2586,SMH,SMH,1d,1d,normal_density_review,completed_capital_test
strategy_timeframe_symbol,M10-PA-004,1d,SMH,stress_low,1,100000.00,93057.05,-6942.95,-6.9430,47,0.2553,0.5604,8576.89,8.5769,7,737.47,-451.22,42.2586,SMH,SMH,1d,1d,normal_density_review,completed_capital_test
strategy_timeframe_symbol,M10-PA-004,1d,SNOW,baseline,1,100000.00,96416.69,-3583.31,-3.5833,31,0.2903,0.6517,3824.14,3.8241,7,744.86,-467.60,44.8983,SNOW,SNOW,1d,1d,normal_density_review,completed_capital_test
strategy_timeframe_symbol,M10-PA-004,1d,SNOW,stress_high,1,100000.00,96053.22,-3946.78,-3.9468,31,0.2903,0.6269,4115.02,4.1150,7,736.76,-480.80,44.8983,SNOW,SNOW,1d,1d,normal_density_review,completed_capital_test
strategy_timeframe_symbol,M10-PA-004,1d,SNOW,stress_low,1,100000.00,96325.71,-3674.29,-3.6743,31,0.2903,0.6453,3874.60,3.8746,7,742.84,-470.90,44.8983,SNOW,SNOW,1d,1d,normal_density_review,completed_capital_test
strategy_timeframe_symbol,M10-PA-004,1d,SOXX,baseline,1,100000.00,93154.28,-6845.72,-6.8457,48,0.2708,0.5912,9612.60,9.6126,9,761.56,-478.46,33.0705,SOXX,SOXX,1d,1d,normal_density_review,completed_capital_test
strategy_timeframe_symbol,M10-PA-004,1d,SOXX,stress_high,1,100000.00,92318.66,-7681.34,-7.6813,48,0.2708,0.5558,10374.29,10.3743,9,739.26,-494.05,33.0705,SOXX,SOXX,1d,1d,normal_density_review,completed_capital_test
strategy_timeframe_symbol,M10-PA-004,1d,SOXX,stress_low,1,100000.00,92944.69,-7055.31,-7.0553,48,0.2708,0.5821,9803.63,9.8036,9,755.97,-482.37,33.0705,SOXX,SOXX,1d,1d,normal_density_review,completed_capital_test
strategy_timeframe_symbol,M10-PA-004,1d,SPY,baseline,1,100000.00,98963.27,-1036.73,-1.0367,5,0.2000,0.4890,1526.83,1.5268,3,992.25,-507.25,45.7846,SPY,SPY,1d,1d,normal_density_review,completed_capital_test
strategy_timeframe_symbol,M10-PA-004,1d,SPY,stress_high,1,100000.00,98836.02,-1163.98,-1.1640,5,0.2000,0.4574,1634.49,1.6345,3,981.26,-536.31,45.7846,SPY,SPY,1d,1d,normal_density_review,completed_capital_test
strategy_timeframe_symbol,M10-PA-004,1d,SPY,stress_low,1,100000.00,98931.45,-1068.55,-1.0686,5,0.2000,0.4808,1553.75,1.5538,3,989.50,-514.51,45.7846,SPY,SPY,1d,1d,normal_density_review,completed_capital_test
strategy_timeframe_symbol,M10-PA-004,1d,SQQQ,baseline,1,100000.00,88931.41,-11068.59,-11.0686,48,0.1875,0.3853,12348.27,12.3483,11,770.75,-461.67,27.7660,SQQQ,SQQQ,1d,1d,normal_density_review,completed_capital_test
strategy_timeframe_symbol,M10-PA-004,1d,SQQQ,stress_high,1,100000.00,88537.06,-11462.94,-11.4629,48,0.1875,0.3739,12730.77,12.7308,11,760.51,-469.42,27.7660,SQQQ,SQQQ,1d,1d,normal_density_review,completed_capital_test
strategy_timeframe_symbol,M10-PA-004,1d,SQQQ,stress_low,1,100000.00,88832.66,-11167.34,-11.1673,48,0.1875,0.3824,12444.06,12.4441,11,768.18,-463.61,27.7660,SQQQ,SQQQ,1d,1d,normal_density_review,completed_capital_test
strategy_timeframe_symbol,M10-PA-004,1d,TLT,baseline,1,100000.00,101145.06,1145.06,1.1451,9,0.4444,1.5041,596.52,0.5965,1,854.12,-454.28,54.9743,TLT,TLT,1d,1d,normal_density_review,completed_capital_test
strategy_timeframe_symbol,M10-PA-004,1d,TLT,stress_high,1,100000.00,100955.92,955.92,0.9559,9,0.4444,1.3981,684.99,0.6850,1,839.26,-480.22,54.9743,TLT,TLT,1d,1d,normal_density_review,completed_capital_test
strategy_timeframe_symbol,M10-PA-004,1d,TLT,stress_low,1,100000.00,101097.74,1097.74,1.0977,9,0.4444,1.4765,618.64,0.6186,1,850.40,-460.77,54.9743,TLT,TLT,1d,1d,normal_density_review,completed_capital_test
strategy_timeframe_symbol,M10-PA-004,1d,TQQQ,baseline,1,100000.00,94240.24,-5759.76,-5.7598,49,0.2857,0.6568,8076.65,8.0767,7,787.25,-479.46,29.4631,TQQQ,TQQQ,1d,1d,normal_density_review,completed_capital_test
strategy_timeframe_symbol,M10-PA-004,1d,TQQQ,stress_high,1,100000.00,93695.47,-6304.53,-6.3045,49,0.2857,0.6331,8524.81,8.5248,7,776.99,-490.92,29.4631,TQQQ,TQQQ,1d,1d,normal_density_review,completed_capital_test
strategy_timeframe_symbol,M10-PA-004,1d,TQQQ,stress_low,1,100000.00,94103.77,-5896.23,-5.8962,49,0.2857,0.6507,8188.94,8.1889,7,784.68,-482.34,29.4631,TQQQ,TQQQ,1d,1d,normal_density_review,completed_capital_test
strategy_timeframe_symbol,M10-PA-004,1d,TSLA,baseline,1,100000.00,104955.71,4955.71,4.9557,49,0.4898,1.4066,2559.11,2.5591,5,714.37,-487.57,43.9372,TSLA,TSLA,1d,1d,normal_density_review,completed_capital_test
strategy_timeframe_symbol,M10-PA-004,1d,TSLA,stress_high,1,100000.00,104473.81,4473.81,4.4738,49,0.4898,1.3603,2623.18,2.6232,5,703.74,-496.64,43.9372,TSLA,TSLA,1d,1d,normal_density_review,completed_capital_test
strategy_timeframe_symbol,M10-PA-004,1d,TSLA,stress_low,1,100000.00,104835.03,4835.03,4.8350,49,0.4898,1.3948,2575.15,2.5752,5,711.71,-489.84,43.9372,TSLA,TSLA,1d,1d,normal_density_review,completed_capital_test
strategy_timeframe_symbol,M10-PA-004,1d,USO,baseline,1,100000.00,102515.61,2515.61,2.5156,47,0.4468,1.1954,3824.08,3.8241,8,732.84,-495.15,49.4206,USO,USO,1d,1d,normal_density_review,completed_capital_test
strategy_timeframe_symbol,M10-PA-004,1d,USO,stress_high,1,100000.00,101713.04,1713.04,1.7130,47,0.4468,1.1291,3977.74,3.9777,8,713.26,-510.21,49.4206,USO,USO,1d,1d,normal_density_review,completed_capital_test
strategy_timeframe_symbol,M10-PA-004,1d,USO,stress_low,1,100000.00,102314.41,2314.41,2.3144,47,0.4468,1.1784,3862.61,3.8626,8,727.93,-498.93,49.4206,USO,USO,1d,1d,normal_density_review,completed_capital_test
strategy_timeframe_symbol,M10-PA-004,1d,VOO,baseline,1,100000.00,99944.06,-55.94,-0.0559,6,0.3333,0.9727,1535.46,1.5355,3,995.77,-511.87,29.5385,VOO,VOO,1d,1d,normal_density_review,completed_capital_test
strategy_timeframe_symbol,M10-PA-004,1d,VOO,stress_high,1,100000.00,99780.25,-219.75,-0.2198,6,0.3333,0.8991,1617.56,1.6176,3,978.96,-544.42,29.5385,VOO,VOO,1d,1d,normal_density_review,completed_capital_test
strategy_timeframe_symbol,M10-PA-004,1d,VOO,stress_low,1,100000.00,99903.09,-96.91,-0.0969,6,0.3333,0.9534,1556.00,1.5560,3,991.57,-520.01,29.5385,VOO,VOO,1d,1d,normal_density_review,completed_capital_test
strategy_timeframe_symbol,M10-PA-004,1d,VTI,baseline,1,100000.00,98967.25,-1032.75,-1.0328,5,0.2000,0.4896,1520.21,1.5202,3,990.48,-505.81,21.4154,VTI,VTI,1d,1d,normal_density_review,completed_capital_test
strategy_timeframe_symbol,M10-PA-004,1d,VTI,stress_high,1,100000.00,98855.93,-1144.07,-1.1441,5,0.2000,0.4594,1601.37,1.6014,3,972.38,-529.11,21.4154,VTI,VTI,1d,1d,normal_density_review,completed_capital_test
strategy_timeframe_symbol,M10-PA-004,1d,VTI,stress_low,1,100000.00,98939.41,-1060.59,-1.0606,5,0.2000,0.4818,1540.51,1.5405,3,985.95,-511.63,21.4154,VTI,VTI,1d,1d,normal_density_review,completed_capital_test
strategy_timeframe_symbol,M10-PA-004,1d,XLB,baseline,1,100000.00,99149.72,-850.28,-0.8503,18,0.3889,0.8368,1546.68,1.5467,3,622.79,-473.62,51.0855,XLB,XLB,1d,1d,normal_density_review,completed_capital_test
strategy_timeframe_symbol,M10-PA-004,1d,XLB,stress_high,1,100000.00,98697.62,-1302.38,-1.3024,18,0.3889,0.7621,1928.58,1.9286,3,595.88,-497.60,51.0855,XLB,XLB,1d,1d,normal_density_review,completed_capital_test
strategy_timeframe_symbol,M10-PA-004,1d,XLB,stress_low,1,100000.00,99036.52,-963.48,-0.9635,18,0.3889,0.8174,1642.27,1.6423,3,616.05,-479.62,51.0855,XLB,XLB,1d,1d,normal_density_review,completed_capital_test
strategy_timeframe_symbol,M10-PA-004,1d,XLC,baseline,1,100000.00,98495.98,-1504.02,-1.5040,13,0.3077,0.6620,1961.12,1.9611,4,736.43,-494.41,40.0473,XLC,XLC,1d,1d,normal_density_review,completed_capital_test
strategy_timeframe_symbol,M10-PA-004,1d,XLC,stress_high,1,100000.00,98135.41,-1864.59,-1.8646,13,0.3077,0.6087,2102.12,2.1021,4,725.24,-529.51,40.0473,XLC,XLC,1d,1d,normal_density_review,completed_capital_test
strategy_timeframe_symbol,M10-PA-004,1d,XLC,stress_low,1,100000.00,98405.73,-1594.27,-1.5943,13,0.3077,0.6480,1996.42,1.9964,4,733.63,-503.20,40.0473,XLC,XLC,1d,1d,normal_density_review,completed_capital_test
strategy_timeframe_symbol,M10-PA-004,1d,XLE,baseline,1,100000.00,103817.87,3817.87,3.8179,36,0.4167,1.3614,2569.96,2.5700,5,958.78,-503.04,40.7265,XLE,XLE,1d,1d,normal_density_review,completed_capital_test
strategy_timeframe_symbol,M10-PA-004,1d,XLE,stress_high,1,100000.00,103219.51,3219.51,3.2195,36,0.4167,1.2966,2794.97,2.7950,5,938.29,-516.90,40.7265,XLE,XLE,1d,1d,normal_density_review,completed_capital_test
strategy_timeframe_symbol,M10-PA-004,1d,XLE,stress_low,1,100000.00,103667.97,3667.97,3.6680,36,0.4167,1.3448,2626.34,2.6263,5,953.65,-506.51,40.7265,XLE,XLE,1d,1d,normal_density_review,completed_capital_test
strategy_timeframe_symbol,M10-PA-004,1d,XLF,baseline,1,100000.00,102696.56,2696.56,2.6966,19,0.4737,1.5293,1554.81,1.5548,3,865.66,-509.44,54.2510,XLF,XLF,1d,1d,normal_density_review,completed_capital_test
strategy_timeframe_symbol,M10-PA-004,1d,XLF,stress_high,1,100000.00,102385.74,2385.74,2.3857,19,0.4737,1.4569,1606.91,1.6069,3,845.28,-522.18,54.2510,XLF,XLF,1d,1d,normal_density_review,completed_capital_test
strategy_timeframe_symbol,M10-PA-004,1d,XLF,stress_low,1,100000.00,102618.78,2618.78,2.6188,19,0.4737,1.5108,1567.85,1.5679,3,860.56,-512.63,54.2510,XLF,XLF,1d,1d,normal_density_review,completed_capital_test
strategy_timeframe_symbol,M10-PA-004,1d,XLI,baseline,1,100000.00,98719.52,-1280.48,-1.2805,17,0.2941,0.7779,3266.25,3.2663,6,896.90,-480.42,46.2715,XLI,XLI,1d,1d,normal_density_review,completed_capital_test
strategy_timeframe_symbol,M10-PA-004,1d,XLI,stress_high,1,100000.00,98417.08,-1582.92,-1.5829,17,0.2941,0.7364,3502.27,3.5023,6,884.33,-500.38,46.2715,XLI,XLI,1d,1d,normal_density_review,completed_capital_test
strategy_timeframe_symbol,M10-PA-004,1d,XLI,stress_low,1,100000.00,98643.84,-1356.16,-1.3562,17,0.2941,0.7672,3325.32,3.3253,6,893.76,-485.41,46.2715,XLI,XLI,1d,1d,normal_density_review,completed_capital_test
strategy_timeframe_symbol,M10-PA-004,1d,XLK,baseline,1,100000.00,99760.75,-239.25,-0.2393,29,0.3793,0.9733,3557.11,3.5571,5,792.02,-497.31,41.1140,XLK,XLK,1d,1d,normal_density_review,completed_capital_test
strategy_timeframe_symbol,M10-PA-004,1d,XLK,stress_high,1,100000.00,99164.54,-835.46,-0.8355,29,0.3793,0.9102,3859.01,3.8590,5,769.44,-516.63,41.1140,XLK,XLK,1d,1d,normal_density_review,completed_capital_test
strategy_timeframe_symbol,M10-PA-004,1d,XLK,stress_low,1,100000.00,99611.38,-388.62,-0.3886,29,0.3793,0.9570,3632.83,3.6328,5,786.37,-502.15,41.1140,XLK,XLK,1d,1d,normal_density_review,completed_capital_test
strategy_timeframe_symbol,M10-PA-004,1d,XLP,baseline,1,100000.00,102000.53,2000.53,2.0005,2,1.0000,,0.00,0.0000,0,1000.26,0.00,14.7692,XLP,XLP,1d,1d,normal_density_review,completed_capital_test
strategy_timeframe_symbol,M10-PA-004,1d,XLP,stress_high,1,100000.00,101962.63,1962.63,1.9626,2,1.0000,,0.00,0.0000,0,981.32,0.00,14.7692,XLP,XLP,1d,1d,normal_density_review,completed_capital_test
strategy_timeframe_symbol,M10-PA-004,1d,XLP,stress_low,1,100000.00,101991.05,1991.05,1.9911,2,1.0000,,0.00,0.0000,0,995.53,0.00,14.7692,XLP,XLP,1d,1d,normal_density_review,completed_capital_test
strategy_timeframe_symbol,M10-PA-004,1d,XLU,baseline,1,100000.00,101170.87,1170.87,1.1709,10,0.5000,1.4618,1012.84,1.0128,2,741.32,-507.14,62.0154,XLU,XLU,1d,1d,normal_density_review,completed_capital_test
strategy_timeframe_symbol,M10-PA-004,1d,XLU,stress_high,1,100000.00,100953.67,953.67,0.9537,10,0.5000,1.3587,1057.30,1.0573,2,722.45,-531.72,62.0154,XLU,XLU,1d,1d,normal_density_review,completed_capital_test
strategy_timeframe_symbol,M10-PA-004,1d,XLU,stress_low,1,100000.00,101116.53,1116.53,1.1165,10,0.5000,1.4350,1023.96,1.0240,2,736.60,-513.29,62.0154,XLU,XLU,1d,1d,normal_density_review,completed_capital_test
strategy_timeframe_symbol,M10-PA-004,1d,XLV,baseline,1,100000.00,99828.21,-171.79,-0.1718,2,0.5000,0.6614,507.31,0.5073,1,335.52,-507.31,60.9231,XLV,XLV,1d,1d,normal_density_review,completed_capital_test
strategy_timeframe_symbol,M10-PA-004,1d,XLV,stress_high,1,100000.00,99795.54,-204.46,-0.2045,2,0.5000,0.6141,529.77,0.5298,1,325.31,-529.77,60.9231,XLV,XLV,1d,1d,normal_density_review,completed_capital_test
strategy_timeframe_symbol,M10-PA-004,1d,XLV,stress_low,1,100000.00,99820.04,-179.96,-0.1800,2,0.5000,0.6492,512.93,0.5129,1,332.97,-512.92,60.9231,XLV,XLV,1d,1d,normal_density_review,completed_capital_test
strategy_timeframe_symbol,M10-PA-004,1d,XLY,baseline,1,100000.00,104061.79,4061.79,4.0618,31,0.4516,1.5371,2007.28,2.0073,4,830.32,-444.86,44.0744,XLY,XLY,1d,1d,normal_density_review,completed_capital_test
strategy_timeframe_symbol,M10-PA-004,1d,XLY,stress_high,1,100000.00,103367.44,3367.44,3.3674,31,0.4516,1.4245,2059.57,2.0596,4,807.21,-466.67,44.0744,XLY,XLY,1d,1d,normal_density_review,completed_capital_test
strategy_timeframe_symbol,M10-PA-004,1d,XLY,stress_low,1,100000.00,103887.79,3887.79,3.8878,31,0.4516,1.5078,2020.36,2.0204,4,824.53,-450.33,44.0744,XLY,XLY,1d,1d,normal_density_review,completed_capital_test
strategy_timeframe_symbol,M10-PA-007,1d,AAPL,baseline,1,100000.00,107727.27,7727.27,7.7273,44,0.5909,1.9661,2123.32,2.1233,4,604.82,-444.34,71.4161,AAPL,AAPL,1d,1d,normal_density_review,completed_capital_test
strategy_timeframe_symbol,M10-PA-007,1d,AAPL,stress_high,1,100000.00,107046.42,7046.42,7.0464,44,0.5909,1.8499,2217.57,2.2176,4,589.91,-460.63,71.4161,AAPL,AAPL,1d,1d,normal_density_review,completed_capital_test
strategy_timeframe_symbol,M10-PA-007,1d,AAPL,stress_low,1,100000.00,107556.68,7556.68,7.5567,44,0.5909,1.9362,2146.92,2.1469,4,601.09,-448.42,71.4161,AAPL,AAPL,1d,1d,normal_density_review,completed_capital_test
strategy_timeframe_symbol,M10-PA-007,1d,ADBE,baseline,1,100000.00,96903.14,-3096.86,-3.0969,48,0.3542,0.7854,5227.18,5.2272,4,666.83,-465.58,57.6186,ADBE,ADBE,1d,1d,normal_density_review,completed_capital_test
strategy_timeframe_symbol,M10-PA-007,1d,ADBE,stress_high,1,100000.00,96432.87,-3567.13,-3.5671,48,0.3542,0.7583,5362.63,5.3626,4,658.22,-476.03,57.6186,ADBE,ADBE,1d,1d,normal_density_review,completed_capital_test
strategy_timeframe_symbol,M10-PA-007,1d,ADBE,stress_low,1,100000.00,96785.37,-3214.63,-3.2146,48,0.3542,0.7785,5261.15,5.2612,4,664.68,-468.20,57.6186,ADBE,ADBE,1d,1d,normal_density_review,completed_capital_test
strategy_timeframe_symbol,M10-PA-007,1d,AMD,baseline,1,100000.00,96833.51,-3166.49,-3.1665,48,0.3125,0.7801,5411.30,5.4113,7,748.75,-436.30,57.2372,AMD,AMD,1d,1d,normal_density_review,completed_capital_test
strategy_timeframe_symbol,M10-PA-007,1d,AMD,stress_high,1,100000.00,96476.13,-3523.87,-3.5239,48,0.3125,0.7596,5691.73,5.6917,7,742.48,-444.28,57.2372,AMD,AMD,1d,1d,normal_density_review,completed_capital_test
strategy_timeframe_symbol,M10-PA-007,1d,AMD,stress_low,1,100000.00,96744.05,-3255.95,-3.2560,48,0.3125,0.7749,5481.51,5.4815,7,747.19,-438.29,57.2372,AMD,AMD,1d,1d,normal_density_review,completed_capital_test
strategy_timeframe_symbol,M10-PA-007,1d,AMZN,baseline,1,100000.00,103700.48,3700.48,3.7005,49,0.4490,1.3243,2094.55,2.0946,4,686.86,-422.61,61.4882,AMZN,AMZN,1d,1d,normal_density_review,completed_capital_test
strategy_timeframe_symbol,M10-PA-007,1d,AMZN,stress_high,1,100000.00,102998.10,2998.10,2.9981,49,0.4490,1.2546,2356.87,2.3569,4,671.44,-436.06,61.4882,AMZN,AMZN,1d,1d,normal_density_review,completed_capital_test
strategy_timeframe_symbol,M10-PA-007,1d,AMZN,stress_low,1,100000.00,103524.46,3524.46,3.5245,49,0.4490,1.3064,2160.04,2.1600,4,683.00,-425.98,61.4882,AMZN,AMZN,1d,1d,normal_density_review,completed_capital_test
strategy_timeframe_symbol,M10-PA-007,1d,ARKK,baseline,1,100000.00,97944.30,-2055.70,-2.0557,46,0.3696,0.8417,6046.84,6.0468,6,642.95,-447.79,55.8796,ARKK,ARKK,1d,1d,normal_density_review,completed_capital_test
strategy_timeframe_symbol,M10-PA-007,1d,ARKK,stress_high,1,100000.00,97482.20,-2517.80,-2.5178,46,0.3696,0.8105,6414.17,6.4142,6,633.35,-458.09,55.8796,ARKK,ARKK,1d,1d,normal_density_review,completed_capital_test
strategy_timeframe_symbol,M10-PA-007,1d,ARKK,stress_low,1,100000.00,97828.58,-2171.42,-2.1714,46,0.3696,0.8337,6138.83,6.1388,6,640.54,-450.37,55.8796,ARKK,ARKK,1d,1d,normal_density_review,completed_capital_test
strategy_timeframe_symbol,M10-PA-007,1d,AVGO,baseline,1,100000.00,100709.32,709.32,0.7093,47,0.4043,1.0580,3725.66,3.7257,7,680.54,-436.46,59.6956,AVGO,AVGO,1d,1d,normal_density_review,completed_capital_test
strategy_timeframe_symbol,M10-PA-007,1d,AVGO,stress_high,1,100000.00,100148.04,148.04,0.1480,47,0.4043,1.0117,3998.64,3.9986,7,672.65,-451.15,59.6956,AVGO,AVGO,1d,1d,normal_density_review,completed_capital_test
strategy_timeframe_symbol,M10-PA-007,1d,AVGO,stress_low,1,100000.00,100568.72,568.72,0.5687,47,0.4043,1.0461,3794.09,3.7941,7,678.56,-440.14,59.6956,AVGO,AVGO,1d,1d,normal_density_review,completed_capital_test
strategy_timeframe_symbol,M10-PA-007,1d,CRM,baseline,1,100000.00,107350.46,7350.46,7.3505,47,0.5106,1.7093,2658.14,2.6581,5,738.08,-450.59,60.3273,CRM,CRM,1d,1d,normal_density_review,completed_capital_test
strategy_timeframe_symbol,M10-PA-007,1d,CRM,stress_high,1,100000.00,106894.28,6894.28,6.8943,47,0.5106,1.6559,2691.12,2.6911,5,725.20,-456.98,60.3273,CRM,CRM,1d,1d,normal_density_review,completed_capital_test
strategy_timeframe_symbol,M10-PA-007,1d,CRM,stress_low,1,100000.00,107236.24,7236.24,7.2362,47,0.5106,1.6958,2666.41,2.6664,5,734.86,-452.19,60.3273,CRM,CRM,1d,1d,normal_density_review,completed_capital_test
strategy_timeframe_symbol,M10-PA-007,1d,DIA,baseline,1,100000.00,110531.27,10531.27,10.5313,47,0.5745,2.2805,1449.93,1.4499,4,694.66,-411.23,63.6399,DIA,DIA,1d,1d,normal_density_review,completed_capital_test
strategy_timeframe_symbol,M10-PA-007,1d,DIA,stress_high,1,100000.00,109215.77,9215.77,9.2158,47,0.5745,2.0602,1602.10,1.6021,4,663.26,-434.62,63.6399,DIA,DIA,1d,1d,normal_density_review,completed_capital_test
strategy_timeframe_symbol,M10-PA-007,1d,DIA,stress_low,1,100000.00,110200.97,10200.97,10.2010,47,0.5745,2.2228,1488.21,1.4882,4,686.78,-417.10,63.6399,DIA,DIA,1d,1d,normal_density_review,completed_capital_test
strategy_timeframe_symbol,M10-PA-007,1d,EEM,baseline,1,100000.00,100515.22,515.22,0.5152,46,0.4130,1.0425,4519.13,4.5191,8,665.08,-448.94,54.9063,EEM,EEM,1d,1d,normal_density_review,completed_capital_test
strategy_timeframe_symbol,M10-PA-007,1d,EEM,stress_high,1,100000.00,99550.69,-449.31,-0.4493,46,0.4130,0.9645,5062.13,5.0621,8,643.16,-469.23,54.9063,EEM,EEM,1d,1d,normal_density_review,completed_capital_test
strategy_timeframe_symbol,M10-PA-007,1d,EEM,stress_low,1,100000.00,100273.25,273.25,0.2733,46,0.4130,1.0223,4655.16,4.6552,8,659.58,-454.03,54.9063,EEM,EEM,1d,1d,normal_density_review,completed_capital_test
strategy_timeframe_symbol,M10-PA-007,1d,EFA,baseline,1,100000.00,98291.01,-1708.99,-1.7090,46,0.3913,0.8638,5177.56,5.1776,11,602.29,-448.22,65.5719,EFA,EFA,1d,1d,normal_density_review,completed_capital_test
strategy_timeframe_symbol,M10-PA-007,1d,EFA,stress_high,1,100000.00,97400.65,-2599.35,-2.5994,46,0.3913,0.8024,5420.34,5.4203,11,586.30,-469.74,65.5719,EFA,EFA,1d,1d,normal_density_review,completed_capital_test
strategy_timeframe_symbol,M10-PA-007,1d,EFA,stress_low,1,100000.00,98067.68,-1932.32,-1.9323,46,0.3913,0.8479,5238.47,5.2385,11,598.28,-453.62,65.5719,EFA,EFA,1d,1d,normal_density_review,completed_capital_test
strategy_timeframe_symbol,M10-PA-007,1d,GLD,baseline,1,100000.00,101332.87,1332.87,1.3329,45,0.4222,1.1228,3424.14,3.4241,4,641.35,-417.42,52.5128,GLD,GLD,1d,1d,normal_density_review,completed_capital_test
strategy_timeframe_symbol,M10-PA-007,1d,GLD,stress_high,1,100000.00,100065.38,65.38,0.0654,45,0.3556,1.0056,4144.63,4.1446,5,731.96,-401.59,52.5128,GLD,GLD,1d,1d,normal_density_review,completed_capital_test
strategy_timeframe_symbol,M10-PA-007,1d,GLD,stress_low,1,100000.00,101014.55,1014.55,1.0146,45,0.4000,1.0918,3604.92,3.6049,5,670.12,-409.17,52.5128,GLD,GLD,1d,1d,normal_density_review,completed_capital_test
strategy_timeframe_symbol,M10-PA-007,1d,GOOG,baseline,1,100000.00,101939.13,1939.13,1.9391,45,0.4222,1.1679,3448.20,3.4482,5,710.08,-444.32,59.1590,GOOG,GOOG,1d,1d,normal_density_review,completed_capital_test
strategy_timeframe_symbol,M10-PA-007,1d,GOOG,stress_high,1,100000.00,101444.46,1444.46,1.4445,45,0.4222,1.1225,3569.80,3.5698,5,696.77,-453.62,59.1590,GOOG,GOOG,1d,1d,normal_density_review,completed_capital_test
strategy_timeframe_symbol,M10-PA-007,1d,GOOG,stress_low,1,100000.00,101815.25,1815.25,1.8153,45,0.4222,1.1563,3478.65,3.4787,5,706.75,-446.65,59.1590,GOOG,GOOG,1d,1d,normal_density_review,completed_capital_test
strategy_timeframe_symbol,M10-PA-007,1d,GOOGL,baseline,1,100000.00,104477.09,4477.09,4.4771,49,0.5102,1.4353,2199.19,2.1992,4,590.51,-428.57,63.0706,GOOGL,GOOGL,1d,1d,normal_density_review,completed_capital_test
strategy_timeframe_symbol,M10-PA-007,1d,GOOGL,stress_high,1,100000.00,103775.42,3775.42,3.7754,49,0.5102,1.3529,2402.27,2.4023,4,578.91,-445.72,63.0706,GOOGL,GOOGL,1d,1d,normal_density_review,completed_capital_test
strategy_timeframe_symbol,M10-PA-007,1d,GOOGL,stress_low,1,100000.00,104301.25,4301.25,4.3013,49,0.5102,1.4140,2250.06,2.2501,4,587.60,-432.86,63.0706,GOOGL,GOOGL,1d,1d,normal_density_review,completed_capital_test
strategy_timeframe_symbol,M10-PA-007,1d,HYG,baseline,1,100000.00,100140.49,140.49,0.1405,26,0.3846,1.0203,3214.71,3.2147,6,705.09,-431.90,51.9704,HYG,HYG,1d,1d,normal_density_review,completed_capital_test
strategy_timeframe_symbol,M10-PA-007,1d,HYG,stress_high,1,100000.00,99321.62,-678.38,-0.6784,26,0.3846,0.9090,3566.15,3.5662,6,677.30,-465.71,51.9704,HYG,HYG,1d,1d,normal_density_review,completed_capital_test
strategy_timeframe_symbol,M10-PA-007,1d,HYG,stress_low,1,100000.00,99935.17,-64.83,-0.0648,26,0.3846,0.9908,3302.92,3.3029,6,698.12,-440.38,51.9704,HYG,HYG,1d,1d,normal_density_review,completed_capital_test
strategy_timeframe_symbol,M10-PA-007,1d,INTC,baseline,1,100000.00,104001.84,4001.84,4.0018,49,0.4490,1.3219,3779.56,3.7796,7,747.06,-460.50,51.2339,INTC,INTC,1d,1d,normal_density_review,completed_capital_test
strategy_timeframe_symbol,M10-PA-007,1d,INTC,stress_high,1,100000.00,103518.33,3518.33,3.5183,49,0.4490,1.2778,3937.49,3.9375,7,735.62,-469.08,51.2339,INTC,INTC,1d,1d,normal_density_review,completed_capital_test
strategy_timeframe_symbol,M10-PA-007,1d,INTC,stress_low,1,100000.00,103880.76,3880.76,3.8808,49,0.4490,1.3107,3819.10,3.8191,7,744.19,-462.65,51.2339,INTC,INTC,1d,1d,normal_density_review,completed_capital_test
strategy_timeframe_symbol,M10-PA-007,1d,IVV,baseline,1,100000.00,101110.66,1110.66,1.1107,47,0.3830,1.0962,3295.26,3.2953,5,703.43,-398.31,56.3273,IVV,IVV,1d,1d,normal_density_review,completed_capital_test
strategy_timeframe_symbol,M10-PA-007,1d,IVV,stress_high,1,100000.00,99763.07,-236.93,-0.2369,47,0.3830,0.9812,3737.80,3.7378,5,686.29,-434.14,56.3273,IVV,IVV,1d,1d,normal_density_review,completed_capital_test
strategy_timeframe_symbol,M10-PA-007,1d,IVV,stress_low,1,100000.00,100772.13,772.13,0.7721,47,0.3830,1.0654,3387.93,3.3879,5,699.13,-407.31,56.3273,IVV,IVV,1d,1d,normal_density_review,completed_capital_test
strategy_timeframe_symbol,M10-PA-007,1d,IWM,baseline,1,100000.00,101556.34,1556.34,1.5563,47,0.4043,1.1309,4129.21,4.1292,5,707.60,-424.57,65.6792,IWM,IWM,1d,1d,normal_density_review,completed_capital_test
strategy_timeframe_symbol,M10-PA-007,1d,IWM,stress_high,1,100000.00,100988.67,988.67,0.9887,47,0.4043,1.0812,4274.47,4.2745,5,692.81,-434.81,65.6792,IWM,IWM,1d,1d,normal_density_review,completed_capital_test
strategy_timeframe_symbol,M10-PA-007,1d,IWM,stress_low,1,100000.00,101414.13,1414.13,1.4141,47,0.4043,1.1182,4165.56,4.1656,5,703.89,-427.14,65.6792,IWM,IWM,1d,1d,normal_density_review,completed_capital_test
strategy_timeframe_symbol,M10-PA-007,1d,LQD,baseline,1,100000.00,97857.05,-2142.95,-2.1430,24,0.3750,0.6431,2705.56,2.7056,3,429.00,-400.26,60.0064,LQD,LQD,1d,1d,normal_density_review,completed_capital_test
strategy_timeframe_symbol,M10-PA-007,1d,LQD,stress_high,1,100000.00,97060.78,-2939.22,-2.9392,24,0.3333,0.5514,3182.47,3.1825,6,451.56,-409.48,60.0064,LQD,LQD,1d,1d,normal_density_review,completed_capital_test
strategy_timeframe_symbol,M10-PA-007,1d,LQD,stress_low,1,100000.00,97657.41,-2342.59,-2.3426,24,0.3333,0.6184,2787.79,2.7878,6,474.60,-383.71,60.0064,LQD,LQD,1d,1d,normal_density_review,completed_capital_test
strategy_timeframe_symbol,M10-PA-007,1d,META,baseline,1,100000.00,97434.84,-2565.16,-2.5652,47,0.3617,0.7882,4055.51,4.0555,5,561.44,-403.65,53.8101,META,META,1d,1d,normal_density_review,completed_capital_test
strategy_timeframe_symbol,M10-PA-007,1d,META,stress_high,1,100000.00,96732.29,-3267.71,-3.2677,47,0.3617,0.7416,4410.09,4.4101,5,551.58,-421.49,53.8101,META,META,1d,1d,normal_density_review,completed_capital_test
strategy_timeframe_symbol,M10-PA-007,1d,META,stress_low,1,100000.00,97258.75,-2741.25,-2.7413,47,0.3617,0.7761,4117.64,4.1176,5,558.97,-408.12,53.8101,META,META,1d,1d,normal_density_review,completed_capital_test
strategy_timeframe_symbol,M10-PA-007,1d,MSFT,baseline,1,100000.00,107141.74,7141.74,7.1417,47,0.4894,1.6492,2657.32,2.6573,6,788.77,-458.33,53.3257,MSFT,MSFT,1d,1d,normal_density_review,completed_capital_test
strategy_timeframe_symbol,M10-PA-007,1d,MSFT,stress_high,1,100000.00,106208.82,6208.82,6.2088,47,0.4894,1.5418,2708.02,2.7080,6,768.24,-477.53,53.3257,MSFT,MSFT,1d,1d,normal_density_review,completed_capital_test
strategy_timeframe_symbol,M10-PA-007,1d,MSFT,stress_low,1,100000.00,106907.78,6907.78,6.9078,47,0.4894,1.6215,2668.32,2.6683,6,783.62,-463.15,53.3257,MSFT,MSFT,1d,1d,normal_density_review,completed_capital_test
strategy_timeframe_symbol,M10-PA-007,1d,MU,baseline,1,100000.00,102515.51,2515.51,2.5155,46,0.5000,1.2657,2961.54,2.9615,5,521.00,-411.63,71.9063,MU,MU,1d,1d,normal_density_review,completed_capital_test
strategy_timeframe_symbol,M10-PA-007,1d,MU,stress_high,1,100000.00,102162.53,2162.53,2.1625,46,0.5000,1.2234,3228.94,3.2289,5,514.90,-420.88,71.9063,MU,MU,1d,1d,normal_density_review,completed_capital_test
strategy_timeframe_symbol,M10-PA-007,1d,MU,stress_low,1,100000.00,102427.16,2427.16,2.4272,46,0.5000,1.2549,3028.48,3.0285,5,519.47,-413.94,71.9063,MU,MU,1d,1d,normal_density_review,completed_capital_test
strategy_timeframe_symbol,M10-PA-007,1d,NOW,baseline,1,100000.00,98916.85,-1083.15,-1.0832,48,0.3750,0.9154,4811.04,4.8110,7,651.07,-426.74,61.4615,NOW,NOW,1d,1d,normal_density_review,completed_capital_test
strategy_timeframe_symbol,M10-PA-007,1d,NOW,stress_high,1,100000.00,98483.84,-1516.16,-1.5162,48,0.3750,0.8839,4985.15,4.9852,7,641.40,-435.38,61.4615,NOW,NOW,1d,1d,normal_density_review,completed_capital_test
strategy_timeframe_symbol,M10-PA-007,1d,NOW,stress_low,1,100000.00,98808.42,-1191.58,-1.1916,48,0.3750,0.9074,4854.66,4.8547,7,648.64,-428.91,61.4615,NOW,NOW,1d,1d,normal_density_review,completed_capital_test
strategy_timeframe_symbol,M10-PA-007,1d,NVDA,baseline,1,100000.00,101844.94,1844.94,1.8449,45,0.4000,1.1447,4755.17,4.7552,6,810.86,-472.24,53.8291,NVDA,NVDA,1d,1d,normal_density_review,completed_capital_test
strategy_timeframe_symbol,M10-PA-007,1d,NVDA,stress_high,1,100000.00,101409.96,1409.96,1.4100,45,0.4000,1.1086,4877.84,4.8778,6,799.60,-480.85,53.8291,NVDA,NVDA,1d,1d,normal_density_review,completed_capital_test
strategy_timeframe_symbol,M10-PA-007,1d,NVDA,stress_low,1,100000.00,101736.03,1736.03,1.7360,45,0.4000,1.1355,4785.85,4.7859,6,808.04,-474.40,53.8291,NVDA,NVDA,1d,1d,normal_density_review,completed_capital_test
strategy_timeframe_symbol,M10-PA-007,1d,ORCL,baseline,1,100000.00,109335.77,9335.77,9.3358,45,0.5333,1.9020,2174.69,2.1747,4,820.25,-492.86,52.1060,ORCL,ORCL,1d,1d,normal_density_review,completed_capital_test
strategy_timeframe_symbol,M10-PA-007,1d,ORCL,stress_high,1,100000.00,108667.35,8667.35,8.6674,45,0.5333,1.8125,2216.18,2.2162,4,805.63,-507.99,52.1060,ORCL,ORCL,1d,1d,normal_density_review,completed_capital_test
strategy_timeframe_symbol,M10-PA-007,1d,ORCL,stress_low,1,100000.00,109168.30,9168.30,9.1683,45,0.5333,1.8791,2180.17,2.1802,4,816.58,-496.65,52.1060,ORCL,ORCL,1d,1d,normal_density_review,completed_capital_test
strategy_timeframe_symbol,M10-PA-007,1d,PANW,baseline,1,100000.00,99077.74,-922.26,-0.9223,48,0.3958,0.9277,3581.94,3.5819,9,622.76,-439.82,59.7788,PANW,PANW,1d,1d,normal_density_review,completed_capital_test
strategy_timeframe_symbol,M10-PA-007,1d,PANW,stress_high,1,100000.00,98620.21,-1379.79,-1.3798,48,0.3958,0.8942,3694.51,3.6945,9,613.76,-449.70,59.7788,PANW,PANW,1d,1d,normal_density_review,completed_capital_test
strategy_timeframe_symbol,M10-PA-007,1d,PANW,stress_low,1,100000.00,98963.16,-1036.84,-1.0368,48,0.3958,0.9192,3610.10,3.6101,9,620.51,-442.29,59.7788,PANW,PANW,1d,1d,normal_density_review,completed_capital_test
strategy_timeframe_symbol,M10-PA-007,1d,PLTR,baseline,1,100000.00,99167.75,-832.25,-0.8323,22,0.4091,0.8598,3167.80,3.1678,6,567.02,-456.57,56.3846,PLTR,PLTR,1d,1d,normal_density_review,completed_capital_test
strategy_timeframe_symbol,M10-PA-007,1d,PLTR,stress_high,1,100000.00,99064.71,-935.29,-0.9353,22,0.4091,0.8440,3240.15,3.2402,6,562.40,-461.30,56.3846,PLTR,PLTR,1d,1d,normal_density_review,completed_capital_test
strategy_timeframe_symbol,M10-PA-007,1d,PLTR,stress_low,1,100000.00,99141.98,-858.02,-0.8580,22,0.4091,0.8558,3185.89,3.1859,6,565.86,-457.75,56.3846,PLTR,PLTR,1d,1d,normal_density_review,completed_capital_test
strategy_timeframe_symbol,M10-PA-007,1d,QCOM,baseline,1,100000.00,100520.58,520.58,0.5206,47,0.4255,1.0419,6790.16,6.7902,13,647.60,-460.42,57.5745,QCOM,QCOM,1d,1d,normal_density_review,completed_capital_test
strategy_timeframe_symbol,M10-PA-007,1d,QCOM,stress_high,1,100000.00,100033.57,33.57,0.0336,47,0.4255,1.0026,6976.61,6.9766,13,638.20,-471.49,57.5745,QCOM,QCOM,1d,1d,normal_density_review,completed_capital_test
strategy_timeframe_symbol,M10-PA-007,1d,QCOM,stress_low,1,100000.00,100398.62,398.62,0.3986,47,0.4255,1.0319,6836.89,6.8369,13,645.24,-463.19,57.5745,QCOM,QCOM,1d,1d,normal_density_review,completed_capital_test
strategy_timeframe_symbol,M10-PA-007,1d,QQQ,baseline,1,100000.00,100043.38,43.38,0.0434,48,0.4375,1.0035,4087.20,4.0872,4,596.17,-462.08,60.9231,QQQ,QQQ,1d,1d,normal_density_review,completed_capital_test
strategy_timeframe_symbol,M10-PA-007,1d,QQQ,stress_high,1,100000.00,99346.46,-653.54,-0.6535,48,0.4375,0.9494,4435.22,4.4352,4,583.48,-478.03,60.9231,QQQ,QQQ,1d,1d,normal_density_review,completed_capital_test
strategy_timeframe_symbol,M10-PA-007,1d,QQQ,stress_low,1,100000.00,99868.71,-131.29,-0.1313,48,0.4375,0.9896,4174.55,4.1746,4,592.99,-466.08,60.9231,QQQ,QQQ,1d,1d,normal_density_review,completed_capital_test
strategy_timeframe_symbol,M10-PA-007,1d,SLV,baseline,1,100000.00,105133.08,5133.08,5.1331,48,0.4583,1.4559,2678.46,2.6785,7,745.15,-433.08,57.0000,SLV,SLV,1d,1d,normal_density_review,completed_capital_test
strategy_timeframe_symbol,M10-PA-007,1d,SLV,stress_high,1,100000.00,104288.90,4288.90,4.2889,48,0.4583,1.3667,2812.57,2.8126,7,726.53,-449.80,57.0000,SLV,SLV,1d,1d,normal_density_review,completed_capital_test
strategy_timeframe_symbol,M10-PA-007,1d,SLV,stress_low,1,100000.00,104921.42,4921.42,4.9214,48,0.4583,1.4329,2712.14,2.7121,7,740.48,-437.27,57.0000,SLV,SLV,1d,1d,normal_density_review,completed_capital_test
strategy_timeframe_symbol,M10-PA-007,1d,SMH,baseline,1,100000.00,98973.72,-1026.28,-1.0263,46,0.3478,0.9162,2646.61,2.6466,5,701.27,-408.22,60.8495,SMH,SMH,1d,1d,normal_density_review,completed_capital_test
strategy_timeframe_symbol,M10-PA-007,1d,SMH,stress_high,1,100000.00,98323.55,-1676.45,-1.6765,46,0.3478,0.8680,2808.52,2.8085,5,689.09,-423.39,60.8495,SMH,SMH,1d,1d,normal_density_review,completed_capital_test
strategy_timeframe_symbol,M10-PA-007,1d,SMH,stress_low,1,100000.00,98810.80,-1189.20,-1.1892,46,0.3478,0.9038,2687.26,2.6873,5,698.22,-412.02,60.8495,SMH,SMH,1d,1d,normal_density_review,completed_capital_test
strategy_timeframe_symbol,M10-PA-007,1d,SNOW,baseline,1,100000.00,96383.41,-3616.59,-3.6166,28,0.3214,0.5815,6354.83,6.3548,9,558.28,-454.80,53.8022,SNOW,SNOW,1d,1d,normal_density_review,completed_capital_test
strategy_timeframe_symbol,M10-PA-007,1d,SNOW,stress_high,1,100000.00,96197.52,-3802.48,-3.8025,28,0.3214,0.5669,6482.59,6.4826,9,553.04,-462.10,53.8022,SNOW,SNOW,1d,1d,normal_density_review,completed_capital_test
strategy_timeframe_symbol,M10-PA-007,1d,SNOW,stress_low,1,100000.00,96336.91,-3663.09,-3.6631,28,0.3214,0.5778,6386.79,6.3868,9,556.97,-456.62,53.8022,SNOW,SNOW,1d,1d,normal_density_review,completed_capital_test
strategy_timeframe_symbol,M10-PA-007,1d,SOXX,baseline,1,100000.00,99439.32,-560.68,-0.5607,48,0.3542,0.9522,2822.02,2.8220,6,656.40,-378.05,68.6923,SOXX,SOXX,1d,1d,normal_density_review,completed_capital_test
strategy_timeframe_symbol,M10-PA-007,1d,SOXX,stress_high,1,100000.00,98992.80,-1007.20,-1.0072,48,0.3542,0.9162,2883.21,2.8832,6,647.85,-387.76,68.6923,SOXX,SOXX,1d,1d,normal_density_review,completed_capital_test
strategy_timeframe_symbol,M10-PA-007,1d,SOXX,stress_low,1,100000.00,99327.51,-672.49,-0.6725,48,0.3542,0.9430,2837.36,2.8374,6,654.26,-380.48,68.6923,SOXX,SOXX,1d,1d,normal_density_review,completed_capital_test
strategy_timeframe_symbol,M10-PA-007,1d,SPY,baseline,1,100000.00,104380.08,4380.08,4.3801,47,0.4681,1.4230,3298.95,3.2990,5,669.77,-414.19,65.3650,SPY,SPY,1d,1d,normal_density_review,completed_capital_test
strategy_timeframe_symbol,M10-PA-007,1d,SPY,stress_high,1,100000.00,103171.24,3171.24,3.1712,47,0.4681,1.2829,3634.47,3.6345,5,653.77,-448.47,65.3650,SPY,SPY,1d,1d,normal_density_review,completed_capital_test
strategy_timeframe_symbol,M10-PA-007,1d,SPY,stress_low,1,100000.00,104076.60,4076.60,4.0766,47,0.4681,1.3857,3383.47,3.3835,5,665.76,-422.80,65.3650,SPY,SPY,1d,1d,normal_density_review,completed_capital_test
strategy_timeframe_symbol,M10-PA-007,1d,SQQQ,baseline,1,100000.00,93125.51,-6874.49,-6.8745,44,0.2727,0.5075,6874.49,6.8745,9,590.39,-436.22,52.0280,SQQQ,SQQQ,1d,1d,normal_density_review,completed_capital_test
strategy_timeframe_symbol,M10-PA-007,1d,SQQQ,stress_high,1,100000.00,92818.54,-7181.46,-7.1815,44,0.2727,0.4942,7181.46,7.1815,9,584.83,-443.73,52.0280,SQQQ,SQQQ,1d,1d,normal_density_review,completed_capital_test
strategy_timeframe_symbol,M10-PA-007,1d,SQQQ,stress_low,1,100000.00,93048.68,-6951.32,-6.9513,44,0.2727,0.5042,6951.32,6.9513,9,588.99,-438.10,52.0280,SQQQ,SQQQ,1d,1d,normal_density_review,completed_capital_test
strategy_timeframe_symbol,M10-PA-007,1d,TLT,baseline,1,100000.00,99134.66,-865.34,-0.8653,49,0.4082,0.9280,3435.96,3.4360,8,557.49,-414.31,66.5432,TLT,TLT,1d,1d,normal_density_review,completed_capital_test
strategy_timeframe_symbol,M10-PA-007,1d,TLT,stress_high,1,100000.00,98118.54,-1881.46,-1.8815,49,0.3878,0.8513,4035.59,4.0356,8,567.06,-421.85,66.5432,TLT,TLT,1d,1d,normal_density_review,completed_capital_test
strategy_timeframe_symbol,M10-PA-007,1d,TLT,stress_low,1,100000.00,98879.68,-1120.32,-1.1203,49,0.3878,0.9080,3586.37,3.5864,8,581.78,-405.81,66.5432,TLT,TLT,1d,1d,normal_density_review,completed_capital_test
strategy_timeframe_symbol,M10-PA-007,1d,TQQQ,baseline,1,100000.00,101031.93,1031.93,1.0319,42,0.4048,1.0879,3206.67,3.2067,6,751.05,-469.43,55.8278,TQQQ,TQQQ,1d,1d,normal_density_review,completed_capital_test
strategy_timeframe_symbol,M10-PA-007,1d,TQQQ,stress_high,1,100000.00,100752.73,752.73,0.7527,42,0.4048,1.0634,3363.88,3.3639,6,743.04,-475.16,55.8278,TQQQ,TQQQ,1d,1d,normal_density_review,completed_capital_test
strategy_timeframe_symbol,M10-PA-007,1d,TQQQ,stress_low,1,100000.00,100962.06,962.06,0.9621,42,0.4048,1.0817,3246.01,3.2460,6,749.04,-470.87,55.8278,TQQQ,TQQQ,1d,1d,normal_density_review,completed_capital_test
strategy_timeframe_symbol,M10-PA-007,1d,TSLA,baseline,1,100000.00,99343.17,-656.83,-0.6568,49,0.3673,0.9508,3700.87,3.7009,10,704.68,-430.36,55.6138,TSLA,TSLA,1d,1d,normal_density_review,completed_capital_test
strategy_timeframe_symbol,M10-PA-007,1d,TSLA,stress_high,1,100000.00,99009.87,-990.13,-0.9901,49,0.3265,0.9268,3752.24,3.7522,10,783.91,-410.08,55.6138,TSLA,TSLA,1d,1d,normal_density_review,completed_capital_test
strategy_timeframe_symbol,M10-PA-007,1d,TSLA,stress_low,1,100000.00,99259.74,-740.26,-0.7403,49,0.3673,0.9447,3713.72,3.7137,10,702.67,-431.88,55.6138,TSLA,TSLA,1d,1d,normal_density_review,completed_capital_test
strategy_timeframe_symbol,M10-PA-007,1d,USO,baseline,1,100000.00,93036.32,-6963.68,-6.9637,47,0.2766,0.5058,7417.09,7.4171,5,548.20,-414.42,62.2160,USO,USO,1d,1d,normal_density_review,completed_capital_test
strategy_timeframe_symbol,M10-PA-007,1d,USO,stress_high,1,100000.00,92657.42,-7342.58,-7.3426,47,0.2553,0.4888,7774.83,7.7748,5,585.18,-410.42,62.2160,USO,USO,1d,1d,normal_density_review,completed_capital_test
strategy_timeframe_symbol,M10-PA-007,1d,USO,stress_low,1,100000.00,92941.45,-7058.55,-7.0586,47,0.2766,0.5015,7506.65,7.5067,5,546.14,-416.42,62.2160,USO,USO,1d,1d,normal_density_review,completed_capital_test
strategy_timeframe_symbol,M10-PA-007,1d,VOO,baseline,1,100000.00,100532.88,532.88,0.5329,45,0.4222,1.0492,2575.64,2.5756,4,598.37,-416.78,65.0667,VOO,VOO,1d,1d,normal_density_review,completed_capital_test
strategy_timeframe_symbol,M10-PA-007,1d,VOO,stress_high,1,100000.00,99503.11,-496.89,-0.4969,45,0.4222,0.9571,2881.19,2.8812,4,583.33,-445.39,65.0667,VOO,VOO,1d,1d,normal_density_review,completed_capital_test
strategy_timeframe_symbol,M10-PA-007,1d,VOO,stress_low,1,100000.00,100274.48,274.48,0.2745,45,0.4222,1.0249,2641.40,2.6414,4,594.60,-423.96,65.0667,VOO,VOO,1d,1d,normal_density_review,completed_capital_test
strategy_timeframe_symbol,M10-PA-007,1d,VTI,baseline,1,100000.00,99988.99,-11.01,-0.0110,45,0.4222,0.9990,3274.77,3.2748,7,595.95,-435.92,64.4034,VTI,VTI,1d,1d,normal_density_review,completed_capital_test
strategy_timeframe_symbol,M10-PA-007,1d,VTI,stress_high,1,100000.00,99020.12,-979.88,-0.9799,45,0.4222,0.9183,3396.00,3.3960,7,579.85,-461.42,64.4034,VTI,VTI,1d,1d,normal_density_review,completed_capital_test
strategy_timeframe_symbol,M10-PA-007,1d,VTI,stress_low,1,100000.00,99745.93,-254.07,-0.2541,45,0.4222,0.9779,3299.05,3.2991,7,591.91,-442.32,64.4034,VTI,VTI,1d,1d,normal_density_review,completed_capital_test
strategy_timeframe_symbol,M10-PA-007,1d,XLB,baseline,1,100000.00,98295.31,-1704.69,-1.7047,46,0.3261,0.8691,3327.72,3.3277,9,754.42,-420.03,49.4482,XLB,XLB,1d,1d,normal_density_review,completed_capital_test
strategy_timeframe_symbol,M10-PA-007,1d,XLB,stress_high,1,100000.00,97196.96,-2803.04,-2.8030,46,0.3261,0.7973,3795.32,3.7953,9,735.12,-446.13,49.4482,XLB,XLB,1d,1d,normal_density_review,completed_capital_test
strategy_timeframe_symbol,M10-PA-007,1d,XLB,stress_low,1,100000.00,98019.61,-1980.39,-1.9804,46,0.3261,0.8502,3445.38,3.4454,9,749.58,-426.59,49.4482,XLB,XLB,1d,1d,normal_density_review,completed_capital_test
strategy_timeframe_symbol,M10-PA-007,1d,XLC,baseline,1,100000.00,96733.38,-3266.62,-3.2666,49,0.3673,0.7235,3743.49,3.7435,4,474.83,-381.08,64.0502,XLC,XLC,1d,1d,normal_density_review,completed_capital_test
strategy_timeframe_symbol,M10-PA-007,1d,XLC,stress_high,1,100000.00,95869.26,-4130.74,-4.1307,49,0.3673,0.6680,4245.38,4.2454,4,461.65,-401.30,64.0502,XLC,XLC,1d,1d,normal_density_review,completed_capital_test
strategy_timeframe_symbol,M10-PA-007,1d,XLC,stress_low,1,100000.00,96516.65,-3483.35,-3.4834,49,0.3673,0.7090,3869.19,3.8692,4,471.53,-386.16,64.0502,XLC,XLC,1d,1d,normal_density_review,completed_capital_test
strategy_timeframe_symbol,M10-PA-007,1d,XLE,baseline,1,100000.00,95119.62,-4880.38,-4.8804,48,0.3542,0.6426,5407.41,5.4074,5,516.16,-440.49,60.4615,XLE,XLE,1d,1d,normal_density_review,completed_capital_test
strategy_timeframe_symbol,M10-PA-007,1d,XLE,stress_high,1,100000.00,94477.51,-5522.49,-5.5225,48,0.3542,0.6082,6006.75,6.0068,5,504.28,-454.68,60.4615,XLE,XLE,1d,1d,normal_density_review,completed_capital_test
strategy_timeframe_symbol,M10-PA-007,1d,XLE,stress_low,1,100000.00,94958.70,-5041.30,-5.0413,48,0.3542,0.6338,5557.58,5.5576,5,513.18,-444.05,60.4615,XLE,XLE,1d,1d,normal_density_review,completed_capital_test
strategy_timeframe_symbol,M10-PA-007,1d,XLF,baseline,1,100000.00,107395.85,7395.85,7.3959,47,0.5106,1.7217,1732.76,1.7328,4,735.17,-445.57,56.5008,XLF,XLF,1d,1d,normal_density_review,completed_capital_test
strategy_timeframe_symbol,M10-PA-007,1d,XLF,stress_high,1,100000.00,106528.59,6528.59,6.5286,47,0.5106,1.6153,1798.22,1.7982,4,714.11,-461.31,56.5008,XLF,XLF,1d,1d,normal_density_review,completed_capital_test
strategy_timeframe_symbol,M10-PA-007,1d,XLF,stress_low,1,100000.00,107178.40,7178.40,7.1784,47,0.5106,1.6943,1749.13,1.7491,4,729.89,-449.52,56.5008,XLF,XLF,1d,1d,normal_density_review,completed_capital_test
strategy_timeframe_symbol,M10-PA-007,1d,XLI,baseline,1,100000.00,98194.98,-1805.02,-1.8050,46,0.3696,0.8622,6966.34,6.9663,5,664.49,-451.77,52.6622,XLI,XLI,1d,1d,normal_density_review,completed_capital_test
strategy_timeframe_symbol,M10-PA-007,1d,XLI,stress_high,1,100000.00,97307.51,-2692.49,-2.6925,46,0.3696,0.8015,7380.58,7.3806,5,639.65,-467.81,52.6622,XLI,XLI,1d,1d,normal_density_review,completed_capital_test
strategy_timeframe_symbol,M10-PA-007,1d,XLI,stress_low,1,100000.00,97972.38,-2027.62,-2.0276,46,0.3696,0.8466,7070.11,7.0701,5,658.26,-455.79,52.6622,XLI,XLI,1d,1d,normal_density_review,completed_capital_test
strategy_timeframe_symbol,M10-PA-007,1d,XLK,baseline,1,100000.00,98120.77,-1879.23,-1.8792,49,0.3673,0.8574,3567.24,3.5672,5,627.85,-425.18,64.3485,XLK,XLK,1d,1d,normal_density_review,completed_capital_test
strategy_timeframe_symbol,M10-PA-007,1d,XLK,stress_high,1,100000.00,97618.53,-2381.47,-2.3815,49,0.3673,0.8235,3941.49,3.9415,5,617.43,-435.33,64.3485,XLK,XLK,1d,1d,normal_density_review,completed_capital_test
strategy_timeframe_symbol,M10-PA-007,1d,XLK,stress_low,1,100000.00,97994.98,-2005.02,-2.0050,49,0.3673,0.8488,3635.57,3.6356,5,625.24,-427.72,64.3485,XLK,XLK,1d,1d,normal_density_review,completed_capital_test
strategy_timeframe_symbol,M10-PA-007,1d,XLP,baseline,1,100000.00,94835.15,-5164.85,-5.1649,49,0.3265,0.5903,6268.64,6.2686,7,465.19,-382.06,68.5118,XLP,XLP,1d,1d,normal_density_review,completed_capital_test
strategy_timeframe_symbol,M10-PA-007,1d,XLP,stress_high,1,100000.00,93996.58,-6003.42,-6.0034,49,0.3265,0.5439,6887.95,6.8880,7,447.44,-398.86,68.5118,XLP,XLP,1d,1d,normal_density_review,completed_capital_test
strategy_timeframe_symbol,M10-PA-007,1d,XLP,stress_low,1,100000.00,94624.83,-5375.17,-5.3752,49,0.3265,0.5783,6424.11,6.4241,7,460.74,-386.27,68.5118,XLP,XLP,1d,1d,normal_density_review,completed_capital_test
strategy_timeframe_symbol,M10-PA-007,1d,XLU,baseline,1,100000.00,102292.11,2292.11,2.2921,48,0.5000,1.2083,2389.40,2.3894,3,553.97,-458.46,66.5385,XLU,XLU,1d,1d,normal_density_review,completed_capital_test
strategy_timeframe_symbol,M10-PA-007,1d,XLU,stress_high,1,100000.00,101543.99,1543.99,1.5440,48,0.4792,1.1354,2698.54,2.6985,3,562.93,-456.14,66.5385,XLU,XLU,1d,1d,normal_density_review,completed_capital_test
strategy_timeframe_symbol,M10-PA-007,1d,XLU,stress_low,1,100000.00,102104.58,2104.58,2.1046,48,0.5000,1.1896,2466.77,2.4668,3,550.26,-462.56,66.5385,XLU,XLU,1d,1d,normal_density_review,completed_capital_test
strategy_timeframe_symbol,M10-PA-007,1d,XLV,baseline,1,100000.00,99099.67,-900.33,-0.9003,50,0.3800,0.9333,5634.39,5.6344,11,663.37,-435.63,66.0954,XLV,XLV,1d,1d,normal_density_review,completed_capital_test
strategy_timeframe_symbol,M10-PA-007,1d,XLV,stress_high,1,100000.00,98214.97,-1785.03,-1.7850,50,0.3800,0.8726,5980.44,5.9804,11,643.60,-452.05,66.0954,XLV,XLV,1d,1d,normal_density_review,completed_capital_test
strategy_timeframe_symbol,M10-PA-007,1d,XLV,stress_low,1,100000.00,98877.78,-1122.22,-1.1222,50,0.3800,0.9177,5721.37,5.7214,11,658.42,-439.75,66.0954,XLV,XLV,1d,1d,normal_density_review,completed_capital_test
strategy_timeframe_symbol,M10-PA-007,1d,XLY,baseline,1,100000.00,102856.58,2856.58,2.8566,47,0.4468,1.2591,2982.97,2.9830,7,661.05,-424.06,60.6481,XLY,XLY,1d,1d,normal_density_review,completed_capital_test
strategy_timeframe_symbol,M10-PA-007,1d,XLY,stress_high,1,100000.00,102084.87,2084.87,2.0849,47,0.4255,1.1818,3318.80,3.3188,7,677.69,-424.78,60.6481,XLY,XLY,1d,1d,normal_density_review,completed_capital_test
strategy_timeframe_symbol,M10-PA-007,1d,XLY,stress_low,1,100000.00,102663.13,2663.13,2.6631,47,0.4468,1.2392,3065.43,3.0654,7,657.05,-428.27,60.6481,XLY,XLY,1d,1d,normal_density_review,completed_capital_test
strategy_timeframe,M10-PA-004,1d,,baseline,48,4800000.00,4754016.53,-45983.47,-0.9580,1535,0.3472,0.9030,193053.88,4.0220,27,803.45,-473.28,40.5933,MU,SQQQ,1d,1d,normal_density_review,completed_capital_test
strategy_timeframe,M10-PA-004,1d,,stress_high,48,4800000.00,4730638.07,-69361.93,-1.4450,1535,0.3472,0.8581,206271.44,4.2973,27,787.20,-487.96,40.5933,MU,SQQQ,1d,1d,normal_density_review,completed_capital_test
strategy_timeframe,M10-PA-004,1d,,stress_low,48,4800000.00,4748158.66,-51841.34,-1.0800,1535,0.3472,0.8915,196317.58,4.0899,27,799.38,-476.96,40.5933,MU,SQQQ,1d,1d,normal_density_review,completed_capital_test
strategy_timeframe,M10-PA-007,1d,,baseline,50,5000000.00,5032367.04,32367.04,0.6473,2260,0.4115,1.0563,193978.53,3.8796,14,653.03,-432.30,59.9109,DIA,USO,1d,1d,normal_density_review,completed_capital_test
strategy_timeframe,M10-PA-007,1d,,stress_high,50,5000000.00,4998005.73,-1994.27,-0.0399,2260,0.4071,0.9967,207465.11,4.1493,14,645.52,-444.68,59.9109,DIA,USO,1d,1d,normal_density_review,completed_capital_test
strategy_timeframe,M10-PA-007,1d,,stress_low,50,5000000.00,5023751.86,23751.86,0.4750,2260,0.4102,1.0409,197226.45,3.9445,14,651.50,-435.25,59.9109,DIA,USO,1d,1d,normal_density_review,completed_capital_test
strategy,M10-PA-004,,,baseline,48,4800000.00,4754016.53,-45983.47,-0.9580,1535,0.3472,0.9030,193053.88,4.0220,27,803.45,-473.28,40.5933,MU,SQQQ,1d,1d,normal_density_review,completed_capital_test
strategy,M10-PA-004,,,stress_high,48,4800000.00,4730638.07,-69361.93,-1.4450,1535,0.3472,0.8581,206271.44,4.2973,27,787.20,-487.96,40.5933,MU,SQQQ,1d,1d,normal_density_review,completed_capital_test
strategy,M10-PA-004,,,stress_low,48,4800000.00,4748158.66,-51841.34,-1.0800,1535,0.3472,0.8915,196317.58,4.0899,27,799.38,-476.96,40.5933,MU,SQQQ,1d,1d,normal_density_review,completed_capital_test
strategy,M10-PA-007,,,baseline,50,5000000.00,5032367.04,32367.04,0.6473,2260,0.4115,1.0563,193978.53,3.8796,14,653.03,-432.30,59.9109,DIA,USO,1d,1d,normal_density_review,completed_capital_test
strategy,M10-PA-007,,,stress_high,50,5000000.00,4998005.73,-1994.27,-0.0399,2260,0.4071,0.9967,207465.11,4.1493,14,645.52,-444.68,59.9109,DIA,USO,1d,1d,normal_density_review,completed_capital_test
strategy,M10-PA-007,,,stress_low,50,5000000.00,5023751.86,23751.86,0.4750,2260,0.4102,1.0409,197226.45,3.9445,14,651.50,-435.25,59.9109,DIA,USO,1d,1d,normal_density_review,completed_capital_test
