session_key,split,breakout_timestamp,direction,prior_level,filter_state,breakout_body_ratio,breakout_close_ratio,breakout_avg_body_multiple,filter_displacement_ratio,filter_flip_count,filter_doji_count,status,reason_code,time_bucket
2026-02-20,in_sample,2026-02-20T10:00:00-05:00,long,685.3500,trend_supportive,0.4379,0.4680,3.2578,0.7008,2,1,skipped,weak_breakout_bar,open_0930_1100
2026-02-20,in_sample,2026-02-20T10:50:00-05:00,long,688.7200,neutral,0.4626,0.8571,0.9796,0.4860,2,1,skipped,no_follow_through,open_0930_1100
2026-02-20,in_sample,2026-02-20T11:20:00-05:00,short,687.0000,neutral,0.6931,0.7228,2.0290,0.2188,3,2,executed,executed,midday_1100_1330
2026-02-20,in_sample,2026-02-20T11:45:00-05:00,long,688.8800,neutral,0.7518,0.8440,0.7447,0.1137,1,0,skipped,weak_breakout_bar,midday_1100_1330
2026-02-20,in_sample,2026-02-20T12:10:00-05:00,short,687.0400,neutral,0.9479,0.9763,2.1661,0.4834,1,1,executed,executed,midday_1100_1330
2026-02-20,in_sample,2026-02-20T13:30:00-05:00,long,687.8000,neutral,0.4230,0.6787,4.4662,0.4178,4,2,skipped,returned_to_range,late_1330_1600
2026-02-20,in_sample,2026-02-20T13:45:00-05:00,long,689.0200,neutral,0.2786,0.3071,0.7106,0.4875,5,2,skipped,weak_breakout_bar,late_1330_1600
2026-02-20,in_sample,2026-02-20T14:40:00-05:00,short,688.2400,neutral,0.5616,0.8904,1.5000,0.7204,4,1,skipped,no_follow_through,late_1330_1600
2026-02-20,in_sample,2026-02-20T15:05:00-05:00,long,688.8800,range_veto,0.5972,0.6111,1.8038,0.1493,3,3,skipped,range_veto,late_1330_1600
2026-02-23,in_sample,2026-02-23T10:00:00-05:00,short,686.3000,neutral,0.6070,0.9701,1.3996,0.3514,3,2,executed,executed,open_0930_1100
2026-02-23,in_sample,2026-02-23T11:00:00-05:00,short,682.1800,neutral,0.5801,0.7251,2.4202,0.7929,2,2,executed,executed,midday_1100_1330
2026-02-23,in_sample,2026-02-23T12:10:00-05:00,short,681.7800,neutral,0.4030,0.7313,2.0385,0.4249,3,4,skipped,returned_to_range,midday_1100_1330
2026-02-23,in_sample,2026-02-23T12:30:00-05:00,short,681.5900,neutral,0.7447,0.8298,3.3866,0.3182,3,4,executed,executed,midday_1100_1330
2026-02-23,in_sample,2026-02-23T13:00:00-05:00,long,682.3500,neutral,0.6678,0.8436,0.8752,0.1960,3,2,skipped,weak_breakout_bar,midday_1100_1330
2026-02-23,in_sample,2026-02-23T13:05:00-05:00,long,682.5090,neutral,0.8704,0.9630,1.0702,0.5576,3,2,executed,executed,midday_1100_1330
2026-02-23,in_sample,2026-02-23T13:50:00-05:00,short,682.8200,neutral,0.8861,0.9620,2.5076,0.0575,2,1,executed,executed,late_1330_1600
2026-02-23,in_sample,2026-02-23T15:30:00-05:00,long,681.5200,neutral,0.7826,0.8247,3.5126,0.3333,2,0,skipped,no_follow_through,late_1330_1600
2026-02-24,in_sample,2026-02-24T10:20:00-05:00,long,684.9700,neutral,0.8718,0.9658,1.2167,0.2483,3,0,executed,executed,open_0930_1100
2026-02-25,in_sample,2026-02-25T10:05:00-05:00,short,690.6200,neutral,0.5353,0.6580,1.0562,0.0803,3,1,skipped,no_follow_through,open_0930_1100
2026-02-25,in_sample,2026-02-25T11:05:00-05:00,long,691.1900,neutral,0.7143,0.9796,2.7097,0.5099,3,3,skipped,returned_to_range,midday_1100_1330
2026-02-25,in_sample,2026-02-25T11:25:00-05:00,long,691.4100,neutral,0.7600,0.7800,1.4826,0.5000,2,0,executed,executed,midday_1100_1330
2026-02-25,in_sample,2026-02-25T14:00:00-05:00,long,692.6900,neutral,0.6923,0.7179,4.1013,0.3750,4,4,executed,executed,late_1330_1600
2026-02-26,in_sample,2026-02-26T10:00:00-05:00,short,690.4200,neutral,0.2404,0.4810,0.8000,0.9063,0,2,skipped,weak_breakout_bar,open_0930_1100
2026-02-26,in_sample,2026-02-26T10:10:00-05:00,short,689.5750,neutral,0.7049,0.9829,3.7706,0.8293,0,2,skipped,stop_too_wide,open_0930_1100
2026-02-26,in_sample,2026-02-26T10:15:00-05:00,short,688.5511,neutral,0.9522,0.9566,4.4912,0.9393,0,2,skipped,stop_too_wide,open_0930_1100
2026-02-26,in_sample,2026-02-26T10:20:00-05:00,short,686.3300,neutral,0.5759,0.8102,1.5253,0.8794,0,2,executed,executed,open_0930_1100
2026-02-26,in_sample,2026-02-26T11:10:00-05:00,long,688.2800,neutral,0.6305,1.0000,1.8916,0.7638,0,3,executed,executed,midday_1100_1330
2026-02-26,in_sample,2026-02-26T11:40:00-05:00,short,687.3740,neutral,0.7738,1.0000,1.5795,0.3452,3,0,executed,executed,midday_1100_1330
2026-02-26,in_sample,2026-02-26T13:30:00-05:00,long,685.9550,range_veto,0.8228,0.9810,6.4463,0.1646,2,3,skipped,range_veto,late_1330_1600
2026-02-26,in_sample,2026-02-26T13:35:00-05:00,long,686.9900,neutral,0.4464,0.8125,1.3953,0.8178,3,3,skipped,no_follow_through,late_1330_1600
2026-02-26,in_sample,2026-02-26T14:05:00-05:00,long,688.1900,neutral,0.8209,0.9104,2.5381,0.5583,2,3,executed,executed,late_1330_1600
2026-02-27,in_sample,2026-02-27T10:05:00-05:00,long,684.4300,range_veto,0.4875,0.5563,1.0788,0.0392,4,2,skipped,range_veto,open_0930_1100
2026-02-27,in_sample,2026-02-27T10:40:00-05:00,long,685.4900,range_veto,0.5900,0.9100,1.7605,0.1852,3,3,skipped,range_veto,open_0930_1100
2026-02-27,in_sample,2026-02-27T11:30:00-05:00,long,686.0500,neutral,0.8696,0.9239,1.7209,0.1043,3,1,skipped,returned_to_range,midday_1100_1330
2026-02-27,in_sample,2026-02-27T11:40:00-05:00,short,684.8000,neutral,0.8941,0.9294,1.5540,0.4698,3,1,executed,executed,midday_1100_1330
2026-02-27,in_sample,2026-02-27T12:15:00-05:00,short,684.5650,range_veto,0.8591,0.8926,0.8888,0.0727,4,1,skipped,range_veto,midday_1100_1330
2026-02-27,in_sample,2026-02-27T12:20:00-05:00,short,684.1600,neutral,0.1863,0.2549,0.2358,0.1840,3,0,skipped,weak_breakout_bar,midday_1100_1330
2026-02-27,in_sample,2026-02-27T13:20:00-05:00,short,683.5000,neutral,0.1770,0.4336,0.4675,0.2203,1,2,skipped,weak_breakout_bar,midday_1100_1330
2026-02-27,in_sample,2026-02-27T14:00:00-05:00,long,684.2400,range_veto,0.8402,0.9231,5.8759,0.1596,3,4,skipped,range_veto,late_1330_1600
2026-02-27,in_sample,2026-02-27T14:30:00-05:00,short,683.4800,range_veto,0.4187,0.4420,0.5882,0.2333,2,3,skipped,range_veto,late_1330_1600
2026-02-27,in_sample,2026-02-27T15:10:00-05:00,long,684.1300,range_veto,0.9882,1.0000,5.6846,0.1053,1,3,skipped,range_veto,late_1330_1600
2026-02-27,in_sample,2026-02-27T15:15:00-05:00,long,685.2200,neutral,0.6325,0.8034,1.0423,0.8789,1,3,executed,executed,late_1330_1600
2026-03-02,in_sample,2026-03-02T10:00:00-05:00,long,683.3700,neutral,0.6262,0.8932,1.2573,0.8037,4,1,executed,executed,open_0930_1100
2026-03-02,in_sample,2026-03-02T14:30:00-05:00,long,688.2800,trend_supportive,0.3810,0.5716,0.3273,0.9482,0,1,skipped,weak_breakout_bar,late_1330_1600
2026-03-02,in_sample,2026-03-02T15:05:00-05:00,short,687.8750,neutral,0.8418,0.8964,9.8765,0.4497,2,0,skipped,stop_too_wide,late_1330_1600
2026-03-02,in_sample,2026-03-02T15:10:00-05:00,short,685.9600,trend_supportive,0.8455,0.8727,1.9428,0.8023,2,0,skipped,returned_to_range,late_1330_1600
2026-03-03,in_sample,2026-03-03T10:15:00-05:00,short,671.6300,range_veto,0.7536,0.9130,2.8364,0.2524,3,3,skipped,range_veto,open_0930_1100
2026-03-03,in_sample,2026-03-03T10:20:00-05:00,short,670.8800,neutral,0.4919,0.5323,0.9409,0.4689,3,3,skipped,weak_breakout_bar,open_0930_1100
2026-03-03,in_sample,2026-03-03T10:25:00-05:00,short,669.8700,neutral,0.6250,0.8021,0.9704,0.6921,2,3,skipped,returned_to_range,open_0930_1100
2026-03-03,in_sample,2026-03-03T11:00:00-05:00,long,672.5000,neutral,0.8333,0.9500,2.0090,0.7831,4,1,executed,executed,midday_1100_1330
2026-03-03,in_sample,2026-03-03T12:25:00-05:00,long,678.2900,neutral,0.0533,0.7733,0.0909,0.1667,1,1,skipped,weak_breakout_bar,midday_1100_1330
2026-03-03,in_sample,2026-03-03T13:05:00-05:00,long,678.7800,trend_supportive,0.4865,0.8649,0.4932,0.7074,1,1,skipped,weak_breakout_bar,midday_1100_1330
2026-03-03,in_sample,2026-03-03T13:20:00-05:00,long,678.9100,neutral,0.9521,0.9726,1.9532,0.1921,3,0,executed,executed,midday_1100_1330
2026-03-03,in_sample,2026-03-03T15:15:00-05:00,short,680.6700,neutral,0.2556,0.6556,0.6980,0.6237,3,3,skipped,weak_breakout_bar,late_1330_1600
2026-03-04,in_sample,2026-03-04T10:05:00-05:00,long,682.9100,neutral,0.8031,0.9016,2.1846,0.3708,3,2,executed,executed,open_0930_1100
2026-03-05,in_sample,2026-03-05T10:20:00-05:00,short,682.5900,neutral,0.9945,1.0000,1.7708,0.0102,3,0,skipped,no_follow_through,open_0930_1100
2026-03-05,in_sample,2026-03-05T10:25:00-05:00,short,681.0400,neutral,0.1974,0.5702,0.1971,0.6236,3,0,skipped,weak_breakout_bar,open_0930_1100
2026-03-05,in_sample,2026-03-05T10:30:00-05:00,short,680.3300,trend_supportive,0.4194,0.4452,0.6708,0.8212,2,1,skipped,weak_breakout_bar,open_0930_1100
2026-03-05,in_sample,2026-03-05T11:10:00-05:00,short,680.0650,neutral,0.2333,0.4500,0.5714,0.4016,0,3,skipped,weak_breakout_bar,midday_1100_1330
2026-03-05,in_sample,2026-03-05T11:15:00-05:00,short,679.1500,neutral,0.5598,0.8846,1.2637,0.4082,0,3,skipped,returned_to_range,midday_1100_1330
2026-03-05,in_sample,2026-03-05T12:00:00-05:00,long,681.3500,trend_supportive,0.8121,0.9554,3.4305,0.8095,2,0,skipped,returned_to_range,midday_1100_1330
2026-03-05,in_sample,2026-03-05T12:15:00-05:00,short,680.1700,neutral,0.8793,0.9077,1.9250,0.1378,1,0,executed,executed,midday_1100_1330
2026-03-05,in_sample,2026-03-05T14:30:00-05:00,short,676.2900,range_veto,0.6415,0.6415,2.9350,0.0467,0,3,skipped,range_veto,late_1330_1600
2026-03-05,in_sample,2026-03-05T15:00:00-05:00,long,677.7300,neutral,0.5057,0.8921,1.8021,0.1981,3,0,executed,executed,late_1330_1600
2026-03-06,in_sample,2026-03-06T10:10:00-05:00,long,673.1300,range_veto,0.9008,0.9721,3.1172,0.0415,1,4,skipped,range_veto,open_0930_1100
2026-03-06,in_sample,2026-03-06T10:15:00-05:00,long,673.3000,neutral,0.2448,0.8789,0.2040,0.6299,2,3,skipped,weak_breakout_bar,open_0930_1100
2026-03-06,in_sample,2026-03-06T10:20:00-05:00,long,673.5188,neutral,0.4919,0.7213,0.5635,0.7130,2,3,skipped,weak_breakout_bar,open_0930_1100
2026-03-06,in_sample,2026-03-06T10:30:00-05:00,long,674.3600,neutral,0.8750,0.8864,0.6600,0.9134,2,2,skipped,weak_breakout_bar,open_0930_1100
2026-03-06,in_sample,2026-03-06T10:35:00-05:00,long,675.0000,neutral,0.6452,0.7097,0.7179,0.4918,1,2,skipped,weak_breakout_bar,open_0930_1100
2026-03-06,in_sample,2026-03-06T11:45:00-05:00,long,675.2300,neutral,0.6911,0.7317,1.4108,0.1803,3,1,skipped,returned_to_range,midday_1100_1330
2026-03-06,in_sample,2026-03-06T12:35:00-05:00,short,673.3500,neutral,0.7954,0.8020,2.5175,0.5859,3,2,skipped,no_follow_through,midday_1100_1330
2026-03-06,in_sample,2026-03-06T13:10:00-05:00,long,674.4900,neutral,0.7397,0.8721,4.1358,0.5082,3,2,skipped,no_follow_through,midday_1100_1330
2026-03-06,in_sample,2026-03-06T13:50:00-05:00,short,673.9700,neutral,0.7727,0.8091,2.1795,0.5450,3,1,skipped,returned_to_range,late_1330_1600
2026-03-06,in_sample,2026-03-06T14:10:00-05:00,long,674.8700,range_veto,0.6667,0.7292,1.7944,0.1356,4,2,skipped,range_veto,late_1330_1600
2026-03-06,in_sample,2026-03-06T15:00:00-05:00,long,675.6400,range_veto,0.7300,0.7600,3.8590,0.0685,2,3,skipped,range_veto,late_1330_1600
2026-03-06,in_sample,2026-03-06T15:10:00-05:00,short,674.1800,neutral,0.6159,0.7073,2.7991,0.0950,2,2,executed,executed,late_1330_1600
2026-03-09,in_sample,2026-03-09T10:35:00-04:00,long,665.9500,neutral,0.6136,0.7273,0.9205,0.2303,3,0,executed,executed,open_0930_1100
2026-03-09,in_sample,2026-03-09T11:20:00-04:00,long,669.3300,neutral,0.5222,0.8444,0.8650,0.5551,4,1,skipped,weak_breakout_bar,midday_1100_1330
2026-03-09,in_sample,2026-03-09T11:25:00-04:00,long,669.4800,neutral,0.4783,0.8370,0.8199,0.5169,3,1,skipped,weak_breakout_bar,midday_1100_1330
2026-03-09,in_sample,2026-03-09T12:20:00-04:00,long,670.2600,neutral,0.4058,0.8986,3.0156,0.6015,2,3,skipped,weak_breakout_bar,midday_1100_1330
2026-03-09,in_sample,2026-03-09T12:25:00-04:00,long,670.6300,neutral,0.2879,0.4470,1.9094,0.6095,1,3,skipped,weak_breakout_bar,midday_1100_1330
2026-03-09,in_sample,2026-03-09T12:40:00-04:00,long,671.6000,neutral,0.8837,0.8953,3.4545,0.5234,2,3,executed,executed,midday_1100_1330
2026-03-09,in_sample,2026-03-09T13:15:00-04:00,short,670.3150,neutral,0.8136,0.9455,3.6441,0.6158,1,3,executed,executed,midday_1100_1330
2026-03-09,in_sample,2026-03-09T14:30:00-04:00,long,670.8700,neutral,0.8475,0.8983,3.9604,0.5810,1,3,skipped,returned_to_range,late_1330_1600
2026-03-09,in_sample,2026-03-09T15:15:00-04:00,long,671.2400,neutral,0.9221,0.9626,13.8620,0.3060,2,4,skipped,stop_too_wide,late_1330_1600
2026-03-09,in_sample,2026-03-09T15:20:00-04:00,long,673.5300,neutral,0.6324,0.7904,2.4860,0.6818,1,3,skipped,stop_too_wide,late_1330_1600
2026-03-09,in_sample,2026-03-09T15:25:00-04:00,long,675.7000,neutral,0.7979,0.9553,2.2926,0.7310,1,2,skipped,stop_too_wide,late_1330_1600
2026-03-09,in_sample,2026-03-09T15:30:00-04:00,long,677.5150,neutral,0.3985,0.9639,0.8682,0.9573,0,2,skipped,weak_breakout_bar,late_1330_1600
2026-03-09,in_sample,2026-03-09T15:35:00-04:00,long,678.5150,neutral,0.4662,0.9023,0.9156,0.9460,0,2,skipped,weak_breakout_bar,late_1330_1600
2026-03-10,in_sample,2026-03-10T10:05:00-04:00,short,674.9443,neutral,0.5639,0.9339,3.2716,0.4990,3,2,skipped,returned_to_range,open_0930_1100
2026-03-10,in_sample,2026-03-10T10:25:00-04:00,long,677.4900,neutral,0.4659,0.5114,0.5635,0.3223,3,0,skipped,weak_breakout_bar,open_0930_1100
2026-03-10,in_sample,2026-03-10T10:30:00-04:00,long,678.0500,neutral,0.8808,0.8874,1.8491,0.5441,2,0,executed,executed,open_0930_1100
2026-03-10,in_sample,2026-03-10T12:05:00-04:00,short,680.3700,neutral,0.5506,0.5843,1.0687,0.0127,3,0,skipped,weak_breakout_bar,midday_1100_1330
2026-03-10,in_sample,2026-03-10T12:35:00-04:00,long,681.4000,neutral,0.5238,0.8571,0.5120,0.4884,3,1,skipped,weak_breakout_bar,midday_1100_1330
2026-03-10,in_sample,2026-03-10T13:00:00-04:00,long,681.8200,neutral,0.5123,0.7346,0.9432,0.6942,3,1,skipped,returned_to_range,midday_1100_1330
2026-03-10,in_sample,2026-03-10T13:15:00-04:00,long,682.3500,range_veto,0.8660,0.9381,2.0801,0.1503,4,0,skipped,range_veto,midday_1100_1330
2026-03-10,in_sample,2026-03-10T13:25:00-04:00,long,682.8000,neutral,0.7405,0.8797,1.8942,0.6797,3,1,skipped,returned_to_range,midday_1100_1330
2026-03-10,in_sample,2026-03-10T13:35:00-04:00,short,681.5800,neutral,0.4650,0.5478,1.4441,0.1000,3,1,skipped,weak_breakout_bar,late_1330_1600
2026-03-10,in_sample,2026-03-10T14:10:00-04:00,short,681.0000,neutral,0.8304,0.9971,8.1970,0.0943,2,2,skipped,stop_too_wide,late_1330_1600
2026-03-10,in_sample,2026-03-10T14:15:00-04:00,short,678.6000,trend_supportive,0.2635,0.8047,0.6859,0.6697,1,1,skipped,weak_breakout_bar,late_1330_1600
2026-03-10,in_sample,2026-03-10T15:25:00-04:00,short,677.8600,neutral,0.9919,1.0000,3.7252,0.1617,2,1,executed,executed,late_1330_1600
2026-03-11,in_sample,2026-03-11T10:55:00-04:00,long,677.9300,neutral,0.2907,0.6395,0.4972,0.6143,2,2,skipped,weak_breakout_bar,open_0930_1100
2026-03-11,in_sample,2026-03-11T11:10:00-04:00,short,676.5200,neutral,0.5804,0.7679,3.3548,0.1792,1,2,skipped,no_follow_through,midday_1100_1330
2026-03-11,in_sample,2026-03-11T11:25:00-04:00,short,674.8800,neutral,0.8093,0.9588,2.5154,0.4202,2,1,skipped,returned_to_range,midday_1100_1330
2026-03-11,in_sample,2026-03-11T11:45:00-04:00,short,674.1000,neutral,0.3803,0.5070,0.4465,0.6337,4,2,skipped,weak_breakout_bar,midday_1100_1330
2026-03-11,in_sample,2026-03-11T12:30:00-04:00,long,674.7400,neutral,0.8685,0.9084,2.5563,0.4187,3,1,skipped,no_follow_through,midday_1100_1330
2026-03-11,in_sample,2026-03-11T12:55:00-04:00,long,676.0566,neutral,0.5593,0.9492,0.7155,0.7955,4,2,skipped,weak_breakout_bar,midday_1100_1330
2026-03-11,in_sample,2026-03-11T13:35:00-04:00,short,675.3300,neutral,0.6081,0.6655,5.6479,0.0069,3,1,skipped,no_follow_through,late_1330_1600
2026-03-11,in_sample,2026-03-11T14:25:00-04:00,long,675.2500,range_veto,0.5543,0.7391,2.4094,0.1355,4,4,skipped,range_veto,late_1330_1600
2026-03-11,in_sample,2026-03-11T14:30:00-04:00,long,675.5100,range_veto,0.6190,0.9286,0.8864,0.1547,4,3,skipped,range_veto,late_1330_1600
2026-03-11,in_sample,2026-03-11T15:30:00-04:00,long,675.4700,range_veto,0.6623,0.8728,3.3187,0.2478,3,3,skipped,range_veto,late_1330_1600
2026-03-11,in_sample,2026-03-11T15:40:00-04:00,long,676.0000,neutral,0.3859,0.6895,0.7409,0.6042,3,3,skipped,weak_breakout_bar,late_1330_1600
2026-03-12,in_sample,2026-03-12T10:25:00-04:00,short,668.1830,neutral,0.6720,0.9947,1.9538,0.0961,2,2,skipped,no_follow_through,open_0930_1100
2026-03-12,in_sample,2026-03-12T10:30:00-04:00,short,668.0500,neutral,0.0984,0.4098,0.0721,0.2571,1,1,skipped,weak_breakout_bar,open_0930_1100
2026-03-12,in_sample,2026-03-12T11:10:00-04:00,short,667.6001,range_veto,0.5279,0.5330,1.4150,0.0136,3,3,skipped,range_veto,midday_1100_1330
2026-03-12,in_sample,2026-03-12T11:35:00-04:00,long,668.7500,neutral,0.7448,0.9713,6.5107,0.1311,2,1,skipped,no_follow_through,midday_1100_1330
2026-03-12,in_sample,2026-03-12T14:45:00-04:00,short,667.4800,neutral,0.4232,0.8846,0.8999,0.7021,4,2,skipped,weak_breakout_bar,late_1330_1600
2026-03-12,in_sample,2026-03-12T14:55:00-04:00,short,667.4000,range_veto,0.7814,0.7814,2.3115,0.2778,4,2,skipped,range_veto,late_1330_1600
2026-03-13,in_sample,2026-03-13T10:10:00-04:00,short,669.1200,neutral,0.6107,0.8885,0.4977,0.3328,3,0,skipped,weak_breakout_bar,open_0930_1100
2026-03-13,in_sample,2026-03-13T10:15:00-04:00,short,668.7800,trend_supportive,0.5000,0.6691,0.9712,0.8607,2,0,skipped,returned_to_range,open_0930_1100
2026-03-13,in_sample,2026-03-13T10:40:00-04:00,short,667.7300,neutral,0.9578,0.9578,3.1487,0.1680,2,1,executed,executed,open_0930_1100
2026-03-13,in_sample,2026-03-13T11:40:00-04:00,short,663.9700,neutral,0.6026,0.7748,1.3599,0.5185,3,0,skipped,returned_to_range,midday_1100_1330
2026-03-13,in_sample,2026-03-13T13:45:00-04:00,short,663.4400,neutral,0.8305,0.9605,8.3992,0.4939,3,4,skipped,no_follow_through,late_1330_1600
2026-03-13,in_sample,2026-03-13T14:30:00-04:00,long,663.7300,neutral,0.5664,0.7699,1.8183,0.5469,4,1,executed,executed,late_1330_1600
2026-03-13,in_sample,2026-03-13T15:25:00-04:00,short,662.5100,neutral,0.5738,0.6557,1.0169,0.8873,4,3,executed,executed,late_1330_1600
2026-03-16,in_sample,2026-03-16T10:30:00-04:00,short,669.9900,neutral,0.8659,0.9239,3.0839,0.3759,4,2,executed,executed,open_0930_1100
2026-03-16,in_sample,2026-03-16T11:50:00-04:00,short,669.4600,neutral,0.6857,0.6857,2.4476,0.3602,4,1,skipped,stop_too_wide,midday_1100_1330
2026-03-16,in_sample,2026-03-16T11:55:00-04:00,short,669.0800,neutral,0.8034,0.9744,2.7990,0.4872,4,1,executed,executed,midday_1100_1330
2026-03-16,in_sample,2026-03-16T13:40:00-04:00,short,668.8500,neutral,0.4900,0.8980,1.0971,0.0333,3,2,skipped,weak_breakout_bar,late_1330_1600
2026-03-16,in_sample,2026-03-16T13:45:00-04:00,short,668.6100,neutral,0.3000,0.8400,1.5884,0.6140,2,2,skipped,weak_breakout_bar,late_1330_1600
2026-03-16,in_sample,2026-03-16T14:05:00-04:00,long,669.3200,neutral,0.4675,0.6753,1.4210,0.0858,1,0,executed,executed,late_1330_1600
2026-03-16,in_sample,2026-03-16T15:20:00-04:00,short,669.2400,neutral,0.3333,0.7564,0.3737,0.2367,2,1,skipped,weak_breakout_bar,late_1330_1600
2026-03-16,in_sample,2026-03-16T15:40:00-04:00,short,668.6900,neutral,0.5139,0.7424,0.8285,0.7012,2,2,skipped,weak_breakout_bar,late_1330_1600
2026-03-17,in_sample,2026-03-17T10:10:00-04:00,short,672.9800,neutral,0.9202,0.9859,2.6172,0.4345,3,1,skipped,no_follow_through,open_0930_1100
2026-03-17,in_sample,2026-03-17T11:05:00-04:00,short,672.2500,neutral,0.8148,0.9753,1.8679,0.4426,2,2,skipped,returned_to_range,midday_1100_1330
2026-03-17,in_sample,2026-03-17T11:30:00-04:00,short,671.6000,trend_supportive,0.3689,0.9126,0.8819,0.8293,2,1,skipped,weak_breakout_bar,midday_1100_1330
2026-03-17,in_sample,2026-03-17T11:35:00-04:00,short,671.1600,trend_supportive,0.3689,0.5820,1.1042,0.8105,2,1,skipped,weak_breakout_bar,midday_1100_1330
2026-03-17,in_sample,2026-03-17T13:00:00-04:00,long,671.6400,neutral,0.8812,0.8911,3.4452,0.2717,2,2,skipped,returned_to_range,midday_1100_1330
2026-03-17,in_sample,2026-03-17T13:35:00-04:00,long,671.8900,neutral,0.8214,0.8839,4.4762,0.5000,2,4,skipped,returned_to_range,late_1330_1600
2026-03-17,in_sample,2026-03-17T14:05:00-04:00,long,672.0000,neutral,0.5586,0.9640,0.9686,0.4639,4,1,skipped,weak_breakout_bar,late_1330_1600
2026-03-17,in_sample,2026-03-17T14:20:00-04:00,short,671.1750,neutral,0.9438,0.9663,3.1796,0.4089,3,0,skipped,no_follow_through,late_1330_1600
2026-03-17,in_sample,2026-03-17T14:25:00-04:00,short,670.9300,trend_supportive,0.1316,0.8947,0.1567,0.6423,2,0,skipped,weak_breakout_bar,late_1330_1600
2026-03-17,in_sample,2026-03-17T15:40:00-04:00,short,670.9400,neutral,0.3250,0.7250,0.9017,0.0000,1,2,skipped,weak_breakout_bar,late_1330_1600
2026-03-18,in_sample,2026-03-18T10:10:00-04:00,short,667.9300,range_veto,0.9713,1.0000,3.6345,0.1117,5,0,skipped,range_veto,open_0930_1100
2026-03-18,in_sample,2026-03-18T10:25:00-04:00,short,667.1300,neutral,0.8121,0.8545,1.9754,0.6535,5,0,executed,executed,open_0930_1100
2026-03-18,in_sample,2026-03-18T11:05:00-04:00,long,667.7150,neutral,0.8851,0.9310,2.9183,0.4672,1,3,skipped,returned_to_range,midday_1100_1330
2026-03-18,in_sample,2026-03-18T12:30:00-04:00,short,666.4918,neutral,0.7018,0.9220,3.1882,0.0368,2,2,skipped,returned_to_range,midday_1100_1330
2026-03-18,in_sample,2026-03-18T13:10:00-04:00,short,665.7600,neutral,0.4118,0.6765,0.9333,0.5243,2,1,skipped,returned_to_range,midday_1100_1330
2026-03-18,in_sample,2026-03-18T13:55:00-04:00,long,666.6500,neutral,0.2982,0.7368,0.5651,0.3419,3,1,skipped,weak_breakout_bar,late_1330_1600
2026-03-18,in_sample,2026-03-18T14:00:00-04:00,long,666.8700,trend_supportive,0.3814,0.6289,1.2686,0.5570,2,1,skipped,returned_to_range,late_1330_1600
2026-03-18,in_sample,2026-03-18T14:15:00-04:00,short,665.8400,neutral,0.7627,0.7797,3.0337,0.4000,2,1,skipped,returned_to_range,late_1330_1600
2026-03-18,in_sample,2026-03-18T14:30:00-04:00,short,665.3800,range_veto,0.8631,0.9762,3.6402,0.2864,4,2,skipped,range_veto,late_1330_1600
2026-03-18,in_sample,2026-03-18T14:50:00-04:00,short,664.4100,neutral,0.8189,0.8504,2.4280,0.5079,3,3,executed,executed,late_1330_1600
2026-03-18,in_sample,2026-03-18T15:20:00-04:00,short,663.2600,trend_supportive,0.7358,0.9245,1.0278,0.9075,2,1,executed,executed,late_1330_1600
2026-03-19,in_sample,2026-03-19T10:20:00-04:00,short,657.2400,range_veto,0.5102,0.8639,2.2277,0.1323,1,3,skipped,range_veto,open_0930_1100
2026-03-19,in_sample,2026-03-19T10:25:00-04:00,short,656.7000,neutral,0.5042,0.7563,1.8947,0.6859,0,3,skipped,returned_to_range,open_0930_1100
2026-03-19,in_sample,2026-03-19T11:30:00-04:00,short,657.2100,neutral,0.8667,0.9714,1.4880,0.0280,2,2,executed,executed,midday_1100_1330
2026-03-19,in_sample,2026-03-19T12:00:00-04:00,long,657.9500,range_veto,0.3067,0.6267,0.8417,0.1158,5,1,skipped,range_veto,midday_1100_1330
2026-03-19,in_sample,2026-03-19T12:50:00-04:00,short,657.1200,range_veto,0.5370,0.6019,2.3046,0.0314,4,4,skipped,range_veto,midday_1100_1330
2026-03-19,in_sample,2026-03-19T13:00:00-04:00,short,656.6100,neutral,0.7394,0.9758,2.0701,0.3867,3,4,executed,executed,midday_1100_1330
2026-03-19,in_sample,2026-03-19T13:50:00-04:00,long,657.5500,neutral,0.8347,0.8760,3.6287,0.1115,2,1,skipped,returned_to_range,late_1330_1600
2026-03-19,in_sample,2026-03-19T14:10:00-04:00,long,657.8800,trend_supportive,0.7970,0.8007,2.2041,0.5523,2,0,executed,executed,late_1330_1600
2026-03-19,in_sample,2026-03-19T14:40:00-04:00,short,656.5800,neutral,0.5789,0.7193,0.7416,0.2304,3,2,skipped,weak_breakout_bar,late_1330_1600
2026-03-19,in_sample,2026-03-19T14:55:00-04:00,long,657.9450,neutral,0.7409,0.8135,4.5517,0.5046,3,1,skipped,stop_too_wide,late_1330_1600
2026-03-19,in_sample,2026-03-19T15:00:00-04:00,long,658.8100,neutral,0.8205,0.8419,4.3146,0.5100,2,1,skipped,stop_too_wide,late_1330_1600
2026-03-19,in_sample,2026-03-19T15:05:00-04:00,long,660.7300,trend_supportive,0.5134,0.5134,1.7555,0.7188,1,0,skipped,weak_breakout_bar,late_1330_1600
2026-03-20,validation,2026-03-20T10:10:00-04:00,short,652.4800,neutral,0.6108,0.8324,1.4274,0.4584,1,2,skipped,no_follow_through,open_0930_1100
2026-03-20,validation,2026-03-20T10:50:00-04:00,short,651.6000,neutral,0.8735,0.9458,3.0961,0.3158,3,2,skipped,returned_to_range,open_0930_1100
2026-03-20,validation,2026-03-20T11:10:00-04:00,long,653.0900,range_veto,0.7910,0.8728,1.7059,0.1376,5,3,skipped,range_veto,midday_1100_1330
2026-03-20,validation,2026-03-20T12:00:00-04:00,long,653.2600,neutral,0.6591,0.8334,2.4627,0.6569,4,2,skipped,returned_to_range,midday_1100_1330
2026-03-20,validation,2026-03-20T12:30:00-04:00,short,652.7800,neutral,0.4397,0.4569,1.1961,0.1074,3,0,skipped,weak_breakout_bar,midday_1100_1330
2026-03-20,validation,2026-03-20T13:30:00-04:00,short,651.7500,neutral,0.6667,0.8381,2.4851,0.4000,3,1,executed,executed,late_1330_1600
2026-03-20,validation,2026-03-20T14:35:00-04:00,short,648.6600,neutral,0.6698,0.8071,1.3228,0.7323,3,2,executed,executed,late_1330_1600
2026-03-20,validation,2026-03-20T15:30:00-04:00,short,646.7800,neutral,0.7143,0.9173,2.6428,0.5099,4,1,skipped,returned_to_range,late_1330_1600
2026-03-20,validation,2026-03-20T15:35:00-04:00,short,646.0700,neutral,0.3899,0.4654,1.2368,0.9124,4,0,skipped,weak_breakout_bar,late_1330_1600
2026-03-23,validation,2026-03-23T10:15:00-04:00,long,660.7700,trend_supportive,0.9358,0.9908,1.5055,0.6302,2,0,executed,executed,open_0930_1100
2026-03-23,validation,2026-03-23T11:00:00-04:00,long,661.8000,range_veto,0.7268,0.8563,3.7301,0.0378,4,3,skipped,range_veto,midday_1100_1330
2026-03-23,validation,2026-03-23T11:30:00-04:00,short,660.7000,neutral,0.2824,0.7882,0.3794,0.0940,3,1,skipped,weak_breakout_bar,midday_1100_1330
2026-03-23,validation,2026-03-23T11:35:00-04:00,short,660.4800,trend_supportive,0.9257,0.9527,2.9945,0.8066,2,1,skipped,no_follow_through,midday_1100_1330
2026-03-23,validation,2026-03-23T11:45:00-04:00,short,658.8300,trend_supportive,0.4502,0.4892,0.8221,0.8304,2,1,skipped,weak_breakout_bar,midday_1100_1330
2026-03-23,validation,2026-03-23T11:50:00-04:00,short,658.1200,trend_supportive,0.7263,0.8842,2.2080,0.6826,1,1,executed,executed,midday_1100_1330
2026-03-23,validation,2026-03-23T15:10:00-04:00,short,658.3700,neutral,0.8235,0.9559,2.2703,0.3333,5,1,executed,executed,late_1330_1600
2026-03-24,validation,2026-03-24T10:05:00-04:00,long,653.0400,neutral,0.5590,0.9231,1.3597,0.1646,1,1,skipped,returned_to_range,open_0930_1100
2026-03-24,validation,2026-03-24T10:40:00-04:00,long,653.5857,neutral,0.8000,0.9797,2.2221,0.3479,2,3,skipped,returned_to_range,open_0930_1100
2026-03-24,validation,2026-03-24T10:50:00-04:00,long,654.1400,range_veto,0.4477,0.5952,2.5406,0.0792,4,2,skipped,range_veto,open_0930_1100
2026-03-24,validation,2026-03-24T11:20:00-04:00,long,655.9400,neutral,0.6306,0.9459,1.0811,0.6229,2,2,skipped,returned_to_range,midday_1100_1330
2026-03-24,validation,2026-03-24T11:55:00-04:00,short,655.2900,range_veto,0.9068,0.9164,5.0659,0.0287,4,2,skipped,range_veto,midday_1100_1330
2026-03-24,validation,2026-03-24T12:00:00-04:00,short,654.9100,neutral,0.4161,0.6851,0.8132,0.4811,4,2,skipped,weak_breakout_bar,midday_1100_1330
2026-03-24,validation,2026-03-24T12:35:00-04:00,short,654.3000,neutral,0.9071,0.9357,3.6545,0.3795,3,3,skipped,returned_to_range,midday_1100_1330
2026-03-24,validation,2026-03-24T13:00:00-04:00,short,654.0400,neutral,0.8324,0.9730,2.9806,0.3942,2,3,executed,executed,midday_1100_1330
2026-03-24,validation,2026-03-24T14:35:00-04:00,long,655.8000,range_veto,0.9341,0.9521,5.8137,0.2654,1,4,skipped,range_veto,late_1330_1600
2026-03-24,validation,2026-03-24T15:30:00-04:00,short,654.3100,neutral,0.4191,0.8179,0.9902,0.2754,1,0,executed,executed,late_1330_1600
2026-03-25,validation,2026-03-25T11:05:00-04:00,short,657.8500,range_veto,0.8701,0.9379,6.0990,0.0071,3,4,skipped,range_veto,midday_1100_1330
2026-03-25,validation,2026-03-25T11:10:00-04:00,short,657.1200,neutral,0.6239,0.9083,1.6287,0.4695,3,4,skipped,stop_too_wide,midday_1100_1330
2026-03-25,validation,2026-03-25T11:15:00-04:00,short,656.4700,neutral,0.5525,0.6498,2.8591,0.6727,3,3,skipped,returned_to_range,midday_1100_1330
2026-03-25,validation,2026-03-25T12:20:00-04:00,long,657.4100,range_veto,0.8477,1.0000,5.9535,0.2214,3,4,skipped,range_veto,midday_1100_1330
2026-03-25,validation,2026-03-25T13:05:00-04:00,short,657.1000,neutral,0.8106,0.9621,2.1329,0.4711,3,2,skipped,returned_to_range,midday_1100_1330
2026-03-25,validation,2026-03-25T13:35:00-04:00,long,658.3200,neutral,0.6847,0.8468,0.9661,0.5053,3,0,skipped,returned_to_range,late_1330_1600
2026-03-25,validation,2026-03-25T13:40:00-04:00,long,658.7050,trend_supportive,0.2402,0.4657,0.6667,0.9134,2,0,skipped,weak_breakout_bar,late_1330_1600
2026-03-25,validation,2026-03-25T14:40:00-04:00,short,657.3850,range_veto,0.4828,0.5862,1.5745,0.1956,5,1,skipped,range_veto,late_1330_1600
2026-03-25,validation,2026-03-25T14:55:00-04:00,short,656.9700,neutral,0.4360,0.4416,3.1852,0.7451,3,0,skipped,weak_breakout_bar,late_1330_1600
2026-03-26,validation,2026-03-26T10:40:00-04:00,short,653.3650,range_veto,0.4628,0.9050,2.1538,0.0881,5,0,skipped,range_veto,open_0930_1100
2026-03-26,validation,2026-03-26T10:50:00-04:00,short,652.2000,neutral,0.7725,0.9932,1.9661,0.5503,3,1,skipped,returned_to_range,open_0930_1100
2026-03-26,validation,2026-03-26T11:30:00-04:00,short,651.5800,neutral,0.5000,0.5000,2.2703,0.3835,3,3,skipped,weak_breakout_bar,midday_1100_1330
2026-03-26,validation,2026-03-26T12:15:00-04:00,short,650.8503,neutral,0.3378,0.3378,1.9801,0.0667,3,1,skipped,weak_breakout_bar,midday_1100_1330
2026-03-26,validation,2026-03-26T12:25:00-04:00,short,649.8000,trend_supportive,0.7807,0.8421,2.8329,0.7177,2,1,executed,executed,midday_1100_1330
2026-03-26,validation,2026-03-26T13:45:00-04:00,short,647.8000,neutral,0.7115,0.9808,0.8441,0.6967,3,0,skipped,weak_breakout_bar,late_1330_1600
2026-03-26,validation,2026-03-26T13:50:00-04:00,short,647.5700,trend_supportive,0.8491,0.8679,0.9591,0.9815,2,0,executed,executed,late_1330_1600
2026-03-26,validation,2026-03-26T15:05:00-04:00,short,646.6200,neutral,0.6250,0.6974,1.6667,0.4223,3,2,skipped,no_follow_through,late_1330_1600
2026-03-26,validation,2026-03-26T15:30:00-04:00,short,645.8500,neutral,0.5783,0.6506,1.4152,0.7365,3,2,executed,executed,late_1330_1600
2026-03-27,validation,2026-03-27T11:00:00-04:00,long,640.5880,neutral,0.5824,0.8352,0.8062,0.4764,4,0,skipped,weak_breakout_bar,midday_1100_1330
2026-03-27,validation,2026-03-27T11:30:00-04:00,long,641.4900,neutral,0.6308,0.8385,1.5375,0.3020,4,1,skipped,returned_to_range,midday_1100_1330
2026-03-27,validation,2026-03-27T12:00:00-04:00,short,640.1100,neutral,0.5000,0.7031,0.6254,0.3350,3,0,skipped,weak_breakout_bar,midday_1100_1330
2026-03-27,validation,2026-03-27T12:05:00-04:00,short,639.7900,trend_supportive,0.8890,0.9778,1.8677,0.7660,2,0,executed,executed,midday_1100_1330
2026-03-27,validation,2026-03-27T13:15:00-04:00,short,638.1200,neutral,0.7536,0.8116,1.1556,0.1215,3,1,executed,executed,midday_1100_1330
2026-03-27,validation,2026-03-27T13:40:00-04:00,short,636.5900,trend_supportive,0.7385,0.8000,1.0088,0.7894,2,0,skipped,no_follow_through,late_1330_1600
2026-03-27,validation,2026-03-27T13:55:00-04:00,short,636.2100,neutral,0.4828,0.6724,0.7943,0.8603,2,2,skipped,weak_breakout_bar,late_1330_1600
2026-03-27,validation,2026-03-27T14:00:00-04:00,short,635.9400,neutral,0.5586,0.9072,1.0995,0.3740,1,2,executed,executed,late_1330_1600
2026-03-27,validation,2026-03-27T14:50:00-04:00,short,635.4600,neutral,0.4478,0.7463,1.5451,0.3399,4,4,executed,executed,late_1330_1600
2026-03-30,validation,2026-03-30T10:40:00-04:00,short,635.2400,range_veto,0.6093,0.8742,2.6161,0.1656,5,2,skipped,range_veto,open_0930_1100
2026-03-30,validation,2026-03-30T10:55:00-04:00,long,636.9500,neutral,0.7456,0.9586,2.6159,0.0225,3,2,executed,executed,open_0930_1100
2026-03-30,validation,2026-03-30T12:20:00-04:00,short,635.9800,neutral,0.4375,0.7875,0.7678,0.6593,3,2,skipped,weak_breakout_bar,midday_1100_1330
2026-03-30,validation,2026-03-30T12:25:00-04:00,short,635.6300,trend_supportive,0.7657,0.8690,1.1290,0.9261,2,1,skipped,returned_to_range,midday_1100_1330
2026-03-30,validation,2026-03-30T13:00:00-04:00,short,634.9850,neutral,0.4109,0.9604,1.8722,0.0293,2,1,skipped,weak_breakout_bar,midday_1100_1330
2026-03-30,validation,2026-03-30T13:10:00-04:00,short,634.7950,neutral,0.8095,0.9143,3.0357,0.4265,3,1,executed,executed,midday_1100_1330
2026-03-30,validation,2026-03-30T14:45:00-04:00,short,632.2600,neutral,0.4196,0.8839,0.7622,0.5532,3,2,skipped,weak_breakout_bar,late_1330_1600
2026-03-30,validation,2026-03-30T14:50:00-04:00,short,632.1800,neutral,0.5956,0.6985,1.3029,0.8087,2,2,executed,executed,late_1330_1600
2026-03-30,validation,2026-03-30T15:10:00-04:00,short,630.4100,neutral,0.5683,0.6557,1.5369,0.8670,0,2,executed,executed,late_1330_1600
2026-03-30,validation,2026-03-30T15:40:00-04:00,long,630.6999,neutral,0.5805,0.6034,1.5806,0.1690,3,2,executed,executed,late_1330_1600
2026-03-31,validation,2026-03-31T10:40:00-04:00,short,640.8400,neutral,0.5345,0.8119,1.8651,0.0753,1,1,executed,executed,open_0930_1100
2026-03-31,validation,2026-03-31T11:55:00-04:00,short,639.9200,neutral,0.7506,0.9107,2.4319,0.5556,3,2,skipped,returned_to_range,midday_1100_1330
2026-03-31,validation,2026-03-31T12:05:00-04:00,long,641.2900,range_veto,0.7196,0.7196,1.7435,0.0480,4,1,skipped,range_veto,midday_1100_1330
2026-03-31,validation,2026-03-31T12:20:00-04:00,long,641.9200,neutral,0.8942,1.0000,1.8815,0.4542,4,2,executed,executed,midday_1100_1330
2026-03-31,validation,2026-03-31T12:40:00-04:00,long,644.9400,neutral,0.4679,0.4915,2.8350,0.7761,3,1,skipped,weak_breakout_bar,midday_1100_1330
2026-03-31,validation,2026-03-31T14:35:00-04:00,long,648.2400,neutral,0.5806,0.6935,1.9243,0.3901,5,2,skipped,returned_to_range,late_1330_1600
2026-03-31,validation,2026-03-31T15:00:00-04:00,long,648.9000,neutral,0.5067,0.6122,0.9510,0.5529,4,2,skipped,returned_to_range,late_1330_1600
2026-03-31,validation,2026-03-31T15:15:00-04:00,long,649.2300,neutral,0.2464,0.4348,0.4181,0.8060,4,1,skipped,weak_breakout_bar,late_1330_1600
2026-03-31,validation,2026-03-31T15:35:00-04:00,long,650.0200,neutral,0.7684,0.8316,1.7762,0.3812,3,1,executed,executed,late_1330_1600
2026-04-01,validation,2026-04-01T10:50:00-04:00,long,656.3600,neutral,0.2991,0.7045,0.7405,0.5252,3,2,skipped,weak_breakout_bar,open_0930_1100
2026-04-01,validation,2026-04-01T11:05:00-04:00,long,656.9300,neutral,0.5500,0.8571,1.1042,0.6119,2,3,skipped,returned_to_range,midday_1100_1330
2026-04-01,validation,2026-04-01T11:35:00-04:00,long,657.0700,range_veto,0.6778,0.7238,1.9548,0.0702,4,1,skipped,range_veto,midday_1100_1330
2026-04-01,validation,2026-04-01T11:50:00-04:00,long,657.4800,range_veto,0.5179,0.8036,1.1880,0.1968,2,3,skipped,range_veto,midday_1100_1330
2026-04-01,validation,2026-04-01T11:55:00-04:00,long,657.6100,neutral,0.5200,0.5600,1.2789,0.4940,3,3,skipped,weak_breakout_bar,midday_1100_1330
2026-04-01,validation,2026-04-01T12:25:00-04:00,short,657.4000,neutral,0.5543,0.8804,0.9745,0.1079,3,2,skipped,returned_to_range,midday_1100_1330
2026-04-01,validation,2026-04-01T13:00:00-04:00,long,657.9700,neutral,0.7207,0.8970,3.0785,0.5531,3,1,skipped,no_follow_through,midday_1100_1330
2026-04-01,validation,2026-04-01T13:45:00-04:00,short,657.7300,neutral,0.5478,0.8008,1.6583,0.5823,4,1,executed,executed,late_1330_1600
2026-04-01,validation,2026-04-01T14:00:00-04:00,short,656.7700,trend_supportive,0.6459,0.7626,2.7514,0.9102,2,1,executed,executed,late_1330_1600
2026-04-01,validation,2026-04-01T14:20:00-04:00,short,654.5400,trend_supportive,0.6439,0.8333,1.7289,0.8157,2,1,executed,executed,late_1330_1600
2026-04-01,validation,2026-04-01T15:15:00-04:00,long,655.3643,neutral,0.5682,0.9015,1.7928,0.2674,1,2,executed,executed,late_1330_1600
2026-04-02,validation,2026-04-02T10:30:00-04:00,long,651.1000,range_veto,0.8114,0.9211,3.5864,0.2725,4,1,skipped,range_veto,open_0930_1100
2026-04-02,validation,2026-04-02T10:35:00-04:00,long,652.3800,neutral,0.7032,0.7098,5.8618,0.8303,4,1,skipped,no_follow_through,open_0930_1100
2026-04-02,validation,2026-04-02T12:15:00-04:00,short,652.8000,neutral,0.7395,0.9664,2.2029,0.7508,2,3,skipped,no_follow_through,midday_1100_1330
2026-04-02,validation,2026-04-02T12:40:00-04:00,long,654.0000,range_veto,0.5805,0.5862,2.4717,0.1639,2,3,skipped,range_veto,midday_1100_1330
2026-04-02,validation,2026-04-02T13:45:00-04:00,short,653.8000,neutral,0.9193,0.9503,7.4000,0.0887,1,2,skipped,no_follow_through,late_1330_1600
2026-04-02,validation,2026-04-02T14:50:00-04:00,long,654.6500,neutral,0.2814,0.5325,0.6557,0.4030,3,0,skipped,weak_breakout_bar,late_1330_1600
2026-04-06,out_of_sample,2026-04-06T11:50:00-04:00,long,657.6000,range_veto,0.5775,0.8732,2.3431,0.0872,1,3,skipped,range_veto,midday_1100_1330
2026-04-06,out_of_sample,2026-04-06T12:35:00-04:00,long,658.0700,neutral,0.2295,0.3934,0.8297,0.5977,3,2,skipped,weak_breakout_bar,midday_1100_1330
2026-04-06,out_of_sample,2026-04-06T13:10:00-04:00,short,656.8150,neutral,0.6927,0.7095,5.5316,0.5280,1,4,skipped,returned_to_range,midday_1100_1330
2026-04-06,out_of_sample,2026-04-06T14:00:00-04:00,short,656.4300,neutral,0.4146,0.7317,1.0851,0.5987,1,2,skipped,returned_to_range,late_1330_1600
2026-04-06,out_of_sample,2026-04-06T14:10:00-04:00,long,657.2400,neutral,0.5304,0.5391,2.7623,0.4363,1,1,skipped,weak_breakout_bar,late_1330_1600
2026-04-06,out_of_sample,2026-04-06T14:15:00-04:00,long,657.8700,neutral,0.7000,0.8059,1.9040,0.1333,1,0,executed,executed,late_1330_1600
2026-04-07,out_of_sample,2026-04-07T10:00:00-04:00,short,654.0100,trend_supportive,0.5847,0.7944,0.6550,0.7283,2,0,skipped,weak_breakout_bar,open_0930_1100
2026-04-07,out_of_sample,2026-04-07T10:05:00-04:00,short,653.3200,trend_supportive,0.7107,0.7170,1.5283,0.7313,2,0,skipped,no_follow_through,open_0930_1100
2026-04-07,out_of_sample,2026-04-07T10:55:00-04:00,short,653.3800,neutral,0.9583,0.9583,6.3014,0.3495,4,4,executed,executed,open_0930_1100
2026-04-07,out_of_sample,2026-04-07T11:55:00-04:00,long,653.7300,neutral,0.4146,0.5203,1.5646,0.6742,1,2,skipped,weak_breakout_bar,midday_1100_1330
2026-04-07,out_of_sample,2026-04-07T12:00:00-04:00,long,654.4000,neutral,0.5047,0.5078,5.9235,0.3005,1,2,skipped,weak_breakout_bar,midday_1100_1330
2026-04-07,out_of_sample,2026-04-07T13:35:00-04:00,long,656.8500,neutral,0.4229,0.4279,2.3846,0.0657,1,1,skipped,weak_breakout_bar,late_1330_1600
2026-04-07,out_of_sample,2026-04-07T14:05:00-04:00,short,656.3600,range_veto,0.5785,0.5884,0.9204,0.0601,3,3,skipped,range_veto,late_1330_1600
2026-04-07,out_of_sample,2026-04-07T14:40:00-04:00,short,655.7900,neutral,0.5293,0.6194,1.9381,0.3246,3,3,executed,executed,late_1330_1600
2026-04-07,out_of_sample,2026-04-07T15:15:00-04:00,long,655.5100,neutral,0.8426,0.8796,6.4235,0.4862,3,1,skipped,no_follow_through,late_1330_1600
2026-04-08,out_of_sample,2026-04-08T10:30:00-04:00,short,674.0400,neutral,0.4494,0.6966,1.3994,0.4106,5,3,executed,executed,open_0930_1100
2026-04-08,out_of_sample,2026-04-08T11:35:00-04:00,long,673.8300,neutral,0.6377,0.8696,0.9247,0.0912,3,1,executed,executed,midday_1100_1330
2026-04-08,out_of_sample,2026-04-08T13:20:00-04:00,short,675.5500,range_veto,0.6234,0.8701,4.9827,0.2825,3,3,skipped,range_veto,midday_1100_1330
2026-04-08,out_of_sample,2026-04-08T13:25:00-04:00,short,675.1500,neutral,0.3788,0.6364,1.4313,0.5681,3,2,skipped,returned_to_range,midday_1100_1330
2026-04-08,out_of_sample,2026-04-08T13:55:00-04:00,long,675.7700,neutral,0.5625,0.7500,0.9193,0.3592,3,1,executed,executed,late_1330_1600
2026-04-08,out_of_sample,2026-04-08T14:40:00-04:00,short,674.3400,neutral,0.7868,0.8382,1.3785,0.8366,2,3,executed,executed,late_1330_1600
2026-04-08,out_of_sample,2026-04-08T15:30:00-04:00,long,674.4900,neutral,0.9434,0.9906,2.7279,0.3596,1,1,executed,executed,late_1330_1600
2026-04-09,out_of_sample,2026-04-09T10:15:00-04:00,short,674.6500,neutral,0.6000,0.6000,1.1934,0.7243,2,2,skipped,no_follow_through,open_0930_1100
2026-04-09,out_of_sample,2026-04-09T10:50:00-04:00,long,674.8750,neutral,0.8229,0.9792,1.4907,0.3077,4,0,executed,executed,open_0930_1100
2026-04-09,out_of_sample,2026-04-09T11:10:00-04:00,long,675.5000,neutral,0.8625,0.8750,2.7148,0.4201,3,1,executed,executed,midday_1100_1330
2026-04-09,out_of_sample,2026-04-09T11:50:00-04:00,long,678.4390,neutral,0.8071,0.9786,1.2194,0.5722,3,2,executed,executed,midday_1100_1330
2026-04-09,out_of_sample,2026-04-09T12:35:00-04:00,short,679.4400,neutral,0.5273,0.6182,0.8509,0.3474,4,2,skipped,weak_breakout_bar,midday_1100_1330
2026-04-09,out_of_sample,2026-04-09T13:00:00-04:00,long,680.1000,neutral,0.6628,1.0000,1.0885,0.0442,2,2,executed,executed,midday_1100_1330
2026-04-09,out_of_sample,2026-04-09T14:00:00-04:00,short,679.6600,range_veto,0.7448,0.7813,5.0178,0.1601,5,2,skipped,range_veto,late_1330_1600
2026-04-09,out_of_sample,2026-04-09T15:00:00-04:00,long,679.4200,range_veto,0.6072,0.8212,1.8885,0.2653,5,1,skipped,range_veto,late_1330_1600
2026-04-09,out_of_sample,2026-04-09T15:05:00-04:00,long,679.7900,neutral,0.6364,0.9697,1.3264,0.8211,4,1,skipped,returned_to_range,late_1330_1600
2026-04-09,out_of_sample,2026-04-09T15:30:00-04:00,long,680.2400,neutral,0.4500,0.5000,1.4009,0.6125,2,2,skipped,weak_breakout_bar,late_1330_1600
2026-04-10,out_of_sample,2026-04-10T10:10:00-04:00,long,681.0199,range_veto,0.5652,0.9478,3.7638,0.1815,3,3,skipped,range_veto,open_0930_1100
2026-04-10,out_of_sample,2026-04-10T10:15:00-04:00,long,681.2800,range_veto,0.2522,0.9083,0.4241,0.2835,3,3,skipped,range_veto,open_0930_1100
2026-04-10,out_of_sample,2026-04-10T10:20:00-04:00,long,681.3700,neutral,0.2500,0.9688,0.3633,0.6259,2,3,skipped,weak_breakout_bar,open_0930_1100
2026-04-10,out_of_sample,2026-04-10T10:25:00-04:00,long,681.4300,neutral,0.2647,0.8529,0.5041,0.4422,1,4,skipped,weak_breakout_bar,open_0930_1100
2026-04-10,out_of_sample,2026-04-10T11:10:00-04:00,long,681.5491,neutral,0.3951,0.6977,0.5481,0.0000,3,1,skipped,weak_breakout_bar,midday_1100_1330
2026-04-10,out_of_sample,2026-04-10T11:20:00-04:00,long,681.8400,neutral,0.7170,0.8491,1.7016,0.6833,3,2,skipped,returned_to_range,midday_1100_1330
2026-04-10,out_of_sample,2026-04-10T11:30:00-04:00,short,680.8801,range_veto,0.5132,0.8026,1.2858,0.1044,4,1,skipped,range_veto,midday_1100_1330
2026-04-10,out_of_sample,2026-04-10T11:35:00-04:00,short,680.6900,neutral,0.7000,0.8833,1.2728,0.2164,3,1,executed,executed,midday_1100_1330
2026-04-10,out_of_sample,2026-04-10T12:35:00-04:00,short,679.1100,neutral,0.7214,0.7674,1.4484,0.0901,3,2,executed,executed,midday_1100_1330
2026-04-10,out_of_sample,2026-04-10T13:50:00-04:00,long,679.3100,neutral,0.8483,0.9168,1.5939,0.2616,1,0,executed,executed,late_1330_1600
2026-04-10,out_of_sample,2026-04-10T15:00:00-04:00,long,679.4600,neutral,0.7411,0.8269,2.4902,0.1780,1,2,executed,executed,late_1330_1600
2026-04-13,out_of_sample,2026-04-13T10:50:00-04:00,long,680.1000,neutral,0.6824,0.8311,1.6693,0.3471,3,1,executed,executed,open_0930_1100
2026-04-13,out_of_sample,2026-04-13T12:00:00-04:00,short,679.2200,neutral,0.4523,0.6609,1.1733,0.0481,3,2,skipped,returned_to_range,midday_1100_1330
2026-04-13,out_of_sample,2026-04-13T12:20:00-04:00,long,680.4000,neutral,0.7286,0.7286,1.9868,0.5271,3,0,executed,executed,midday_1100_1330
2026-04-13,out_of_sample,2026-04-13T13:45:00-04:00,short,682.1000,neutral,0.4474,0.8158,0.4880,0.2083,3,0,skipped,weak_breakout_bar,late_1330_1600
2026-04-13,out_of_sample,2026-04-13T14:10:00-04:00,long,682.5500,neutral,0.5361,0.6076,0.6667,0.3603,3,1,skipped,weak_breakout_bar,late_1330_1600
2026-04-13,out_of_sample,2026-04-13T14:40:00-04:00,long,682.6800,neutral,0.6444,0.9222,1.9348,0.2660,2,1,executed,executed,late_1330_1600
2026-04-13,out_of_sample,2026-04-13T15:25:00-04:00,long,683.8000,neutral,0.3750,0.7083,0.3117,0.5526,3,1,skipped,weak_breakout_bar,late_1330_1600
2026-04-13,out_of_sample,2026-04-13T15:30:00-04:00,long,683.8400,trend_supportive,0.5000,0.7333,2.0780,0.6438,2,0,skipped,no_follow_through,late_1330_1600
2026-04-14,out_of_sample,2026-04-14T10:05:00-04:00,long,689.9650,trend_supportive,0.8690,0.9524,2.4073,0.7477,2,1,executed,executed,open_0930_1100
2026-04-14,out_of_sample,2026-04-14T11:35:00-04:00,long,692.6300,trend_supportive,0.6875,0.7188,0.7605,0.7052,1,1,skipped,weak_breakout_bar,midday_1100_1330
2026-04-14,out_of_sample,2026-04-14T11:40:00-04:00,long,692.7800,trend_supportive,0.1985,0.5000,0.4777,0.9149,0,1,skipped,weak_breakout_bar,midday_1100_1330
2026-04-14,out_of_sample,2026-04-14T11:50:00-04:00,long,693.1600,trend_supportive,0.7232,0.7237,1.2351,0.8061,0,1,skipped,returned_to_range,midday_1100_1330
2026-04-14,out_of_sample,2026-04-14T12:20:00-04:00,long,693.3000,neutral,0.6771,0.9355,1.0906,0.6727,4,2,executed,executed,midday_1100_1330
2026-04-14,out_of_sample,2026-04-14T12:55:00-04:00,short,693.1100,neutral,0.5143,0.6571,0.9515,0.5738,3,0,skipped,returned_to_range,midday_1100_1330
2026-04-14,out_of_sample,2026-04-14T13:15:00-04:00,long,693.6600,neutral,0.8627,0.9118,2.3956,0.3012,4,1,executed,executed,midday_1100_1330
2026-04-14,out_of_sample,2026-04-14T14:20:00-04:00,short,692.7300,neutral,0.7098,0.9011,2.8707,0.7879,2,2,skipped,no_follow_through,late_1330_1600
2026-04-14,out_of_sample,2026-04-14T15:00:00-04:00,long,693.1900,neutral,0.7586,0.8793,2.0421,0.1839,2,1,executed,executed,late_1330_1600
2026-04-14,out_of_sample,2026-04-14T15:25:00-04:00,long,694.1000,trend_supportive,0.7623,0.8576,0.6544,0.9420,0,0,skipped,weak_breakout_bar,late_1330_1600
2026-04-15,out_of_sample,2026-04-15T10:20:00-04:00,long,696.3700,neutral,0.7238,0.7238,2.5353,0.4703,4,2,executed,executed,open_0930_1100
2026-04-15,out_of_sample,2026-04-15T13:30:00-04:00,long,697.6200,neutral,0.8198,0.9087,2.1917,0.7107,2,2,skipped,returned_to_range,late_1330_1600
2026-04-15,out_of_sample,2026-04-15T14:00:00-04:00,long,698.0000,neutral,0.3636,0.5734,2.5438,0.0835,3,0,skipped,weak_breakout_bar,late_1330_1600
2026-04-15,out_of_sample,2026-04-15T14:30:00-04:00,long,698.6500,neutral,0.9818,1.0000,3.2563,0.6918,0,2,executed,executed,late_1330_1600
2026-04-15,out_of_sample,2026-04-15T14:55:00-04:00,long,699.5600,neutral,0.3256,0.5349,0.6443,0.8015,2,2,skipped,weak_breakout_bar,late_1330_1600
2026-04-15,out_of_sample,2026-04-15T15:05:00-04:00,long,699.8400,trend_supportive,0.6027,0.6027,0.6709,0.5685,1,1,skipped,weak_breakout_bar,late_1330_1600
2026-04-15,out_of_sample,2026-04-15T15:25:00-04:00,long,699.9600,neutral,0.6094,0.9063,1.0884,0.5345,2,0,skipped,returned_to_range,late_1330_1600
2026-04-16,out_of_sample,2026-04-16T10:45:00-04:00,long,699.8450,neutral,0.8017,1.0000,1.5286,0.1174,3,1,executed,executed,open_0930_1100
2026-04-16,out_of_sample,2026-04-16T11:10:00-04:00,long,701.1300,trend_supportive,0.9167,0.9167,1.1919,0.8496,2,1,executed,executed,midday_1100_1330
2026-04-16,out_of_sample,2026-04-16T12:00:00-04:00,long,702.3600,trend_supportive,0.6335,0.6999,0.4920,0.8529,2,0,skipped,weak_breakout_bar,midday_1100_1330
2026-04-16,out_of_sample,2026-04-16T12:15:00-04:00,long,702.5200,neutral,0.7344,0.7344,0.9178,0.6908,3,1,skipped,returned_to_range,midday_1100_1330
2026-04-16,out_of_sample,2026-04-16T12:30:00-04:00,short,701.9200,neutral,0.5093,0.5382,4.3495,0.2442,3,1,skipped,weak_breakout_bar,midday_1100_1330
2026-04-16,out_of_sample,2026-04-16T13:10:00-04:00,short,700.1300,neutral,0.7297,0.9595,2.8361,0.5980,3,2,skipped,returned_to_range,midday_1100_1330
2026-04-16,out_of_sample,2026-04-16T13:40:00-04:00,long,701.1400,range_veto,0.8125,0.8750,1.4952,0.2824,3,3,skipped,range_veto,late_1330_1600
2026-04-16,out_of_sample,2026-04-16T13:45:00-04:00,long,701.4300,neutral,0.2917,0.8472,0.4452,0.8250,2,3,skipped,weak_breakout_bar,late_1330_1600
2026-04-16,out_of_sample,2026-04-16T14:20:00-04:00,short,699.9400,neutral,0.6098,0.9024,1.5505,0.7045,4,1,skipped,returned_to_range,late_1330_1600
2026-04-16,out_of_sample,2026-04-16T14:25:00-04:00,short,699.8100,neutral,0.2256,0.4512,0.3723,0.9124,4,1,skipped,weak_breakout_bar,late_1330_1600
2026-04-16,out_of_sample,2026-04-16T15:35:00-04:00,long,701.2500,neutral,0.7714,0.9714,2.0179,0.2231,3,2,executed,executed,late_1330_1600
2026-04-17,out_of_sample,2026-04-17T10:00:00-04:00,long,708.3600,neutral,0.6558,0.9156,1.2954,0.8423,2,3,executed,executed,open_0930_1100
2026-04-17,out_of_sample,2026-04-17T10:35:00-04:00,long,710.2500,neutral,0.3043,1.0000,0.7369,0.7356,4,2,skipped,weak_breakout_bar,open_0930_1100
2026-04-17,out_of_sample,2026-04-17T10:40:00-04:00,long,710.3300,neutral,0.7643,0.8143,1.9574,0.6538,4,2,executed,executed,open_0930_1100
2026-04-17,out_of_sample,2026-04-17T11:30:00-04:00,long,711.1700,neutral,0.9037,0.9407,2.3431,0.1069,2,2,skipped,returned_to_range,midday_1100_1330
2026-04-17,out_of_sample,2026-04-17T12:30:00-04:00,long,711.6400,neutral,0.8280,0.8280,2.1690,0.7000,4,3,executed,executed,midday_1100_1330
2026-04-17,out_of_sample,2026-04-17T13:20:00-04:00,short,710.7300,trend_supportive,0.6488,0.7463,4.7931,0.8136,2,0,skipped,no_follow_through,midday_1100_1330
2026-04-17,out_of_sample,2026-04-17T14:10:00-04:00,short,709.5000,neutral,0.3263,0.7755,0.5451,0.3667,2,0,skipped,weak_breakout_bar,late_1330_1600
2026-04-17,out_of_sample,2026-04-17T15:35:00-04:00,long,709.9200,neutral,0.4407,0.7966,1.0000,0.1183,3,1,executed,executed,late_1330_1600
