bar_timestamp,current_reference_price,data_lineage,direction,distance_to_stop,distance_to_target,hypothetical_entry_price,hypothetical_quantity,hypothetical_stop_price,hypothetical_target_price,opportunity_status,review_status,risk_budget_usd,risk_level,simulated_unrealized_pnl,simulated_unrealized_return_percent,source_refs,strategy_id,strategy_title,symbol,timeframe
2026-04-27T16:00:00-04:00,715.17,native_daily_cache,看涨,2.88,5.75,715.1700,173.9130,712.2950,720.9200,已触发观察,等待收盘复核,500.00,低,0.00,0.00,raw:knowledge/raw/brooks/transcribed_v2/al_brooks_price_action_course_v2/units/video_015D_breakouts_second_leg_traps_strong_breakouts.md;raw:knowledge/raw/brooks/transcribed_v2/al_brooks_price_action_course_v2/units/video_015A_breakouts_definition_80_rule_reversal_tr.md;raw:knowledge/raw/brooks/transcribed_v2/al_brooks_price_action_course_v2/units/video_015B_breakouts_follow_through_reversal_small_start.md;raw:knowledge/raw/youtube/fangfangtu/transcripts/Price_Action方方土.pdf;raw:knowledge/raw/youtube/fangfangtu/transcripts/Price_Action方方土.pdf;raw:knowledge/raw/notes/方方土视频笔记-突破.pdf;raw:knowledge/raw/notes/方方土视频笔记-突破.pdf,M10-PA-002,突破后续跟进,SPY,1d
2026-04-27T13:25:00,715.17,derived_from_5m_current,看涨,2.57,1.25,714.6100,248.7562,712.6000,716.4190,已触发观察,等待收盘复核,500.00,低,139.30,0.14,raw:knowledge/raw/brooks/transcribed_v2/al_brooks_price_action_course_v2/units/video_048D_breakout_mode_opening_range.md;raw:knowledge/raw/brooks/transcribed_v2/al_brooks_price_action_course_v2/units/video_008C_candles_ttr_ii_ioi_breakout_mode.md;raw:knowledge/raw/brooks/transcribed_v2/al_brooks_price_action_course_v2/units/video_026A_triangles_ttr_wedges_flags_reversal_or_continuation.md,M10-PA-012,开盘区间突破,SPY,15m
2026-04-27T11:20:00,715.17,native_current_session_5m_cache,看跌,-0.76,4.42,712.5550,269.6872,714.4090,710.7460,已触发观察,等待收盘复核,500.00,低,-705.23,-0.71,raw:knowledge/raw/brooks/transcribed_v2/al_brooks_price_action_course_v2/units/video_048D_breakout_mode_opening_range.md;raw:knowledge/raw/brooks/transcribed_v2/al_brooks_price_action_course_v2/units/video_008C_candles_ttr_ii_ioi_breakout_mode.md;raw:knowledge/raw/brooks/transcribed_v2/al_brooks_price_action_course_v2/units/video_026A_triangles_ttr_wedges_flags_reversal_or_continuation.md,M10-PA-012,开盘区间突破,SPY,5m
2026-04-27T16:00:00-04:00,715.17,native_daily_cache,看涨,2.87,7.13,715.63,149.7006,712.30,722.30,已触发观察,等待收盘复核,500.00,中,-68.86,-0.07,wiki:knowledge/wiki/sources/fangfangtu-market-cycle-note.md;raw:knowledge/raw/notes/方方土视频笔记 - 市场周期.pdf;wiki:knowledge/wiki/sources/fangfangtu-signal-bar-entry-note.md;raw:knowledge/raw/notes/方方土视频笔记 - 信号K线 & 入场.pdf,M12-FTD-001,方方土日线趋势顺势信号K,SPY,1d
2026-04-27T13:40:00,664.23,derived_from_5m_current,看涨,3.54,2.83,663.9000,155.7632,660.6900,667.0600,已触发观察,等待收盘复核,500.00,低,51.40,0.05,raw:knowledge/raw/brooks/transcribed_v2/al_brooks_price_action_course_v2/units/video_048D_breakout_mode_opening_range.md;raw:knowledge/raw/brooks/transcribed_v2/al_brooks_price_action_course_v2/units/video_008C_candles_ttr_ii_ioi_breakout_mode.md;raw:knowledge/raw/brooks/transcribed_v2/al_brooks_price_action_course_v2/units/video_026A_triangles_ttr_wedges_flags_reversal_or_continuation.md,M10-PA-012,开盘区间突破,QQQ,15m
2026-04-27T13:30:00,664.23,native_current_session_5m_cache,看涨,3.54,3.00,664.0650,148.1481,660.6900,667.2250,已触发观察,等待收盘复核,500.00,中,24.44,0.02,raw:knowledge/raw/brooks/transcribed_v2/al_brooks_price_action_course_v2/units/video_048D_breakout_mode_opening_range.md;raw:knowledge/raw/brooks/transcribed_v2/al_brooks_price_action_course_v2/units/video_008C_candles_ttr_ii_ioi_breakout_mode.md;raw:knowledge/raw/brooks/transcribed_v2/al_brooks_price_action_course_v2/units/video_026A_triangles_ttr_wedges_flags_reversal_or_continuation.md,M10-PA-012,开盘区间突破,QQQ,5m
2026-04-27T16:00:00-04:00,491.83,native_daily_cache,看跌,6.55,17.72,490.2900,61.8047,498.3800,474.1100,观察名单,等待收盘复核,500.00,高,-95.18,-0.10,raw:knowledge/raw/brooks/transcribed_v2/al_brooks_price_action_course_v2/units/video_009A_pullbacks_bar_counting_basics_high_low_1_2.md;raw:knowledge/raw/brooks/transcribed_v2/al_brooks_price_action_course_v2/units/video_009C_pullbacks_endless_higher_lower_timeframes_countertrend_exit.md;raw:knowledge/raw/brooks/transcribed_v2/al_brooks_price_action_course_v2/units/video_014E_trends_tight_channel_small_pullback.md;raw:knowledge/raw/youtube/fangfangtu/transcripts/Price_Action方方土.pdf;raw:knowledge/raw/youtube/fangfangtu/transcripts/Price_Action方方土.pdf;raw:knowledge/raw/notes/方方土视频笔记 - 回调&数K线.pdf;raw:knowledge/raw/notes/方方土视频笔记 - 市场周期.pdf,M10-PA-001,趋势回调二次入场,DIA,1d
2026-04-27T11:10:00,491.83,derived_from_5m_current,看跌,1.72,3.44,490.7000,175.4386,493.5500,488.3900,已触发观察,等待收盘复核,500.00,中,-198.25,-0.20,raw:knowledge/raw/brooks/transcribed_v2/al_brooks_price_action_course_v2/units/video_048D_breakout_mode_opening_range.md;raw:knowledge/raw/brooks/transcribed_v2/al_brooks_price_action_course_v2/units/video_008C_candles_ttr_ii_ioi_breakout_mode.md;raw:knowledge/raw/brooks/transcribed_v2/al_brooks_price_action_course_v2/units/video_026A_triangles_ttr_wedges_flags_reversal_or_continuation.md,M10-PA-012,开盘区间突破,DIA,15m
2026-04-27T11:00:00,491.83,native_current_session_5m_cache,看跌,1.72,3.47,490.6700,173.6111,493.5500,488.3600,已触发观察,等待收盘复核,500.00,中,-201.39,-0.20,raw:knowledge/raw/brooks/transcribed_v2/al_brooks_price_action_course_v2/units/video_048D_breakout_mode_opening_range.md;raw:knowledge/raw/brooks/transcribed_v2/al_brooks_price_action_course_v2/units/video_008C_candles_ttr_ii_ioi_breakout_mode.md;raw:knowledge/raw/brooks/transcribed_v2/al_brooks_price_action_course_v2/units/video_026A_triangles_ttr_wedges_flags_reversal_or_continuation.md,M10-PA-012,开盘区间突破,DIA,5m
2026-04-27T13:40:00,352.53,derived_from_5m_current,看涨,1.19,0.97,352.4550,450.4505,351.3450,353.5000,已触发观察,等待收盘复核,500.00,低,33.78,0.03,raw:knowledge/raw/brooks/transcribed_v2/al_brooks_price_action_course_v2/units/video_048D_breakout_mode_opening_range.md;raw:knowledge/raw/brooks/transcribed_v2/al_brooks_price_action_course_v2/units/video_008C_candles_ttr_ii_ioi_breakout_mode.md;raw:knowledge/raw/brooks/transcribed_v2/al_brooks_price_action_course_v2/units/video_026A_triangles_ttr_wedges_flags_reversal_or_continuation.md,M10-PA-012,开盘区间突破,VTI,15m
2026-04-27T13:30:00,352.53,native_current_session_5m_cache,看涨,1.19,1.19,352.6700,377.3585,351.3450,353.7150,已触发观察,等待收盘复核,500.00,低,-52.83,-0.05,raw:knowledge/raw/brooks/transcribed_v2/al_brooks_price_action_course_v2/units/video_048D_breakout_mode_opening_range.md;raw:knowledge/raw/brooks/transcribed_v2/al_brooks_price_action_course_v2/units/video_008C_candles_ttr_ii_ioi_breakout_mode.md;raw:knowledge/raw/brooks/transcribed_v2/al_brooks_price_action_course_v2/units/video_026A_triangles_ttr_wedges_flags_reversal_or_continuation.md,M10-PA-012,开盘区间突破,VTI,5m
2026-04-27T16:00:00-04:00,657.50,native_daily_cache,看涨,2.66,5.32,657.5000,187.9699,654.8400,662.8200,已触发观察,等待收盘复核,500.00,低,0.00,0.00,raw:knowledge/raw/brooks/transcribed_v2/al_brooks_price_action_course_v2/units/video_015D_breakouts_second_leg_traps_strong_breakouts.md;raw:knowledge/raw/brooks/transcribed_v2/al_brooks_price_action_course_v2/units/video_015A_breakouts_definition_80_rule_reversal_tr.md;raw:knowledge/raw/brooks/transcribed_v2/al_brooks_price_action_course_v2/units/video_015B_breakouts_follow_through_reversal_small_start.md;raw:knowledge/raw/youtube/fangfangtu/transcripts/Price_Action方方土.pdf;raw:knowledge/raw/youtube/fangfangtu/transcripts/Price_Action方方土.pdf;raw:knowledge/raw/notes/方方土视频笔记-突破.pdf;raw:knowledge/raw/notes/方方土视频笔记-突破.pdf,M10-PA-002,突破后续跟进,VOO,1d
2026-04-27T13:25:00,657.50,derived_from_5m_current,看涨,2.35,1.06,656.9800,273.2240,655.1500,658.5600,已触发观察,等待收盘复核,500.00,低,142.08,0.14,raw:knowledge/raw/brooks/transcribed_v2/al_brooks_price_action_course_v2/units/video_048D_breakout_mode_opening_range.md;raw:knowledge/raw/brooks/transcribed_v2/al_brooks_price_action_course_v2/units/video_008C_candles_ttr_ii_ioi_breakout_mode.md;raw:knowledge/raw/brooks/transcribed_v2/al_brooks_price_action_course_v2/units/video_026A_triangles_ttr_wedges_flags_reversal_or_continuation.md,M10-PA-012,开盘区间突破,VOO,15m
2026-04-27T11:20:00,657.50,native_current_session_5m_cache,看跌,-0.77,4.00,655.0800,303.0303,656.7300,653.5000,已触发观察,等待收盘复核,500.00,低,-733.33,-0.73,raw:knowledge/raw/brooks/transcribed_v2/al_brooks_price_action_course_v2/units/video_048D_breakout_mode_opening_range.md;raw:knowledge/raw/brooks/transcribed_v2/al_brooks_price_action_course_v2/units/video_008C_candles_ttr_ii_ioi_breakout_mode.md;raw:knowledge/raw/brooks/transcribed_v2/al_brooks_price_action_course_v2/units/video_026A_triangles_ttr_wedges_flags_reversal_or_continuation.md,M10-PA-012,开盘区间突破,VOO,5m
2026-04-27T16:00:00-04:00,657.50,native_daily_cache,看涨,2.66,6.52,657.90,163.3987,654.84,664.02,已触发观察,等待收盘复核,500.00,中,-65.36,-0.07,wiki:knowledge/wiki/sources/fangfangtu-market-cycle-note.md;raw:knowledge/raw/notes/方方土视频笔记 - 市场周期.pdf;wiki:knowledge/wiki/sources/fangfangtu-signal-bar-entry-note.md;raw:knowledge/raw/notes/方方土视频笔记 - 信号K线 & 入场.pdf,M12-FTD-001,方方土日线趋势顺势信号K,VOO,1d
2026-04-27T16:00:00-04:00,718.50,native_daily_cache,看涨,2.89,5.78,718.5000,173.0703,715.6110,724.2780,已触发观察,等待收盘复核,500.00,低,0.00,0.00,raw:knowledge/raw/brooks/transcribed_v2/al_brooks_price_action_course_v2/units/video_015D_breakouts_second_leg_traps_strong_breakouts.md;raw:knowledge/raw/brooks/transcribed_v2/al_brooks_price_action_course_v2/units/video_015A_breakouts_definition_80_rule_reversal_tr.md;raw:knowledge/raw/brooks/transcribed_v2/al_brooks_price_action_course_v2/units/video_015B_breakouts_follow_through_reversal_small_start.md;raw:knowledge/raw/youtube/fangfangtu/transcripts/Price_Action方方土.pdf;raw:knowledge/raw/youtube/fangfangtu/transcripts/Price_Action方方土.pdf;raw:knowledge/raw/notes/方方土视频笔记-突破.pdf;raw:knowledge/raw/notes/方方土视频笔记-突破.pdf,M10-PA-002,突破后续跟进,IVV,1d
2026-04-27T13:25:00,718.50,derived_from_5m_current,看涨,2.57,1.17,717.9200,251.2563,715.9300,719.6650,已触发观察,等待收盘复核,500.00,低,145.73,0.15,raw:knowledge/raw/brooks/transcribed_v2/al_brooks_price_action_course_v2/units/video_048D_breakout_mode_opening_range.md;raw:knowledge/raw/brooks/transcribed_v2/al_brooks_price_action_course_v2/units/video_008C_candles_ttr_ii_ioi_breakout_mode.md;raw:knowledge/raw/brooks/transcribed_v2/al_brooks_price_action_course_v2/units/video_026A_triangles_ttr_wedges_flags_reversal_or_continuation.md,M10-PA-012,开盘区间突破,IVV,15m
2026-04-27T11:20:00,718.50,native_current_session_5m_cache,看跌,-0.83,4.41,715.8400,272.4796,717.6750,714.0950,已触发观察,等待收盘复核,500.00,低,-724.80,-0.72,raw:knowledge/raw/brooks/transcribed_v2/al_brooks_price_action_course_v2/units/video_048D_breakout_mode_opening_range.md;raw:knowledge/raw/brooks/transcribed_v2/al_brooks_price_action_course_v2/units/video_008C_candles_ttr_ii_ioi_breakout_mode.md;raw:knowledge/raw/brooks/transcribed_v2/al_brooks_price_action_course_v2/units/video_026A_triangles_ttr_wedges_flags_reversal_or_continuation.md,M10-PA-012,开盘区间突破,IVV,5m
2026-04-27T16:00:00-04:00,718.50,native_daily_cache,看涨,2.89,7.13,718.95,149.7006,715.61,725.63,已触发观察,等待收盘复核,500.00,中,-67.37,-0.07,wiki:knowledge/wiki/sources/fangfangtu-market-cycle-note.md;raw:knowledge/raw/notes/方方土视频笔记 - 市场周期.pdf;wiki:knowledge/wiki/sources/fangfangtu-signal-bar-entry-note.md;raw:knowledge/raw/notes/方方土视频笔记 - 信号K线 & 入场.pdf,M12-FTD-001,方方土日线趋势顺势信号K,IVV,1d
2026-04-27T15:55:00,160.57,derived_from_5m_current,看涨,0.29,0.57,160.5700,1754.3860,160.2850,161.1400,已触发观察,等待收盘复核,500.00,低,0.00,0.00,raw:knowledge/raw/brooks/transcribed_v2/al_brooks_price_action_course_v2/units/video_015D_breakouts_second_leg_traps_strong_breakouts.md;raw:knowledge/raw/brooks/transcribed_v2/al_brooks_price_action_course_v2/units/video_015A_breakouts_definition_80_rule_reversal_tr.md;raw:knowledge/raw/brooks/transcribed_v2/al_brooks_price_action_course_v2/units/video_015B_breakouts_follow_through_reversal_small_start.md;raw:knowledge/raw/youtube/fangfangtu/transcripts/Price_Action方方土.pdf;raw:knowledge/raw/youtube/fangfangtu/transcripts/Price_Action方方土.pdf;raw:knowledge/raw/notes/方方土视频笔记-突破.pdf;raw:knowledge/raw/notes/方方土视频笔记-突破.pdf,M10-PA-002,突破后续跟进,XLK,15m
2026-04-27T15:45:00,160.57,native_current_session_5m_cache,看涨,1.76,1.44,160.4900,297.6190,158.8100,162.0100,已触发观察,等待收盘复核,500.00,中,23.81,0.02,raw:knowledge/raw/brooks/transcribed_v2/al_brooks_price_action_course_v2/units/video_048D_breakout_mode_opening_range.md;raw:knowledge/raw/brooks/transcribed_v2/al_brooks_price_action_course_v2/units/video_008C_candles_ttr_ii_ioi_breakout_mode.md;raw:knowledge/raw/brooks/transcribed_v2/al_brooks_price_action_course_v2/units/video_026A_triangles_ttr_wedges_flags_reversal_or_continuation.md,M10-PA-012,开盘区间突破,XLK,5m
2026-04-27T10:40:00,51.81,derived_from_5m_current,看涨,0.50,0.60,51.8800,877.1930,51.3100,52.4050,已触发观察,等待收盘复核,500.00,中,-61.40,-0.06,raw:knowledge/raw/brooks/transcribed_v2/al_brooks_price_action_course_v2/units/video_048D_breakout_mode_opening_range.md;raw:knowledge/raw/brooks/transcribed_v2/al_brooks_price_action_course_v2/units/video_008C_candles_ttr_ii_ioi_breakout_mode.md;raw:knowledge/raw/brooks/transcribed_v2/al_brooks_price_action_course_v2/units/video_026A_triangles_ttr_wedges_flags_reversal_or_continuation.md,M10-PA-012,开盘区间突破,XLF,15m
2026-04-27T10:35:00,51.81,native_current_session_5m_cache,看涨,0.50,0.56,51.8450,934.5794,51.3100,52.3700,已触发观察,等待收盘复核,500.00,中,-32.71,-0.03,raw:knowledge/raw/brooks/transcribed_v2/al_brooks_price_action_course_v2/units/video_048D_breakout_mode_opening_range.md;raw:knowledge/raw/brooks/transcribed_v2/al_brooks_price_action_course_v2/units/video_008C_candles_ttr_ii_ioi_breakout_mode.md;raw:knowledge/raw/brooks/transcribed_v2/al_brooks_price_action_course_v2/units/video_026A_triangles_ttr_wedges_flags_reversal_or_continuation.md,M10-PA-012,开盘区间突破,XLF,5m
2026-04-27T16:00:00-04:00,56.77,native_daily_cache,看涨,3.36,9.45,57.6800,117.0960,53.4100,66.2200,观察名单,等待收盘复核,500.00,高,-106.56,-0.11,raw:knowledge/raw/brooks/transcribed_v2/al_brooks_price_action_course_v2/units/video_009A_pullbacks_bar_counting_basics_high_low_1_2.md;raw:knowledge/raw/brooks/transcribed_v2/al_brooks_price_action_course_v2/units/video_009C_pullbacks_endless_higher_lower_timeframes_countertrend_exit.md;raw:knowledge/raw/brooks/transcribed_v2/al_brooks_price_action_course_v2/units/video_014E_trends_tight_channel_small_pullback.md;raw:knowledge/raw/youtube/fangfangtu/transcripts/Price_Action方方土.pdf;raw:knowledge/raw/youtube/fangfangtu/transcripts/Price_Action方方土.pdf;raw:knowledge/raw/notes/方方土视频笔记 - 回调&数K线.pdf;raw:knowledge/raw/notes/方方土视频笔记 - 市场周期.pdf,M10-PA-001,趋势回调二次入场,XLE,1d
2026-04-27T15:55:00,56.77,native_current_session_5m_cache,看跌,0.19,0.37,56.7700,2702.7027,56.9550,56.4000,已触发观察,等待收盘复核,500.00,低,0.00,0.00,raw:knowledge/raw/brooks/transcribed_v2/al_brooks_price_action_course_v2/units/video_015D_breakouts_second_leg_traps_strong_breakouts.md;raw:knowledge/raw/brooks/transcribed_v2/al_brooks_price_action_course_v2/units/video_015A_breakouts_definition_80_rule_reversal_tr.md;raw:knowledge/raw/brooks/transcribed_v2/al_brooks_price_action_course_v2/units/video_015B_breakouts_follow_through_reversal_small_start.md;raw:knowledge/raw/youtube/fangfangtu/transcripts/Price_Action方方土.pdf;raw:knowledge/raw/youtube/fangfangtu/transcripts/Price_Action方方土.pdf;raw:knowledge/raw/notes/方方土视频笔记-突破.pdf;raw:knowledge/raw/notes/方方土视频笔记-突破.pdf,M10-PA-002,突破后续跟进,XLE,5m
2026-04-27T10:40:00,56.77,derived_from_5m_current,看跌,0.91,0.37,57.0000,735.2941,57.6800,56.4000,已触发观察,等待收盘复核,500.00,中,169.12,0.17,raw:knowledge/raw/brooks/transcribed_v2/al_brooks_price_action_course_v2/units/video_048D_breakout_mode_opening_range.md;raw:knowledge/raw/brooks/transcribed_v2/al_brooks_price_action_course_v2/units/video_008C_candles_ttr_ii_ioi_breakout_mode.md;raw:knowledge/raw/brooks/transcribed_v2/al_brooks_price_action_course_v2/units/video_026A_triangles_ttr_wedges_flags_reversal_or_continuation.md,M10-PA-012,开盘区间突破,XLE,15m
2026-04-27T10:40:00,56.77,native_current_session_5m_cache,看跌,0.91,0.37,57.0000,735.2941,57.6800,56.4000,已触发观察,等待收盘复核,500.00,中,169.12,0.17,raw:knowledge/raw/brooks/transcribed_v2/al_brooks_price_action_course_v2/units/video_048D_breakout_mode_opening_range.md;raw:knowledge/raw/brooks/transcribed_v2/al_brooks_price_action_course_v2/units/video_008C_candles_ttr_ii_ioi_breakout_mode.md;raw:knowledge/raw/brooks/transcribed_v2/al_brooks_price_action_course_v2/units/video_026A_triangles_ttr_wedges_flags_reversal_or_continuation.md,M10-PA-012,开盘区间突破,XLE,5m
2026-04-27T16:00:00-04:00,143.46,native_daily_cache,看跌,5.66,11.43,143.4200,87.7963,149.1150,132.0300,观察名单,等待收盘复核,500.00,高,-3.51,-0.00,raw:knowledge/raw/brooks/transcribed_v2/al_brooks_price_action_course_v2/units/video_009A_pullbacks_bar_counting_basics_high_low_1_2.md;raw:knowledge/raw/brooks/transcribed_v2/al_brooks_price_action_course_v2/units/video_009C_pullbacks_endless_higher_lower_timeframes_countertrend_exit.md;raw:knowledge/raw/brooks/transcribed_v2/al_brooks_price_action_course_v2/units/video_014E_trends_tight_channel_small_pullback.md;raw:knowledge/raw/youtube/fangfangtu/transcripts/Price_Action方方土.pdf;raw:knowledge/raw/youtube/fangfangtu/transcripts/Price_Action方方土.pdf;raw:knowledge/raw/notes/方方土视频笔记 - 回调&数K线.pdf;raw:knowledge/raw/notes/方方土视频笔记 - 市场周期.pdf,M10-PA-001,趋势回调二次入场,XLV,1d
2026-04-27T15:55:00,143.46,native_current_session_5m_cache,看跌,0.31,0.73,143.4200,1449.2754,143.7650,142.7300,观察名单,等待收盘复核,500.00,低,-57.97,-0.06,raw:knowledge/raw/brooks/transcribed_v2/al_brooks_price_action_course_v2/units/video_009A_pullbacks_bar_counting_basics_high_low_1_2.md;raw:knowledge/raw/brooks/transcribed_v2/al_brooks_price_action_course_v2/units/video_009C_pullbacks_endless_higher_lower_timeframes_countertrend_exit.md;raw:knowledge/raw/brooks/transcribed_v2/al_brooks_price_action_course_v2/units/video_014E_trends_tight_channel_small_pullback.md;raw:knowledge/raw/youtube/fangfangtu/transcripts/Price_Action方方土.pdf;raw:knowledge/raw/youtube/fangfangtu/transcripts/Price_Action方方土.pdf;raw:knowledge/raw/notes/方方土视频笔记 - 回调&数K线.pdf;raw:knowledge/raw/notes/方方土视频笔记 - 市场周期.pdf,M10-PA-001,趋势回调二次入场,XLV,5m
2026-04-27T15:55:00,143.46,derived_from_5m_current,看跌,0.28,0.56,143.4600,1785.7143,143.7400,142.9000,已触发观察,等待收盘复核,500.00,低,0.00,0.00,raw:knowledge/raw/brooks/transcribed_v2/al_brooks_price_action_course_v2/units/video_015D_breakouts_second_leg_traps_strong_breakouts.md;raw:knowledge/raw/brooks/transcribed_v2/al_brooks_price_action_course_v2/units/video_015A_breakouts_definition_80_rule_reversal_tr.md;raw:knowledge/raw/brooks/transcribed_v2/al_brooks_price_action_course_v2/units/video_015B_breakouts_follow_through_reversal_small_start.md;raw:knowledge/raw/youtube/fangfangtu/transcripts/Price_Action方方土.pdf;raw:knowledge/raw/youtube/fangfangtu/transcripts/Price_Action方方土.pdf;raw:knowledge/raw/notes/方方土视频笔记-突破.pdf;raw:knowledge/raw/notes/方方土视频笔记-突破.pdf,M10-PA-002,突破后续跟进,XLV,15m
2026-04-27T16:00:00-04:00,117.84,native_daily_cache,看跌,4.01,9.72,117.2750,109.2896,121.8500,108.1250,观察名单,等待收盘复核,500.00,高,-61.75,-0.06,raw:knowledge/raw/brooks/transcribed_v2/al_brooks_price_action_course_v2/units/video_009A_pullbacks_bar_counting_basics_high_low_1_2.md;raw:knowledge/raw/brooks/transcribed_v2/al_brooks_price_action_course_v2/units/video_009C_pullbacks_endless_higher_lower_timeframes_countertrend_exit.md;raw:knowledge/raw/brooks/transcribed_v2/al_brooks_price_action_course_v2/units/video_014E_trends_tight_channel_small_pullback.md;raw:knowledge/raw/youtube/fangfangtu/transcripts/Price_Action方方土.pdf;raw:knowledge/raw/youtube/fangfangtu/transcripts/Price_Action方方土.pdf;raw:knowledge/raw/notes/方方土视频笔记 - 回调&数K线.pdf;raw:knowledge/raw/notes/方方土视频笔记 - 市场周期.pdf,M10-PA-001,趋势回调二次入场,XLY,1d
2026-04-27T15:55:00,117.84,native_current_session_5m_cache,看跌,0.22,0.47,117.8300,2173.9130,118.0600,117.3700,观察名单,等待收盘复核,500.00,低,-21.74,-0.02,raw:knowledge/raw/brooks/transcribed_v2/al_brooks_price_action_course_v2/units/video_009A_pullbacks_bar_counting_basics_high_low_1_2.md;raw:knowledge/raw/brooks/transcribed_v2/al_brooks_price_action_course_v2/units/video_009C_pullbacks_endless_higher_lower_timeframes_countertrend_exit.md;raw:knowledge/raw/brooks/transcribed_v2/al_brooks_price_action_course_v2/units/video_014E_trends_tight_channel_small_pullback.md;raw:knowledge/raw/youtube/fangfangtu/transcripts/Price_Action方方土.pdf;raw:knowledge/raw/youtube/fangfangtu/transcripts/Price_Action方方土.pdf;raw:knowledge/raw/notes/方方土视频笔记 - 回调&数K线.pdf;raw:knowledge/raw/notes/方方土视频笔记 - 市场周期.pdf,M10-PA-001,趋势回调二次入场,XLY,5m
2026-04-27T15:55:00,117.84,native_current_session_5m_cache,看跌,0.11,0.22,117.8400,4545.4545,117.9500,117.6200,已触发观察,等待收盘复核,500.00,低,0.00,0.00,raw:knowledge/raw/brooks/transcribed_v2/al_brooks_price_action_course_v2/units/video_015D_breakouts_second_leg_traps_strong_breakouts.md;raw:knowledge/raw/brooks/transcribed_v2/al_brooks_price_action_course_v2/units/video_015A_breakouts_definition_80_rule_reversal_tr.md;raw:knowledge/raw/brooks/transcribed_v2/al_brooks_price_action_course_v2/units/video_015B_breakouts_follow_through_reversal_small_start.md;raw:knowledge/raw/youtube/fangfangtu/transcripts/Price_Action方方土.pdf;raw:knowledge/raw/youtube/fangfangtu/transcripts/Price_Action方方土.pdf;raw:knowledge/raw/notes/方方土视频笔记-突破.pdf;raw:knowledge/raw/notes/方方土视频笔记-突破.pdf,M10-PA-002,突破后续跟进,XLY,5m
2026-04-27T10:10:00,117.84,derived_from_5m_current,看跌,0.51,1.20,117.4950,584.7953,118.3500,116.6450,已触发观察,等待收盘复核,500.00,中,-201.75,-0.20,raw:knowledge/raw/brooks/transcribed_v2/al_brooks_price_action_course_v2/units/video_048D_breakout_mode_opening_range.md;raw:knowledge/raw/brooks/transcribed_v2/al_brooks_price_action_course_v2/units/video_008C_candles_ttr_ii_ioi_breakout_mode.md;raw:knowledge/raw/brooks/transcribed_v2/al_brooks_price_action_course_v2/units/video_026A_triangles_ttr_wedges_flags_reversal_or_continuation.md,M10-PA-012,开盘区间突破,XLY,15m
2026-04-27T10:10:00,117.84,native_current_session_5m_cache,看跌,0.51,1.20,117.4950,584.7953,118.3500,116.6450,已触发观察,等待收盘复核,500.00,中,-201.75,-0.20,raw:knowledge/raw/brooks/transcribed_v2/al_brooks_price_action_course_v2/units/video_048D_breakout_mode_opening_range.md;raw:knowledge/raw/brooks/transcribed_v2/al_brooks_price_action_course_v2/units/video_008C_candles_ttr_ii_ioi_breakout_mode.md;raw:knowledge/raw/brooks/transcribed_v2/al_brooks_price_action_course_v2/units/video_026A_triangles_ttr_wedges_flags_reversal_or_continuation.md,M10-PA-012,开盘区间突破,XLY,5m
2026-04-27T16:00:00-04:00,172.51,native_daily_cache,看跌,2.62,8.21,171.5200,138.5042,175.1300,164.3000,观察名单,等待收盘复核,500.00,高,-137.12,-0.14,raw:knowledge/raw/brooks/transcribed_v2/al_brooks_price_action_course_v2/units/video_009A_pullbacks_bar_counting_basics_high_low_1_2.md;raw:knowledge/raw/brooks/transcribed_v2/al_brooks_price_action_course_v2/units/video_009C_pullbacks_endless_higher_lower_timeframes_countertrend_exit.md;raw:knowledge/raw/brooks/transcribed_v2/al_brooks_price_action_course_v2/units/video_014E_trends_tight_channel_small_pullback.md;raw:knowledge/raw/youtube/fangfangtu/transcripts/Price_Action方方土.pdf;raw:knowledge/raw/youtube/fangfangtu/transcripts/Price_Action方方土.pdf;raw:knowledge/raw/notes/方方土视频笔记 - 回调&数K线.pdf;raw:knowledge/raw/notes/方方土视频笔记 - 市场周期.pdf,M10-PA-001,趋势回调二次入场,XLI,1d
2026-04-27T16:00:00-04:00,82.34,native_daily_cache,看跌,1.52,3.25,82.2700,314.4654,83.8600,79.0900,观察名单,等待收盘复核,500.00,高,-22.01,-0.02,raw:knowledge/raw/brooks/transcribed_v2/al_brooks_price_action_course_v2/units/video_009A_pullbacks_bar_counting_basics_high_low_1_2.md;raw:knowledge/raw/brooks/transcribed_v2/al_brooks_price_action_course_v2/units/video_009C_pullbacks_endless_higher_lower_timeframes_countertrend_exit.md;raw:knowledge/raw/brooks/transcribed_v2/al_brooks_price_action_course_v2/units/video_014E_trends_tight_channel_small_pullback.md;raw:knowledge/raw/youtube/fangfangtu/transcripts/Price_Action方方土.pdf;raw:knowledge/raw/youtube/fangfangtu/transcripts/Price_Action方方土.pdf;raw:knowledge/raw/notes/方方土视频笔记 - 回调&数K线.pdf;raw:knowledge/raw/notes/方方土视频笔记 - 市场周期.pdf,M10-PA-001,趋势回调二次入场,XLP,1d
2026-04-27T11:25:00,82.34,derived_from_5m_current,看跌,1.00,0.08,82.7550,854.7009,83.3400,82.2650,已触发观察,等待收盘复核,500.00,中,354.70,0.35,raw:knowledge/raw/brooks/transcribed_v2/al_brooks_price_action_course_v2/units/video_048D_breakout_mode_opening_range.md;raw:knowledge/raw/brooks/transcribed_v2/al_brooks_price_action_course_v2/units/video_008C_candles_ttr_ii_ioi_breakout_mode.md;raw:knowledge/raw/brooks/transcribed_v2/al_brooks_price_action_course_v2/units/video_026A_triangles_ttr_wedges_flags_reversal_or_continuation.md,M10-PA-012,开盘区间突破,XLP,15m
2026-04-27T11:15:00,82.34,native_current_session_5m_cache,看跌,1.00,0.05,82.7800,892.8571,83.3400,82.2900,已触发观察,等待收盘复核,500.00,中,392.86,0.39,raw:knowledge/raw/brooks/transcribed_v2/al_brooks_price_action_course_v2/units/video_048D_breakout_mode_opening_range.md;raw:knowledge/raw/brooks/transcribed_v2/al_brooks_price_action_course_v2/units/video_008C_candles_ttr_ii_ioi_breakout_mode.md;raw:knowledge/raw/brooks/transcribed_v2/al_brooks_price_action_course_v2/units/video_026A_triangles_ttr_wedges_flags_reversal_or_continuation.md,M10-PA-012,开盘区间突破,XLP,5m
2026-04-27T16:00:00-04:00,82.34,native_daily_cache,看跌,1.00,2.21,82.27,467.2897,83.34,80.13,已触发观察,等待收盘复核,500.00,中,-32.71,-0.03,wiki:knowledge/wiki/sources/fangfangtu-market-cycle-note.md;raw:knowledge/raw/notes/方方土视频笔记 - 市场周期.pdf;wiki:knowledge/wiki/sources/fangfangtu-signal-bar-entry-note.md;raw:knowledge/raw/notes/方方土视频笔记 - 信号K线 & 入场.pdf,M12-FTD-001,方方土日线趋势顺势信号K,XLP,1d
2026-04-27T15:55:00,46.19,native_current_session_5m_cache,看跌,0.10,0.25,46.1700,4347.8261,46.2850,45.9400,观察名单,等待收盘复核,500.00,低,-86.96,-0.09,raw:knowledge/raw/brooks/transcribed_v2/al_brooks_price_action_course_v2/units/video_009A_pullbacks_bar_counting_basics_high_low_1_2.md;raw:knowledge/raw/brooks/transcribed_v2/al_brooks_price_action_course_v2/units/video_009C_pullbacks_endless_higher_lower_timeframes_countertrend_exit.md;raw:knowledge/raw/brooks/transcribed_v2/al_brooks_price_action_course_v2/units/video_014E_trends_tight_channel_small_pullback.md;raw:knowledge/raw/youtube/fangfangtu/transcripts/Price_Action方方土.pdf;raw:knowledge/raw/youtube/fangfangtu/transcripts/Price_Action方方土.pdf;raw:knowledge/raw/notes/方方土视频笔记 - 回调&数K线.pdf;raw:knowledge/raw/notes/方方土视频笔记 - 市场周期.pdf,M10-PA-001,趋势回调二次入场,XLU,5m
2026-04-27T15:25:00,46.19,derived_from_5m_current,看跌,0.31,0.22,46.2200,1818.1818,46.4950,45.9750,已触发观察,等待收盘复核,500.00,中,54.55,0.05,raw:knowledge/raw/brooks/transcribed_v2/al_brooks_price_action_course_v2/units/video_048D_breakout_mode_opening_range.md;raw:knowledge/raw/brooks/transcribed_v2/al_brooks_price_action_course_v2/units/video_008C_candles_ttr_ii_ioi_breakout_mode.md;raw:knowledge/raw/brooks/transcribed_v2/al_brooks_price_action_course_v2/units/video_026A_triangles_ttr_wedges_flags_reversal_or_continuation.md,M10-PA-012,开盘区间突破,XLU,15m
2026-04-27T11:35:00,46.19,native_current_session_5m_cache,看跌,0.31,0.19,46.2450,2000.0000,46.4950,46.0000,已触发观察,等待收盘复核,500.00,中,110.00,0.11,raw:knowledge/raw/brooks/transcribed_v2/al_brooks_price_action_course_v2/units/video_048D_breakout_mode_opening_range.md;raw:knowledge/raw/brooks/transcribed_v2/al_brooks_price_action_course_v2/units/video_008C_candles_ttr_ii_ioi_breakout_mode.md;raw:knowledge/raw/brooks/transcribed_v2/al_brooks_price_action_course_v2/units/video_026A_triangles_ttr_wedges_flags_reversal_or_continuation.md,M10-PA-012,开盘区间突破,XLU,5m
2026-04-27T10:10:00,115.81,derived_from_5m_current,看涨,0.40,1.03,116.1400,684.9315,115.4100,116.8400,已触发观察,等待收盘复核,500.00,中,-226.03,-0.23,raw:knowledge/raw/brooks/transcribed_v2/al_brooks_price_action_course_v2/units/video_048D_breakout_mode_opening_range.md;raw:knowledge/raw/brooks/transcribed_v2/al_brooks_price_action_course_v2/units/video_008C_candles_ttr_ii_ioi_breakout_mode.md;raw:knowledge/raw/brooks/transcribed_v2/al_brooks_price_action_course_v2/units/video_026A_triangles_ttr_wedges_flags_reversal_or_continuation.md,M10-PA-012,开盘区间突破,XLC,15m
2026-04-27T10:05:00,115.81,native_current_session_5m_cache,看涨,0.40,1.06,116.1700,657.8947,115.4100,116.8700,已触发观察,等待收盘复核,500.00,中,-236.84,-0.24,raw:knowledge/raw/brooks/transcribed_v2/al_brooks_price_action_course_v2/units/video_048D_breakout_mode_opening_range.md;raw:knowledge/raw/brooks/transcribed_v2/al_brooks_price_action_course_v2/units/video_008C_candles_ttr_ii_ioi_breakout_mode.md;raw:knowledge/raw/brooks/transcribed_v2/al_brooks_price_action_course_v2/units/video_026A_triangles_ttr_wedges_flags_reversal_or_continuation.md,M10-PA-012,开盘区间突破,XLC,5m
2026-04-27T15:55:00,506.26,native_current_session_5m_cache,看涨,2.31,4.71,506.2900,213.6752,503.9500,510.9700,观察名单,等待收盘复核,500.00,低,-6.41,-0.01,raw:knowledge/raw/brooks/transcribed_v2/al_brooks_price_action_course_v2/units/video_009A_pullbacks_bar_counting_basics_high_low_1_2.md;raw:knowledge/raw/brooks/transcribed_v2/al_brooks_price_action_course_v2/units/video_009C_pullbacks_endless_higher_lower_timeframes_countertrend_exit.md;raw:knowledge/raw/brooks/transcribed_v2/al_brooks_price_action_course_v2/units/video_014E_trends_tight_channel_small_pullback.md;raw:knowledge/raw/youtube/fangfangtu/transcripts/Price_Action方方土.pdf;raw:knowledge/raw/youtube/fangfangtu/transcripts/Price_Action方方土.pdf;raw:knowledge/raw/notes/方方土视频笔记 - 回调&数K线.pdf;raw:knowledge/raw/notes/方方土视频笔记 - 市场周期.pdf,M10-PA-001,趋势回调二次入场,SMH,5m
2026-04-27T15:55:00,506.26,derived_from_5m_current,看涨,1.48,2.96,506.2600,337.8378,504.7800,509.2200,已触发观察,等待收盘复核,500.00,低,0.00,0.00,raw:knowledge/raw/brooks/transcribed_v2/al_brooks_price_action_course_v2/units/video_015D_breakouts_second_leg_traps_strong_breakouts.md;raw:knowledge/raw/brooks/transcribed_v2/al_brooks_price_action_course_v2/units/video_015A_breakouts_definition_80_rule_reversal_tr.md;raw:knowledge/raw/brooks/transcribed_v2/al_brooks_price_action_course_v2/units/video_015B_breakouts_follow_through_reversal_small_start.md;raw:knowledge/raw/youtube/fangfangtu/transcripts/Price_Action方方土.pdf;raw:knowledge/raw/youtube/fangfangtu/transcripts/Price_Action方方土.pdf;raw:knowledge/raw/notes/方方土视频笔记-突破.pdf;raw:knowledge/raw/notes/方方土视频笔记-突破.pdf,M10-PA-002,突破后续跟进,SMH,15m
2026-04-27T15:55:00,455.41,derived_from_5m_current,看涨,1.06,2.12,455.4100,471.6981,454.3500,457.5300,已触发观察,等待收盘复核,500.00,低,0.00,0.00,raw:knowledge/raw/brooks/transcribed_v2/al_brooks_price_action_course_v2/units/video_015D_breakouts_second_leg_traps_strong_breakouts.md;raw:knowledge/raw/brooks/transcribed_v2/al_brooks_price_action_course_v2/units/video_015A_breakouts_definition_80_rule_reversal_tr.md;raw:knowledge/raw/brooks/transcribed_v2/al_brooks_price_action_course_v2/units/video_015B_breakouts_follow_through_reversal_small_start.md;raw:knowledge/raw/youtube/fangfangtu/transcripts/Price_Action方方土.pdf;raw:knowledge/raw/youtube/fangfangtu/transcripts/Price_Action方方土.pdf;raw:knowledge/raw/notes/方方土视频笔记-突破.pdf;raw:knowledge/raw/notes/方方土视频笔记-突破.pdf,M10-PA-002,突破后续跟进,SOXX,15m
2026-04-27T13:40:00,62.64,derived_from_5m_current,看涨,1.00,0.81,62.5450,552.4862,61.6400,63.4450,已触发观察,等待收盘复核,500.00,中,52.49,0.05,raw:knowledge/raw/brooks/transcribed_v2/al_brooks_price_action_course_v2/units/video_048D_breakout_mode_opening_range.md;raw:knowledge/raw/brooks/transcribed_v2/al_brooks_price_action_course_v2/units/video_008C_candles_ttr_ii_ioi_breakout_mode.md;raw:knowledge/raw/brooks/transcribed_v2/al_brooks_price_action_course_v2/units/video_026A_triangles_ttr_wedges_flags_reversal_or_continuation.md,M10-PA-012,开盘区间突破,TQQQ,15m
2026-04-27T13:30:00,62.64,native_current_session_5m_cache,看涨,1.00,0.85,62.5930,524.6590,61.6400,63.4930,已触发观察,等待收盘复核,500.00,高,24.66,0.02,raw:knowledge/raw/brooks/transcribed_v2/al_brooks_price_action_course_v2/units/video_048D_breakout_mode_opening_range.md;raw:knowledge/raw/brooks/transcribed_v2/al_brooks_price_action_course_v2/units/video_008C_candles_ttr_ii_ioi_breakout_mode.md;raw:knowledge/raw/brooks/transcribed_v2/al_brooks_price_action_course_v2/units/video_026A_triangles_ttr_wedges_flags_reversal_or_continuation.md,M10-PA-012,开盘区间突破,TQQQ,5m
2026-04-27T15:55:00,52.45,derived_from_5m_current,看跌,0.11,0.22,52.4500,4545.4545,52.5600,52.2300,已触发观察,等待收盘复核,500.00,低,0.00,0.00,raw:knowledge/raw/brooks/transcribed_v2/al_brooks_price_action_course_v2/units/video_015D_breakouts_second_leg_traps_strong_breakouts.md;raw:knowledge/raw/brooks/transcribed_v2/al_brooks_price_action_course_v2/units/video_015A_breakouts_definition_80_rule_reversal_tr.md;raw:knowledge/raw/brooks/transcribed_v2/al_brooks_price_action_course_v2/units/video_015B_breakouts_follow_through_reversal_small_start.md;raw:knowledge/raw/youtube/fangfangtu/transcripts/Price_Action方方土.pdf;raw:knowledge/raw/youtube/fangfangtu/transcripts/Price_Action方方土.pdf;raw:knowledge/raw/notes/方方土视频笔记-突破.pdf;raw:knowledge/raw/notes/方方土视频笔记-突破.pdf,M10-PA-002,突破后续跟进,SQQQ,15m
2026-04-27T13:40:00,52.45,derived_from_5m_current,看跌,0.86,0.65,52.5550,662.2517,53.3100,51.8050,已触发观察,等待收盘复核,500.00,中,69.54,0.07,raw:knowledge/raw/brooks/transcribed_v2/al_brooks_price_action_course_v2/units/video_048D_breakout_mode_opening_range.md;raw:knowledge/raw/brooks/transcribed_v2/al_brooks_price_action_course_v2/units/video_008C_candles_ttr_ii_ioi_breakout_mode.md;raw:knowledge/raw/brooks/transcribed_v2/al_brooks_price_action_course_v2/units/video_026A_triangles_ttr_wedges_flags_reversal_or_continuation.md,M10-PA-012,开盘区间突破,SQQQ,15m
2026-04-27T13:30:00,52.45,native_current_session_5m_cache,看跌,0.86,0.70,52.5050,621.1180,53.3100,51.7550,已触发观察,等待收盘复核,500.00,高,34.16,0.03,raw:knowledge/raw/brooks/transcribed_v2/al_brooks_price_action_course_v2/units/video_048D_breakout_mode_opening_range.md;raw:knowledge/raw/brooks/transcribed_v2/al_brooks_price_action_course_v2/units/video_008C_candles_ttr_ii_ioi_breakout_mode.md;raw:knowledge/raw/brooks/transcribed_v2/al_brooks_price_action_course_v2/units/video_026A_triangles_ttr_wedges_flags_reversal_or_continuation.md,M10-PA-012,开盘区间突破,SQQQ,5m
2026-04-27T16:00:00-04:00,429.89,native_daily_cache,看跌,18.81,41.73,428.5200,24.7770,448.7000,388.1600,观察名单,等待收盘复核,500.00,高,-33.94,-0.03,raw:knowledge/raw/brooks/transcribed_v2/al_brooks_price_action_course_v2/units/video_009A_pullbacks_bar_counting_basics_high_low_1_2.md;raw:knowledge/raw/brooks/transcribed_v2/al_brooks_price_action_course_v2/units/video_009C_pullbacks_endless_higher_lower_timeframes_countertrend_exit.md;raw:knowledge/raw/brooks/transcribed_v2/al_brooks_price_action_course_v2/units/video_014E_trends_tight_channel_small_pullback.md;raw:knowledge/raw/youtube/fangfangtu/transcripts/Price_Action方方土.pdf;raw:knowledge/raw/youtube/fangfangtu/transcripts/Price_Action方方土.pdf;raw:knowledge/raw/notes/方方土视频笔记 - 回调&数K线.pdf;raw:knowledge/raw/notes/方方土视频笔记 - 市场周期.pdf,M10-PA-001,趋势回调二次入场,GLD,1d
2026-04-27T15:55:00,429.89,native_current_session_5m_cache,看涨,0.46,0.97,429.9100,1052.6316,429.4350,430.8600,观察名单,等待收盘复核,500.00,低,-21.05,-0.02,raw:knowledge/raw/brooks/transcribed_v2/al_brooks_price_action_course_v2/units/video_009A_pullbacks_bar_counting_basics_high_low_1_2.md;raw:knowledge/raw/brooks/transcribed_v2/al_brooks_price_action_course_v2/units/video_009C_pullbacks_endless_higher_lower_timeframes_countertrend_exit.md;raw:knowledge/raw/brooks/transcribed_v2/al_brooks_price_action_course_v2/units/video_014E_trends_tight_channel_small_pullback.md;raw:knowledge/raw/youtube/fangfangtu/transcripts/Price_Action方方土.pdf;raw:knowledge/raw/youtube/fangfangtu/transcripts/Price_Action方方土.pdf;raw:knowledge/raw/notes/方方土视频笔记 - 回调&数K线.pdf;raw:knowledge/raw/notes/方方土视频笔记 - 市场周期.pdf,M10-PA-001,趋势回调二次入场,GLD,5m
2026-04-27T10:55:00,429.89,derived_from_5m_current,看跌,1.91,1.52,429.5700,224.2152,431.8000,428.3700,已触发观察,等待收盘复核,500.00,中,-71.75,-0.07,raw:knowledge/raw/brooks/transcribed_v2/al_brooks_price_action_course_v2/units/video_048D_breakout_mode_opening_range.md;raw:knowledge/raw/brooks/transcribed_v2/al_brooks_price_action_course_v2/units/video_008C_candles_ttr_ii_ioi_breakout_mode.md;raw:knowledge/raw/brooks/transcribed_v2/al_brooks_price_action_course_v2/units/video_026A_triangles_ttr_wedges_flags_reversal_or_continuation.md,M10-PA-012,开盘区间突破,GLD,15m
2026-04-27T10:05:00,429.89,native_current_session_5m_cache,看跌,1.91,0.56,430.5300,393.7008,431.8000,429.3300,已触发观察,等待收盘复核,500.00,低,251.97,0.25,raw:knowledge/raw/brooks/transcribed_v2/al_brooks_price_action_course_v2/units/video_048D_breakout_mode_opening_range.md;raw:knowledge/raw/brooks/transcribed_v2/al_brooks_price_action_course_v2/units/video_008C_candles_ttr_ii_ioi_breakout_mode.md;raw:knowledge/raw/brooks/transcribed_v2/al_brooks_price_action_course_v2/units/video_026A_triangles_ttr_wedges_flags_reversal_or_continuation.md,M10-PA-012,开盘区间突破,GLD,5m
2026-04-27T16:00:00-04:00,68.33,native_daily_cache,看跌,6.83,16.00,67.5500,65.7030,75.1600,52.3300,观察名单,等待收盘复核,500.00,高,-51.25,-0.05,raw:knowledge/raw/brooks/transcribed_v2/al_brooks_price_action_course_v2/units/video_009A_pullbacks_bar_counting_basics_high_low_1_2.md;raw:knowledge/raw/brooks/transcribed_v2/al_brooks_price_action_course_v2/units/video_009C_pullbacks_endless_higher_lower_timeframes_countertrend_exit.md;raw:knowledge/raw/brooks/transcribed_v2/al_brooks_price_action_course_v2/units/video_014E_trends_tight_channel_small_pullback.md;raw:knowledge/raw/youtube/fangfangtu/transcripts/Price_Action方方土.pdf;raw:knowledge/raw/youtube/fangfangtu/transcripts/Price_Action方方土.pdf;raw:knowledge/raw/notes/方方土视频笔记 - 回调&数K线.pdf;raw:knowledge/raw/notes/方方土视频笔记 - 市场周期.pdf,M10-PA-001,趋势回调二次入场,SLV,1d
2026-04-27T10:55:00,68.33,derived_from_5m_current,看跌,0.04,0.96,67.8600,990.0990,68.3650,67.3750,已触发观察,等待收盘复核,500.00,中,-465.35,-0.47,raw:knowledge/raw/brooks/transcribed_v2/al_brooks_price_action_course_v2/units/video_048D_breakout_mode_opening_range.md;raw:knowledge/raw/brooks/transcribed_v2/al_brooks_price_action_course_v2/units/video_008C_candles_ttr_ii_ioi_breakout_mode.md;raw:knowledge/raw/brooks/transcribed_v2/al_brooks_price_action_course_v2/units/video_026A_triangles_ttr_wedges_flags_reversal_or_continuation.md,M10-PA-012,开盘区间突破,SLV,15m
2026-04-27T10:50:00,68.33,native_current_session_5m_cache,看跌,0.04,0.98,67.8400,952.3810,68.3650,67.3550,已触发观察,等待收盘复核,500.00,中,-466.67,-0.47,raw:knowledge/raw/brooks/transcribed_v2/al_brooks_price_action_course_v2/units/video_048D_breakout_mode_opening_range.md;raw:knowledge/raw/brooks/transcribed_v2/al_brooks_price_action_course_v2/units/video_008C_candles_ttr_ii_ioi_breakout_mode.md;raw:knowledge/raw/brooks/transcribed_v2/al_brooks_price_action_course_v2/units/video_026A_triangles_ttr_wedges_flags_reversal_or_continuation.md,M10-PA-012,开盘区间突破,SLV,5m
2026-04-27T16:00:00-04:00,134.72,native_daily_cache,看涨,24.38,54.06,136.4900,19.1241,110.3450,188.7800,观察名单,等待收盘复核,500.00,高,-33.85,-0.03,raw:knowledge/raw/brooks/transcribed_v2/al_brooks_price_action_course_v2/units/video_009A_pullbacks_bar_counting_basics_high_low_1_2.md;raw:knowledge/raw/brooks/transcribed_v2/al_brooks_price_action_course_v2/units/video_009C_pullbacks_endless_higher_lower_timeframes_countertrend_exit.md;raw:knowledge/raw/brooks/transcribed_v2/al_brooks_price_action_course_v2/units/video_014E_trends_tight_channel_small_pullback.md;raw:knowledge/raw/youtube/fangfangtu/transcripts/Price_Action方方土.pdf;raw:knowledge/raw/youtube/fangfangtu/transcripts/Price_Action方方土.pdf;raw:knowledge/raw/notes/方方土视频笔记 - 回调&数K线.pdf;raw:knowledge/raw/notes/方方土视频笔记 - 市场周期.pdf,M10-PA-001,趋势回调二次入场,USO,1d
2026-04-27T10:55:00,134.72,derived_from_5m_current,看涨,1.00,1.71,135.2200,334.4482,133.7250,136.4300,已触发观察,等待收盘复核,500.00,中,-167.22,-0.17,raw:knowledge/raw/brooks/transcribed_v2/al_brooks_price_action_course_v2/units/video_048D_breakout_mode_opening_range.md;raw:knowledge/raw/brooks/transcribed_v2/al_brooks_price_action_course_v2/units/video_008C_candles_ttr_ii_ioi_breakout_mode.md;raw:knowledge/raw/brooks/transcribed_v2/al_brooks_price_action_course_v2/units/video_026A_triangles_ttr_wedges_flags_reversal_or_continuation.md,M10-PA-012,开盘区间突破,USO,15m
2026-04-27T10:00:00,134.72,native_current_session_5m_cache,看跌,0.22,2.29,133.6380,385.5050,134.9350,132.4280,已触发观察,等待收盘复核,500.00,中,-417.12,-0.42,raw:knowledge/raw/brooks/transcribed_v2/al_brooks_price_action_course_v2/units/video_048D_breakout_mode_opening_range.md;raw:knowledge/raw/brooks/transcribed_v2/al_brooks_price_action_course_v2/units/video_008C_candles_ttr_ii_ioi_breakout_mode.md;raw:knowledge/raw/brooks/transcribed_v2/al_brooks_price_action_course_v2/units/video_026A_triangles_ttr_wedges_flags_reversal_or_continuation.md,M10-PA-012,开盘区间突破,USO,5m
2026-04-27T16:00:00-04:00,86.28,native_daily_cache,看跌,0.93,2.12,86.1930,491.6421,87.2100,84.1590,观察名单,等待收盘复核,500.00,中,-42.77,-0.04,raw:knowledge/raw/brooks/transcribed_v2/al_brooks_price_action_course_v2/units/video_009A_pullbacks_bar_counting_basics_high_low_1_2.md;raw:knowledge/raw/brooks/transcribed_v2/al_brooks_price_action_course_v2/units/video_009C_pullbacks_endless_higher_lower_timeframes_countertrend_exit.md;raw:knowledge/raw/brooks/transcribed_v2/al_brooks_price_action_course_v2/units/video_014E_trends_tight_channel_small_pullback.md;raw:knowledge/raw/youtube/fangfangtu/transcripts/Price_Action方方土.pdf;raw:knowledge/raw/youtube/fangfangtu/transcripts/Price_Action方方土.pdf;raw:knowledge/raw/notes/方方土视频笔记 - 回调&数K线.pdf;raw:knowledge/raw/notes/方方土视频笔记 - 市场周期.pdf,M10-PA-001,趋势回调二次入场,TLT,1d
2026-04-27T15:55:00,86.28,native_current_session_5m_cache,看跌,0.07,0.14,86.2800,7142.8571,86.3500,86.1400,观察名单,等待收盘复核,500.00,低,0.00,0.00,raw:knowledge/raw/brooks/transcribed_v2/al_brooks_price_action_course_v2/units/video_009A_pullbacks_bar_counting_basics_high_low_1_2.md;raw:knowledge/raw/brooks/transcribed_v2/al_brooks_price_action_course_v2/units/video_009C_pullbacks_endless_higher_lower_timeframes_countertrend_exit.md;raw:knowledge/raw/brooks/transcribed_v2/al_brooks_price_action_course_v2/units/video_014E_trends_tight_channel_small_pullback.md;raw:knowledge/raw/youtube/fangfangtu/transcripts/Price_Action方方土.pdf;raw:knowledge/raw/youtube/fangfangtu/transcripts/Price_Action方方土.pdf;raw:knowledge/raw/notes/方方土视频笔记 - 回调&数K线.pdf;raw:knowledge/raw/notes/方方土视频笔记 - 市场周期.pdf,M10-PA-001,趋势回调二次入场,TLT,5m
2026-04-27T11:10:00,86.28,derived_from_5m_current,看跌,0.30,0.09,86.3250,1960.7843,86.5800,86.1900,已触发观察,等待收盘复核,500.00,低,88.24,0.09,raw:knowledge/raw/brooks/transcribed_v2/al_brooks_price_action_course_v2/units/video_048D_breakout_mode_opening_range.md;raw:knowledge/raw/brooks/transcribed_v2/al_brooks_price_action_course_v2/units/video_008C_candles_ttr_ii_ioi_breakout_mode.md;raw:knowledge/raw/brooks/transcribed_v2/al_brooks_price_action_course_v2/units/video_026A_triangles_ttr_wedges_flags_reversal_or_continuation.md,M10-PA-012,开盘区间突破,TLT,15m
2026-04-27T10:00:00,86.28,native_current_session_5m_cache,看涨,-0.17,0.46,86.6010,3205.1282,86.4450,86.7360,已触发观察,等待收盘复核,500.00,低,-1028.85,-1.03,raw:knowledge/raw/brooks/transcribed_v2/al_brooks_price_action_course_v2/units/video_048D_breakout_mode_opening_range.md;raw:knowledge/raw/brooks/transcribed_v2/al_brooks_price_action_course_v2/units/video_008C_candles_ttr_ii_ioi_breakout_mode.md;raw:knowledge/raw/brooks/transcribed_v2/al_brooks_price_action_course_v2/units/video_026A_triangles_ttr_wedges_flags_reversal_or_continuation.md,M10-PA-012,开盘区间突破,TLT,5m
2026-04-27T15:45:00,80.51,native_current_session_5m_cache,看涨,0.08,0.09,80.5150,5882.3529,80.4300,80.5950,已触发观察,等待收盘复核,500.00,低,-29.41,-0.03,raw:knowledge/raw/brooks/transcribed_v2/al_brooks_price_action_course_v2/units/video_048D_breakout_mode_opening_range.md;raw:knowledge/raw/brooks/transcribed_v2/al_brooks_price_action_course_v2/units/video_008C_candles_ttr_ii_ioi_breakout_mode.md;raw:knowledge/raw/brooks/transcribed_v2/al_brooks_price_action_course_v2/units/video_026A_triangles_ttr_wedges_flags_reversal_or_continuation.md,M10-PA-012,开盘区间突破,HYG,5m
2026-04-27T16:00:00-04:00,80.51,native_daily_cache,看涨,0.09,0.27,80.54,4166.6667,80.42,80.78,已触发观察,等待收盘复核,500.00,中,-125.00,-0.13,wiki:knowledge/wiki/sources/fangfangtu-market-cycle-note.md;raw:knowledge/raw/notes/方方土视频笔记 - 市场周期.pdf;wiki:knowledge/wiki/sources/fangfangtu-signal-bar-entry-note.md;raw:knowledge/raw/notes/方方土视频笔记 - 信号K线 & 入场.pdf,M12-FTD-001,方方土日线趋势顺势信号K,HYG,1d
2026-04-27T16:00:00-04:00,109.29,native_daily_cache,看跌,1.00,2.29,109.1950,456.6210,110.2900,107.0050,观察名单,等待收盘复核,500.00,中,-43.38,-0.04,raw:knowledge/raw/brooks/transcribed_v2/al_brooks_price_action_course_v2/units/video_009A_pullbacks_bar_counting_basics_high_low_1_2.md;raw:knowledge/raw/brooks/transcribed_v2/al_brooks_price_action_course_v2/units/video_009C_pullbacks_endless_higher_lower_timeframes_countertrend_exit.md;raw:knowledge/raw/brooks/transcribed_v2/al_brooks_price_action_course_v2/units/video_014E_trends_tight_channel_small_pullback.md;raw:knowledge/raw/youtube/fangfangtu/transcripts/Price_Action方方土.pdf;raw:knowledge/raw/youtube/fangfangtu/transcripts/Price_Action方方土.pdf;raw:knowledge/raw/notes/方方土视频笔记 - 回调&数K线.pdf;raw:knowledge/raw/notes/方方土视频笔记 - 市场周期.pdf,M10-PA-001,趋势回调二次入场,LQD,1d
2026-04-27T10:55:00,109.29,derived_from_5m_current,看跌,0.29,0.06,109.3850,2564.1026,109.5800,109.2350,已触发观察,等待收盘复核,500.00,低,243.59,0.24,raw:knowledge/raw/brooks/transcribed_v2/al_brooks_price_action_course_v2/units/video_048D_breakout_mode_opening_range.md;raw:knowledge/raw/brooks/transcribed_v2/al_brooks_price_action_course_v2/units/video_008C_candles_ttr_ii_ioi_breakout_mode.md;raw:knowledge/raw/brooks/transcribed_v2/al_brooks_price_action_course_v2/units/video_026A_triangles_ttr_wedges_flags_reversal_or_continuation.md,M10-PA-012,开盘区间突破,LQD,15m
2026-04-27T10:55:00,109.29,native_current_session_5m_cache,看跌,0.29,0.06,109.3850,2564.1026,109.5800,109.2350,已触发观察,等待收盘复核,500.00,低,243.59,0.24,raw:knowledge/raw/brooks/transcribed_v2/al_brooks_price_action_course_v2/units/video_048D_breakout_mode_opening_range.md;raw:knowledge/raw/brooks/transcribed_v2/al_brooks_price_action_course_v2/units/video_008C_candles_ttr_ii_ioi_breakout_mode.md;raw:knowledge/raw/brooks/transcribed_v2/al_brooks_price_action_course_v2/units/video_026A_triangles_ttr_wedges_flags_reversal_or_continuation.md,M10-PA-012,开盘区间突破,LQD,5m
2026-04-27T15:55:00,63.64,native_current_session_5m_cache,看跌,0.04,0.16,63.6150,7692.3077,63.6800,63.4850,观察名单,等待收盘复核,500.00,低,-192.31,-0.19,raw:knowledge/raw/brooks/transcribed_v2/al_brooks_price_action_course_v2/units/video_009A_pullbacks_bar_counting_basics_high_low_1_2.md;raw:knowledge/raw/brooks/transcribed_v2/al_brooks_price_action_course_v2/units/video_009C_pullbacks_endless_higher_lower_timeframes_countertrend_exit.md;raw:knowledge/raw/brooks/transcribed_v2/al_brooks_price_action_course_v2/units/video_014E_trends_tight_channel_small_pullback.md;raw:knowledge/raw/youtube/fangfangtu/transcripts/Price_Action方方土.pdf;raw:knowledge/raw/youtube/fangfangtu/transcripts/Price_Action方方土.pdf;raw:knowledge/raw/notes/方方土视频笔记 - 回调&数K线.pdf;raw:knowledge/raw/notes/方方土视频笔记 - 市场周期.pdf,M10-PA-001,趋势回调二次入场,EEM,5m
2026-04-27T13:55:00,63.64,derived_from_5m_current,看跌,0.33,0.44,63.5850,1298.7013,63.9700,63.2050,已触发观察,等待收盘复核,500.00,中,-71.43,-0.07,raw:knowledge/raw/brooks/transcribed_v2/al_brooks_price_action_course_v2/units/video_048D_breakout_mode_opening_range.md;raw:knowledge/raw/brooks/transcribed_v2/al_brooks_price_action_course_v2/units/video_008C_candles_ttr_ii_ioi_breakout_mode.md;raw:knowledge/raw/brooks/transcribed_v2/al_brooks_price_action_course_v2/units/video_026A_triangles_ttr_wedges_flags_reversal_or_continuation.md,M10-PA-012,开盘区间突破,EEM,15m
2026-04-27T13:00:00,63.64,native_current_session_5m_cache,看跌,0.33,0.45,63.5750,1265.8228,63.9700,63.1950,已触发观察,等待收盘复核,500.00,中,-82.28,-0.08,raw:knowledge/raw/brooks/transcribed_v2/al_brooks_price_action_course_v2/units/video_048D_breakout_mode_opening_range.md;raw:knowledge/raw/brooks/transcribed_v2/al_brooks_price_action_course_v2/units/video_008C_candles_ttr_ii_ioi_breakout_mode.md;raw:knowledge/raw/brooks/transcribed_v2/al_brooks_price_action_course_v2/units/video_026A_triangles_ttr_wedges_flags_reversal_or_continuation.md,M10-PA-012,开盘区间突破,EEM,5m
2026-04-27T16:00:00-04:00,101.38,native_daily_cache,看涨,1.23,4.49,102.0550,262.4672,100.1500,105.8650,观察名单,等待收盘复核,500.00,高,-177.17,-0.18,raw:knowledge/raw/brooks/transcribed_v2/al_brooks_price_action_course_v2/units/video_009A_pullbacks_bar_counting_basics_high_low_1_2.md;raw:knowledge/raw/brooks/transcribed_v2/al_brooks_price_action_course_v2/units/video_009C_pullbacks_endless_higher_lower_timeframes_countertrend_exit.md;raw:knowledge/raw/brooks/transcribed_v2/al_brooks_price_action_course_v2/units/video_014E_trends_tight_channel_small_pullback.md;raw:knowledge/raw/youtube/fangfangtu/transcripts/Price_Action方方土.pdf;raw:knowledge/raw/youtube/fangfangtu/transcripts/Price_Action方方土.pdf;raw:knowledge/raw/notes/方方土视频笔记 - 回调&数K线.pdf;raw:knowledge/raw/notes/方方土视频笔记 - 市场周期.pdf,M10-PA-001,趋势回调二次入场,EFA,1d
2026-04-27T15:55:00,101.38,native_current_session_5m_cache,看跌,0.20,0.45,101.3650,2325.5814,101.5800,100.9350,观察名单,等待收盘复核,500.00,低,-34.88,-0.03,raw:knowledge/raw/brooks/transcribed_v2/al_brooks_price_action_course_v2/units/video_009A_pullbacks_bar_counting_basics_high_low_1_2.md;raw:knowledge/raw/brooks/transcribed_v2/al_brooks_price_action_course_v2/units/video_009C_pullbacks_endless_higher_lower_timeframes_countertrend_exit.md;raw:knowledge/raw/brooks/transcribed_v2/al_brooks_price_action_course_v2/units/video_014E_trends_tight_channel_small_pullback.md;raw:knowledge/raw/youtube/fangfangtu/transcripts/Price_Action方方土.pdf;raw:knowledge/raw/youtube/fangfangtu/transcripts/Price_Action方方土.pdf;raw:knowledge/raw/notes/方方土视频笔记 - 回调&数K线.pdf;raw:knowledge/raw/notes/方方土视频笔记 - 市场周期.pdf,M10-PA-001,趋势回调二次入场,EFA,5m
2026-04-27T15:55:00,101.38,native_current_session_5m_cache,看跌,0.06,0.12,101.3800,8333.3333,101.4400,101.2600,已触发观察,等待收盘复核,500.00,低,0.00,0.00,raw:knowledge/raw/brooks/transcribed_v2/al_brooks_price_action_course_v2/units/video_015D_breakouts_second_leg_traps_strong_breakouts.md;raw:knowledge/raw/brooks/transcribed_v2/al_brooks_price_action_course_v2/units/video_015A_breakouts_definition_80_rule_reversal_tr.md;raw:knowledge/raw/brooks/transcribed_v2/al_brooks_price_action_course_v2/units/video_015B_breakouts_follow_through_reversal_small_start.md;raw:knowledge/raw/youtube/fangfangtu/transcripts/Price_Action方方土.pdf;raw:knowledge/raw/youtube/fangfangtu/transcripts/Price_Action方方土.pdf;raw:knowledge/raw/notes/方方土视频笔记-突破.pdf;raw:knowledge/raw/notes/方方土视频笔记-突破.pdf,M10-PA-002,突破后续跟进,EFA,5m
2026-04-27T10:55:00,101.38,derived_from_5m_current,看跌,0.67,0.21,101.5450,990.0990,102.0500,101.1750,已触发观察,等待收盘复核,500.00,低,163.37,0.16,raw:knowledge/raw/brooks/transcribed_v2/al_brooks_price_action_course_v2/units/video_048D_breakout_mode_opening_range.md;raw:knowledge/raw/brooks/transcribed_v2/al_brooks_price_action_course_v2/units/video_008C_candles_ttr_ii_ioi_breakout_mode.md;raw:knowledge/raw/brooks/transcribed_v2/al_brooks_price_action_course_v2/units/video_026A_triangles_ttr_wedges_flags_reversal_or_continuation.md,M10-PA-012,开盘区间突破,EFA,15m
2026-04-27T10:30:00,101.38,native_current_session_5m_cache,看跌,0.67,0.08,101.6700,1315.7895,102.0500,101.3000,已触发观察,等待收盘复核,500.00,低,381.58,0.38,raw:knowledge/raw/brooks/transcribed_v2/al_brooks_price_action_course_v2/units/video_048D_breakout_mode_opening_range.md;raw:knowledge/raw/brooks/transcribed_v2/al_brooks_price_action_course_v2/units/video_008C_candles_ttr_ii_ioi_breakout_mode.md;raw:knowledge/raw/brooks/transcribed_v2/al_brooks_price_action_course_v2/units/video_026A_triangles_ttr_wedges_flags_reversal_or_continuation.md,M10-PA-012,开盘区间突破,EFA,5m
2026-04-27T11:25:00,76.55,derived_from_5m_current,看跌,0.65,1.24,76.2500,526.3158,77.2000,75.3100,已触发观察,等待收盘复核,500.00,中,-157.89,-0.16,raw:knowledge/raw/brooks/transcribed_v2/al_brooks_price_action_course_v2/units/video_048D_breakout_mode_opening_range.md;raw:knowledge/raw/brooks/transcribed_v2/al_brooks_price_action_course_v2/units/video_008C_candles_ttr_ii_ioi_breakout_mode.md;raw:knowledge/raw/brooks/transcribed_v2/al_brooks_price_action_course_v2/units/video_026A_triangles_ttr_wedges_flags_reversal_or_continuation.md,M10-PA-012,开盘区间突破,ARKK,15m
2026-04-27T11:20:00,76.55,native_current_session_5m_cache,看跌,0.65,1.37,76.1250,465.1163,77.2000,75.1850,已触发观察,等待收盘复核,500.00,中,-197.67,-0.20,raw:knowledge/raw/brooks/transcribed_v2/al_brooks_price_action_course_v2/units/video_048D_breakout_mode_opening_range.md;raw:knowledge/raw/brooks/transcribed_v2/al_brooks_price_action_course_v2/units/video_008C_candles_ttr_ii_ioi_breakout_mode.md;raw:knowledge/raw/brooks/transcribed_v2/al_brooks_price_action_course_v2/units/video_026A_triangles_ttr_wedges_flags_reversal_or_continuation.md,M10-PA-012,开盘区间突破,ARKK,5m
2026-04-27T10:25:00,424.82,derived_from_5m_current,看涨,7.75,6.13,424.6180,66.2427,417.0700,430.9480,已触发观察,等待收盘复核,500.00,高,13.38,0.01,raw:knowledge/raw/brooks/transcribed_v2/al_brooks_price_action_course_v2/units/video_048D_breakout_mode_opening_range.md;raw:knowledge/raw/brooks/transcribed_v2/al_brooks_price_action_course_v2/units/video_008C_candles_ttr_ii_ioi_breakout_mode.md;raw:knowledge/raw/brooks/transcribed_v2/al_brooks_price_action_course_v2/units/video_026A_triangles_ttr_wedges_flags_reversal_or_continuation.md,M10-PA-012,开盘区间突破,MSFT,15m
2026-04-27T10:25:00,424.82,native_current_session_5m_cache,看涨,7.75,6.13,424.6180,66.2427,417.0700,430.9480,已触发观察,等待收盘复核,500.00,高,13.38,0.01,raw:knowledge/raw/brooks/transcribed_v2/al_brooks_price_action_course_v2/units/video_048D_breakout_mode_opening_range.md;raw:knowledge/raw/brooks/transcribed_v2/al_brooks_price_action_course_v2/units/video_008C_candles_ttr_ii_ioi_breakout_mode.md;raw:knowledge/raw/brooks/transcribed_v2/al_brooks_price_action_course_v2/units/video_026A_triangles_ttr_wedges_flags_reversal_or_continuation.md,M10-PA-012,开盘区间突破,MSFT,5m
2026-04-27T15:55:00,216.61,native_current_session_5m_cache,看涨,1.31,3.25,216.8200,328.9474,215.3000,219.8600,观察名单,等待收盘复核,500.00,中,-69.08,-0.07,raw:knowledge/raw/brooks/transcribed_v2/al_brooks_price_action_course_v2/units/video_009A_pullbacks_bar_counting_basics_high_low_1_2.md;raw:knowledge/raw/brooks/transcribed_v2/al_brooks_price_action_course_v2/units/video_009C_pullbacks_endless_higher_lower_timeframes_countertrend_exit.md;raw:knowledge/raw/brooks/transcribed_v2/al_brooks_price_action_course_v2/units/video_014E_trends_tight_channel_small_pullback.md;raw:knowledge/raw/youtube/fangfangtu/transcripts/Price_Action方方土.pdf;raw:knowledge/raw/youtube/fangfangtu/transcripts/Price_Action方方土.pdf;raw:knowledge/raw/notes/方方土视频笔记 - 回调&数K线.pdf;raw:knowledge/raw/notes/方方土视频笔记 - 市场周期.pdf,M10-PA-001,趋势回调二次入场,NVDA,5m
2026-04-27T16:00:00-04:00,216.61,native_daily_cache,看涨,9.23,18.46,216.6100,54.1712,207.3800,235.0700,已触发观察,等待收盘复核,500.00,高,0.00,0.00,raw:knowledge/raw/brooks/transcribed_v2/al_brooks_price_action_course_v2/units/video_015D_breakouts_second_leg_traps_strong_breakouts.md;raw:knowledge/raw/brooks/transcribed_v2/al_brooks_price_action_course_v2/units/video_015A_breakouts_definition_80_rule_reversal_tr.md;raw:knowledge/raw/brooks/transcribed_v2/al_brooks_price_action_course_v2/units/video_015B_breakouts_follow_through_reversal_small_start.md;raw:knowledge/raw/youtube/fangfangtu/transcripts/Price_Action方方土.pdf;raw:knowledge/raw/youtube/fangfangtu/transcripts/Price_Action方方土.pdf;raw:knowledge/raw/notes/方方土视频笔记-突破.pdf;raw:knowledge/raw/notes/方方土视频笔记-突破.pdf,M10-PA-002,突破后续跟进,NVDA,1d
2026-04-27T15:55:00,216.61,derived_from_5m_current,看涨,0.86,1.72,216.6100,581.3953,215.7500,218.3300,已触发观察,等待收盘复核,500.00,低,0.00,0.00,raw:knowledge/raw/brooks/transcribed_v2/al_brooks_price_action_course_v2/units/video_015D_breakouts_second_leg_traps_strong_breakouts.md;raw:knowledge/raw/brooks/transcribed_v2/al_brooks_price_action_course_v2/units/video_015A_breakouts_definition_80_rule_reversal_tr.md;raw:knowledge/raw/brooks/transcribed_v2/al_brooks_price_action_course_v2/units/video_015B_breakouts_follow_through_reversal_small_start.md;raw:knowledge/raw/youtube/fangfangtu/transcripts/Price_Action方方土.pdf;raw:knowledge/raw/youtube/fangfangtu/transcripts/Price_Action方方土.pdf;raw:knowledge/raw/notes/方方土视频笔记-突破.pdf;raw:knowledge/raw/notes/方方土视频笔记-突破.pdf,M10-PA-002,突破后续跟进,NVDA,15m
2026-04-27T12:40:00,216.61,derived_from_5m_current,看涨,8.21,-0.04,213.0240,108.1315,208.4000,216.5740,已触发观察,等待收盘复核,500.00,高,387.76,0.39,raw:knowledge/raw/brooks/transcribed_v2/al_brooks_price_action_course_v2/units/video_048D_breakout_mode_opening_range.md;raw:knowledge/raw/brooks/transcribed_v2/al_brooks_price_action_course_v2/units/video_008C_candles_ttr_ii_ioi_breakout_mode.md;raw:knowledge/raw/brooks/transcribed_v2/al_brooks_price_action_course_v2/units/video_026A_triangles_ttr_wedges_flags_reversal_or_continuation.md,M10-PA-012,开盘区间突破,NVDA,15m
2026-04-27T12:30:00,216.61,native_current_session_5m_cache,看涨,8.21,-0.51,212.5500,120.4819,208.4000,216.1000,已触发观察,等待收盘复核,500.00,高,489.16,0.49,raw:knowledge/raw/brooks/transcribed_v2/al_brooks_price_action_course_v2/units/video_048D_breakout_mode_opening_range.md;raw:knowledge/raw/brooks/transcribed_v2/al_brooks_price_action_course_v2/units/video_008C_candles_ttr_ii_ioi_breakout_mode.md;raw:knowledge/raw/brooks/transcribed_v2/al_brooks_price_action_course_v2/units/video_026A_triangles_ttr_wedges_flags_reversal_or_continuation.md,M10-PA-012,开盘区间突破,NVDA,5m
2026-04-27T16:00:00-04:00,216.61,native_daily_cache,看涨,9.23,19.11,216.83,52.9101,207.38,235.72,已触发观察,等待收盘复核,500.00,中,-11.64,-0.01,wiki:knowledge/wiki/sources/fangfangtu-market-cycle-note.md;raw:knowledge/raw/notes/方方土视频笔记 - 市场周期.pdf;wiki:knowledge/wiki/sources/fangfangtu-signal-bar-entry-note.md;raw:knowledge/raw/notes/方方土视频笔记 - 信号K线 & 入场.pdf,M12-FTD-001,方方土日线趋势顺势信号K,NVDA,1d
2026-04-27T15:55:00,350.34,native_current_session_5m_cache,看跌,0.36,0.72,350.3400,1388.8889,350.7000,349.6200,已触发观察,等待收盘复核,500.00,低,0.00,0.00,raw:knowledge/raw/brooks/transcribed_v2/al_brooks_price_action_course_v2/units/video_015D_breakouts_second_leg_traps_strong_breakouts.md;raw:knowledge/raw/brooks/transcribed_v2/al_brooks_price_action_course_v2/units/video_015A_breakouts_definition_80_rule_reversal_tr.md;raw:knowledge/raw/brooks/transcribed_v2/al_brooks_price_action_course_v2/units/video_015B_breakouts_follow_through_reversal_small_start.md;raw:knowledge/raw/youtube/fangfangtu/transcripts/Price_Action方方土.pdf;raw:knowledge/raw/youtube/fangfangtu/transcripts/Price_Action方方土.pdf;raw:knowledge/raw/notes/方方土视频笔记-突破.pdf;raw:knowledge/raw/notes/方方土视频笔记-突破.pdf,M10-PA-002,突破后续跟进,GOOGL,5m
2026-04-27T10:25:00,350.34,derived_from_5m_current,看涨,7.61,6.62,350.7500,62.3441,342.7300,356.9600,已触发观察,等待收盘复核,500.00,高,-25.56,-0.03,raw:knowledge/raw/brooks/transcribed_v2/al_brooks_price_action_course_v2/units/video_048D_breakout_mode_opening_range.md;raw:knowledge/raw/brooks/transcribed_v2/al_brooks_price_action_course_v2/units/video_008C_candles_ttr_ii_ioi_breakout_mode.md;raw:knowledge/raw/brooks/transcribed_v2/al_brooks_price_action_course_v2/units/video_026A_triangles_ttr_wedges_flags_reversal_or_continuation.md,M10-PA-012,开盘区间突破,GOOGL,15m
2026-04-27T10:00:00,350.34,native_current_session_5m_cache,看涨,7.61,5.33,349.4600,74.2942,342.7300,355.6700,已触发观察,等待收盘复核,500.00,高,65.38,0.07,raw:knowledge/raw/brooks/transcribed_v2/al_brooks_price_action_course_v2/units/video_048D_breakout_mode_opening_range.md;raw:knowledge/raw/brooks/transcribed_v2/al_brooks_price_action_course_v2/units/video_008C_candles_ttr_ii_ioi_breakout_mode.md;raw:knowledge/raw/brooks/transcribed_v2/al_brooks_price_action_course_v2/units/video_026A_triangles_ttr_wedges_flags_reversal_or_continuation.md,M10-PA-012,开盘区间突破,GOOGL,5m
2026-04-27T16:00:00-04:00,350.34,native_daily_cache,看涨,7.61,23.74,353.18,47.8469,342.73,374.08,已触发观察,等待收盘复核,500.00,中,-135.89,-0.14,wiki:knowledge/wiki/sources/fangfangtu-market-cycle-note.md;raw:knowledge/raw/notes/方方土视频笔记 - 市场周期.pdf;wiki:knowledge/wiki/sources/fangfangtu-signal-bar-entry-note.md;raw:knowledge/raw/notes/方方土视频笔记 - 信号K线 & 入场.pdf,M12-FTD-001,方方土日线趋势顺势信号K,GOOGL,1d
2026-04-27T15:55:00,348.52,native_current_session_5m_cache,看跌,0.35,0.70,348.5200,1428.5714,348.8700,347.8200,已触发观察,等待收盘复核,500.00,低,0.00,0.00,raw:knowledge/raw/brooks/transcribed_v2/al_brooks_price_action_course_v2/units/video_015D_breakouts_second_leg_traps_strong_breakouts.md;raw:knowledge/raw/brooks/transcribed_v2/al_brooks_price_action_course_v2/units/video_015A_breakouts_definition_80_rule_reversal_tr.md;raw:knowledge/raw/brooks/transcribed_v2/al_brooks_price_action_course_v2/units/video_015B_breakouts_follow_through_reversal_small_start.md;raw:knowledge/raw/youtube/fangfangtu/transcripts/Price_Action方方土.pdf;raw:knowledge/raw/youtube/fangfangtu/transcripts/Price_Action方方土.pdf;raw:knowledge/raw/notes/方方土视频笔记-突破.pdf;raw:knowledge/raw/notes/方方土视频笔记-突破.pdf,M10-PA-002,突破后续跟进,GOOG,5m
2026-04-27T10:25:00,348.52,derived_from_5m_current,看涨,7.71,6.17,348.6150,64.0615,340.8100,354.6850,已触发观察,等待收盘复核,500.00,高,-6.09,-0.01,raw:knowledge/raw/brooks/transcribed_v2/al_brooks_price_action_course_v2/units/video_048D_breakout_mode_opening_range.md;raw:knowledge/raw/brooks/transcribed_v2/al_brooks_price_action_course_v2/units/video_008C_candles_ttr_ii_ioi_breakout_mode.md;raw:knowledge/raw/brooks/transcribed_v2/al_brooks_price_action_course_v2/units/video_026A_triangles_ttr_wedges_flags_reversal_or_continuation.md,M10-PA-012,开盘区间突破,GOOG,15m
2026-04-27T10:00:00,348.52,native_current_session_5m_cache,看涨,7.71,5.04,347.4900,74.8503,340.8100,353.5600,已触发观察,等待收盘复核,500.00,高,77.10,0.08,raw:knowledge/raw/brooks/transcribed_v2/al_brooks_price_action_course_v2/units/video_048D_breakout_mode_opening_range.md;raw:knowledge/raw/brooks/transcribed_v2/al_brooks_price_action_course_v2/units/video_008C_candles_ttr_ii_ioi_breakout_mode.md;raw:knowledge/raw/brooks/transcribed_v2/al_brooks_price_action_course_v2/units/video_026A_triangles_ttr_wedges_flags_reversal_or_continuation.md,M10-PA-012,开盘区间突破,GOOG,5m
2026-04-27T16:00:00-04:00,348.52,native_daily_cache,看涨,7.71,22.56,350.90,49.5540,340.81,371.08,已触发观察,等待收盘复核,500.00,中,-117.94,-0.12,wiki:knowledge/wiki/sources/fangfangtu-market-cycle-note.md;raw:knowledge/raw/notes/方方土视频笔记 - 市场周期.pdf;wiki:knowledge/wiki/sources/fangfangtu-signal-bar-entry-note.md;raw:knowledge/raw/notes/方方土视频笔记 - 信号K线 & 入场.pdf,M12-FTD-001,方方土日线趋势顺势信号K,GOOG,1d
2026-04-27T10:55:00,678.62,derived_from_5m_current,看涨,7.78,10.73,681.4200,47.2724,670.8430,689.3470,已触发观察,等待收盘复核,500.00,高,-132.36,-0.13,raw:knowledge/raw/brooks/transcribed_v2/al_brooks_price_action_course_v2/units/video_048D_breakout_mode_opening_range.md;raw:knowledge/raw/brooks/transcribed_v2/al_brooks_price_action_course_v2/units/video_008C_candles_ttr_ii_ioi_breakout_mode.md;raw:knowledge/raw/brooks/transcribed_v2/al_brooks_price_action_course_v2/units/video_026A_triangles_ttr_wedges_flags_reversal_or_continuation.md,M10-PA-012,开盘区间突破,META,15m
2026-04-27T10:45:00,678.62,native_current_session_5m_cache,看涨,7.78,9.08,679.7700,56.0099,670.8430,687.6970,已触发观察,等待收盘复核,500.00,中,-64.41,-0.06,raw:knowledge/raw/brooks/transcribed_v2/al_brooks_price_action_course_v2/units/video_048D_breakout_mode_opening_range.md;raw:knowledge/raw/brooks/transcribed_v2/al_brooks_price_action_course_v2/units/video_008C_candles_ttr_ii_ioi_breakout_mode.md;raw:knowledge/raw/brooks/transcribed_v2/al_brooks_price_action_course_v2/units/video_026A_triangles_ttr_wedges_flags_reversal_or_continuation.md,M10-PA-012,开盘区间突破,META,5m
2026-04-27T16:00:00-04:00,678.62,native_daily_cache,看涨,7.78,27.20,682.50,42.8816,670.84,705.82,已触发观察,等待收盘复核,500.00,中,-166.38,-0.17,wiki:knowledge/wiki/sources/fangfangtu-market-cycle-note.md;raw:knowledge/raw/notes/方方土视频笔记 - 市场周期.pdf;wiki:knowledge/wiki/sources/fangfangtu-signal-bar-entry-note.md;raw:knowledge/raw/notes/方方土视频笔记 - 信号K线 & 入场.pdf,M12-FTD-001,方方土日线趋势顺势信号K,META,1d
2026-04-27T16:00:00-04:00,378.67,native_daily_cache,看跌,30.61,105.17,364.0200,11.0473,409.2800,273.5000,观察名单,等待收盘复核,500.00,高,-161.84,-0.16,raw:knowledge/raw/brooks/transcribed_v2/al_brooks_price_action_course_v2/units/video_009A_pullbacks_bar_counting_basics_high_low_1_2.md;raw:knowledge/raw/brooks/transcribed_v2/al_brooks_price_action_course_v2/units/video_009C_pullbacks_endless_higher_lower_timeframes_countertrend_exit.md;raw:knowledge/raw/brooks/transcribed_v2/al_brooks_price_action_course_v2/units/video_014E_trends_tight_channel_small_pullback.md;raw:knowledge/raw/youtube/fangfangtu/transcripts/Price_Action方方土.pdf;raw:knowledge/raw/youtube/fangfangtu/transcripts/Price_Action方方土.pdf;raw:knowledge/raw/notes/方方土视频笔记 - 回调&数K线.pdf;raw:knowledge/raw/notes/方方土视频笔记 - 市场周期.pdf,M10-PA-001,趋势回调二次入场,TSLA,1d
2026-04-27T12:40:00,378.67,derived_from_5m_current,看涨,13.32,1.17,373.0200,65.1890,365.3500,379.8400,已触发观察,等待收盘复核,500.00,高,368.32,0.37,raw:knowledge/raw/brooks/transcribed_v2/al_brooks_price_action_course_v2/units/video_048D_breakout_mode_opening_range.md;raw:knowledge/raw/brooks/transcribed_v2/al_brooks_price_action_course_v2/units/video_008C_candles_ttr_ii_ioi_breakout_mode.md;raw:knowledge/raw/brooks/transcribed_v2/al_brooks_price_action_course_v2/units/video_026A_triangles_ttr_wedges_flags_reversal_or_continuation.md,M10-PA-012,开盘区间突破,TSLA,15m
2026-04-27T11:00:00,378.67,native_current_session_5m_cache,看跌,-6.50,20.60,364.8900,68.6813,372.1700,358.0700,已触发观察,等待收盘复核,500.00,高,-946.43,-0.95,raw:knowledge/raw/brooks/transcribed_v2/al_brooks_price_action_course_v2/units/video_048D_breakout_mode_opening_range.md;raw:knowledge/raw/brooks/transcribed_v2/al_brooks_price_action_course_v2/units/video_008C_candles_ttr_ii_ioi_breakout_mode.md;raw:knowledge/raw/brooks/transcribed_v2/al_brooks_price_action_course_v2/units/video_026A_triangles_ttr_wedges_flags_reversal_or_continuation.md,M10-PA-012,开盘区间突破,TSLA,5m
2026-04-27T15:55:00,418.20,native_current_session_5m_cache,看涨,2.32,5.36,418.4400,195.3125,415.8800,423.5600,观察名单,等待收盘复核,500.00,中,-46.88,-0.05,raw:knowledge/raw/brooks/transcribed_v2/al_brooks_price_action_course_v2/units/video_009A_pullbacks_bar_counting_basics_high_low_1_2.md;raw:knowledge/raw/brooks/transcribed_v2/al_brooks_price_action_course_v2/units/video_009C_pullbacks_endless_higher_lower_timeframes_countertrend_exit.md;raw:knowledge/raw/brooks/transcribed_v2/al_brooks_price_action_course_v2/units/video_014E_trends_tight_channel_small_pullback.md;raw:knowledge/raw/youtube/fangfangtu/transcripts/Price_Action方方土.pdf;raw:knowledge/raw/youtube/fangfangtu/transcripts/Price_Action方方土.pdf;raw:knowledge/raw/notes/方方土视频笔记 - 回调&数K线.pdf;raw:knowledge/raw/notes/方方土视频笔记 - 市场周期.pdf,M10-PA-001,趋势回调二次入场,AVGO,5m
2026-04-27T15:55:00,418.20,derived_from_5m_current,看涨,1.62,3.24,418.2000,308.6420,416.5800,421.4400,已触发观察,等待收盘复核,500.00,低,0.00,0.00,raw:knowledge/raw/brooks/transcribed_v2/al_brooks_price_action_course_v2/units/video_015D_breakouts_second_leg_traps_strong_breakouts.md;raw:knowledge/raw/brooks/transcribed_v2/al_brooks_price_action_course_v2/units/video_015A_breakouts_definition_80_rule_reversal_tr.md;raw:knowledge/raw/brooks/transcribed_v2/al_brooks_price_action_course_v2/units/video_015B_breakouts_follow_through_reversal_small_start.md;raw:knowledge/raw/youtube/fangfangtu/transcripts/Price_Action方方土.pdf;raw:knowledge/raw/youtube/fangfangtu/transcripts/Price_Action方方土.pdf;raw:knowledge/raw/notes/方方土视频笔记-突破.pdf;raw:knowledge/raw/notes/方方土视频笔记-突破.pdf,M10-PA-002,突破后续跟进,AVGO,15m
2026-04-27T10:55:00,418.20,derived_from_5m_current,看跌,4.50,9.56,415.5230,69.6670,422.7000,408.6430,已触发观察,等待收盘复核,500.00,高,-186.50,-0.19,raw:knowledge/raw/brooks/transcribed_v2/al_brooks_price_action_course_v2/units/video_048D_breakout_mode_opening_range.md;raw:knowledge/raw/brooks/transcribed_v2/al_brooks_price_action_course_v2/units/video_008C_candles_ttr_ii_ioi_breakout_mode.md;raw:knowledge/raw/brooks/transcribed_v2/al_brooks_price_action_course_v2/units/video_026A_triangles_ttr_wedges_flags_reversal_or_continuation.md,M10-PA-012,开盘区间突破,AVGO,15m
2026-04-27T10:45:00,418.20,native_current_session_5m_cache,看跌,4.50,9.91,415.1700,66.4011,422.7000,408.2900,已触发观察,等待收盘复核,500.00,高,-201.20,-0.20,raw:knowledge/raw/brooks/transcribed_v2/al_brooks_price_action_course_v2/units/video_048D_breakout_mode_opening_range.md;raw:knowledge/raw/brooks/transcribed_v2/al_brooks_price_action_course_v2/units/video_008C_candles_ttr_ii_ioi_breakout_mode.md;raw:knowledge/raw/brooks/transcribed_v2/al_brooks_price_action_course_v2/units/video_026A_triangles_ttr_wedges_flags_reversal_or_continuation.md,M10-PA-012,开盘区间突破,AVGO,5m
2026-04-27T15:55:00,84.99,native_current_session_5m_cache,看涨,1.42,2.87,85.0000,349.6503,83.5700,87.8600,观察名单,等待收盘复核,500.00,高,-3.50,-0.00,raw:knowledge/raw/brooks/transcribed_v2/al_brooks_price_action_course_v2/units/video_009A_pullbacks_bar_counting_basics_high_low_1_2.md;raw:knowledge/raw/brooks/transcribed_v2/al_brooks_price_action_course_v2/units/video_009C_pullbacks_endless_higher_lower_timeframes_countertrend_exit.md;raw:knowledge/raw/brooks/transcribed_v2/al_brooks_price_action_course_v2/units/video_014E_trends_tight_channel_small_pullback.md;raw:knowledge/raw/youtube/fangfangtu/transcripts/Price_Action方方土.pdf;raw:knowledge/raw/youtube/fangfangtu/transcripts/Price_Action方方土.pdf;raw:knowledge/raw/notes/方方土视频笔记 - 回调&数K线.pdf;raw:knowledge/raw/notes/方方土视频笔记 - 市场周期.pdf,M10-PA-001,趋势回调二次入场,INTC,5m
2026-04-27T15:55:00,84.99,derived_from_5m_current,看涨,0.79,1.58,84.9900,632.9114,84.2000,86.5700,已触发观察,等待收盘复核,500.00,中,0.00,0.00,raw:knowledge/raw/brooks/transcribed_v2/al_brooks_price_action_course_v2/units/video_015D_breakouts_second_leg_traps_strong_breakouts.md;raw:knowledge/raw/brooks/transcribed_v2/al_brooks_price_action_course_v2/units/video_015A_breakouts_definition_80_rule_reversal_tr.md;raw:knowledge/raw/brooks/transcribed_v2/al_brooks_price_action_course_v2/units/video_015B_breakouts_follow_through_reversal_small_start.md;raw:knowledge/raw/youtube/fangfangtu/transcripts/Price_Action方方土.pdf;raw:knowledge/raw/youtube/fangfangtu/transcripts/Price_Action方方土.pdf;raw:knowledge/raw/notes/方方土视频笔记-突破.pdf;raw:knowledge/raw/notes/方方土视频笔记-突破.pdf,M10-PA-002,突破后续跟进,INTC,15m
2026-04-27T15:55:00,84.99,native_current_session_5m_cache,看涨,0.66,1.32,84.9900,757.5758,84.3300,86.3100,已触发观察,等待收盘复核,500.00,中,0.00,0.00,raw:knowledge/raw/brooks/transcribed_v2/al_brooks_price_action_course_v2/units/video_015D_breakouts_second_leg_traps_strong_breakouts.md;raw:knowledge/raw/brooks/transcribed_v2/al_brooks_price_action_course_v2/units/video_015A_breakouts_definition_80_rule_reversal_tr.md;raw:knowledge/raw/brooks/transcribed_v2/al_brooks_price_action_course_v2/units/video_015B_breakouts_follow_through_reversal_small_start.md;raw:knowledge/raw/youtube/fangfangtu/transcripts/Price_Action方方土.pdf;raw:knowledge/raw/youtube/fangfangtu/transcripts/Price_Action方方土.pdf;raw:knowledge/raw/notes/方方土视频笔记-突破.pdf;raw:knowledge/raw/notes/方方土视频笔记-突破.pdf,M10-PA-002,突破后续跟进,INTC,5m
2026-04-27T10:00:00,84.99,native_current_session_5m_cache,看涨,2.20,5.93,86.8800,122.2494,82.7900,90.9200,已触发观察,等待收盘复核,500.00,高,-231.05,-0.23,raw:knowledge/raw/brooks/transcribed_v2/al_brooks_price_action_course_v2/units/video_048D_breakout_mode_opening_range.md;raw:knowledge/raw/brooks/transcribed_v2/al_brooks_price_action_course_v2/units/video_008C_candles_ttr_ii_ioi_breakout_mode.md;raw:knowledge/raw/brooks/transcribed_v2/al_brooks_price_action_course_v2/units/video_026A_triangles_ttr_wedges_flags_reversal_or_continuation.md,M10-PA-012,开盘区间突破,INTC,5m
2026-04-27T16:00:00-04:00,524.56,native_daily_cache,看涨,14.54,29.08,524.5600,34.3855,510.0190,553.6420,已触发观察,等待收盘复核,500.00,高,0.00,0.00,raw:knowledge/raw/brooks/transcribed_v2/al_brooks_price_action_course_v2/units/video_015D_breakouts_second_leg_traps_strong_breakouts.md;raw:knowledge/raw/brooks/transcribed_v2/al_brooks_price_action_course_v2/units/video_015A_breakouts_definition_80_rule_reversal_tr.md;raw:knowledge/raw/brooks/transcribed_v2/al_brooks_price_action_course_v2/units/video_015B_breakouts_follow_through_reversal_small_start.md;raw:knowledge/raw/youtube/fangfangtu/transcripts/Price_Action方方土.pdf;raw:knowledge/raw/youtube/fangfangtu/transcripts/Price_Action方方土.pdf;raw:knowledge/raw/notes/方方土视频笔记-突破.pdf;raw:knowledge/raw/notes/方方土视频笔记-突破.pdf,M10-PA-002,突破后续跟进,MU,1d
2026-04-27T15:55:00,524.56,native_current_session_5m_cache,看涨,2.55,5.10,524.5600,196.0784,522.0100,529.6600,已触发观察,等待收盘复核,500.00,低,0.00,0.00,raw:knowledge/raw/brooks/transcribed_v2/al_brooks_price_action_course_v2/units/video_015D_breakouts_second_leg_traps_strong_breakouts.md;raw:knowledge/raw/brooks/transcribed_v2/al_brooks_price_action_course_v2/units/video_015A_breakouts_definition_80_rule_reversal_tr.md;raw:knowledge/raw/brooks/transcribed_v2/al_brooks_price_action_course_v2/units/video_015B_breakouts_follow_through_reversal_small_start.md;raw:knowledge/raw/youtube/fangfangtu/transcripts/Price_Action方方土.pdf;raw:knowledge/raw/youtube/fangfangtu/transcripts/Price_Action方方土.pdf;raw:knowledge/raw/notes/方方土视频笔记-突破.pdf;raw:knowledge/raw/notes/方方土视频笔记-突破.pdf,M10-PA-002,突破后续跟进,MU,5m
2026-04-27T16:00:00-04:00,524.56,native_daily_cache,看涨,14.54,49.48,531.36,23.4302,510.02,574.04,已触发观察,等待收盘复核,500.00,中,-159.33,-0.16,wiki:knowledge/wiki/sources/fangfangtu-market-cycle-note.md;raw:knowledge/raw/notes/方方土视频笔记 - 市场周期.pdf;wiki:knowledge/wiki/sources/fangfangtu-signal-bar-entry-note.md;raw:knowledge/raw/notes/方方土视频笔记 - 信号K线 & 入场.pdf,M12-FTD-001,方方土日线趋势顺势信号K,MU,1d
2026-04-27T15:55:00,150.26,native_current_session_5m_cache,看涨,0.93,3.03,150.6500,378.7879,149.3300,153.2900,观察名单,等待收盘复核,500.00,中,-147.73,-0.15,raw:knowledge/raw/brooks/transcribed_v2/al_brooks_price_action_course_v2/units/video_009A_pullbacks_bar_counting_basics_high_low_1_2.md;raw:knowledge/raw/brooks/transcribed_v2/al_brooks_price_action_course_v2/units/video_009C_pullbacks_endless_higher_lower_timeframes_countertrend_exit.md;raw:knowledge/raw/brooks/transcribed_v2/al_brooks_price_action_course_v2/units/video_014E_trends_tight_channel_small_pullback.md;raw:knowledge/raw/youtube/fangfangtu/transcripts/Price_Action方方土.pdf;raw:knowledge/raw/youtube/fangfangtu/transcripts/Price_Action方方土.pdf;raw:knowledge/raw/notes/方方土视频笔记 - 回调&数K线.pdf;raw:knowledge/raw/notes/方方土视频笔记 - 市场周期.pdf,M10-PA-001,趋势回调二次入场,QCOM,5m
2026-04-27T10:10:00,150.26,derived_from_5m_current,看跌,10.68,10.09,149.5500,43.8982,160.9400,140.1700,已触发观察,等待收盘复核,500.00,高,-31.17,-0.03,raw:knowledge/raw/brooks/transcribed_v2/al_brooks_price_action_course_v2/units/video_048D_breakout_mode_opening_range.md;raw:knowledge/raw/brooks/transcribed_v2/al_brooks_price_action_course_v2/units/video_008C_candles_ttr_ii_ioi_breakout_mode.md;raw:knowledge/raw/brooks/transcribed_v2/al_brooks_price_action_course_v2/units/video_026A_triangles_ttr_wedges_flags_reversal_or_continuation.md,M10-PA-012,开盘区间突破,QCOM,15m
2026-04-27T10:00:00,150.26,native_current_session_5m_cache,看跌,10.68,8.18,151.4650,52.7704,160.9400,142.0850,已触发观察,等待收盘复核,500.00,高,63.59,0.06,raw:knowledge/raw/brooks/transcribed_v2/al_brooks_price_action_course_v2/units/video_048D_breakout_mode_opening_range.md;raw:knowledge/raw/brooks/transcribed_v2/al_brooks_price_action_course_v2/units/video_008C_candles_ttr_ii_ioi_breakout_mode.md;raw:knowledge/raw/brooks/transcribed_v2/al_brooks_price_action_course_v2/units/video_026A_triangles_ttr_wedges_flags_reversal_or_continuation.md,M10-PA-012,开盘区间突破,QCOM,5m
2026-04-27T13:25:00,172.96,derived_from_5m_current,看涨,4.36,4.08,172.9700,114.4165,168.6000,177.0400,已触发观察,等待收盘复核,500.00,高,-1.14,-0.00,raw:knowledge/raw/brooks/transcribed_v2/al_brooks_price_action_course_v2/units/video_048D_breakout_mode_opening_range.md;raw:knowledge/raw/brooks/transcribed_v2/al_brooks_price_action_course_v2/units/video_008C_candles_ttr_ii_ioi_breakout_mode.md;raw:knowledge/raw/brooks/transcribed_v2/al_brooks_price_action_course_v2/units/video_026A_triangles_ttr_wedges_flags_reversal_or_continuation.md,M10-PA-012,开盘区间突破,ORCL,15m
2026-04-27T13:20:00,172.96,native_current_session_5m_cache,看涨,4.36,3.92,172.8070,118.8495,168.6000,176.8770,已触发观察,等待收盘复核,500.00,高,18.18,0.02,raw:knowledge/raw/brooks/transcribed_v2/al_brooks_price_action_course_v2/units/video_048D_breakout_mode_opening_range.md;raw:knowledge/raw/brooks/transcribed_v2/al_brooks_price_action_course_v2/units/video_008C_candles_ttr_ii_ioi_breakout_mode.md;raw:knowledge/raw/brooks/transcribed_v2/al_brooks_price_action_course_v2/units/video_026A_triangles_ttr_wedges_flags_reversal_or_continuation.md,M10-PA-012,开盘区间突破,ORCL,5m
2026-04-27T15:55:00,180.18,native_current_session_5m_cache,看跌,1.42,3.35,180.0100,314.4654,181.6000,176.8300,观察名单,等待收盘复核,500.00,中,-53.46,-0.05,raw:knowledge/raw/brooks/transcribed_v2/al_brooks_price_action_course_v2/units/video_009A_pullbacks_bar_counting_basics_high_low_1_2.md;raw:knowledge/raw/brooks/transcribed_v2/al_brooks_price_action_course_v2/units/video_009C_pullbacks_endless_higher_lower_timeframes_countertrend_exit.md;raw:knowledge/raw/brooks/transcribed_v2/al_brooks_price_action_course_v2/units/video_014E_trends_tight_channel_small_pullback.md;raw:knowledge/raw/youtube/fangfangtu/transcripts/Price_Action方方土.pdf;raw:knowledge/raw/youtube/fangfangtu/transcripts/Price_Action方方土.pdf;raw:knowledge/raw/notes/方方土视频笔记 - 回调&数K线.pdf;raw:knowledge/raw/notes/方方土视频笔记 - 市场周期.pdf,M10-PA-001,趋势回调二次入场,CRM,5m
2026-04-27T15:55:00,180.18,derived_from_5m_current,看跌,1.37,2.74,180.1800,364.9635,181.5500,177.4400,已触发观察,等待收盘复核,500.00,中,0.00,0.00,raw:knowledge/raw/brooks/transcribed_v2/al_brooks_price_action_course_v2/units/video_015D_breakouts_second_leg_traps_strong_breakouts.md;raw:knowledge/raw/brooks/transcribed_v2/al_brooks_price_action_course_v2/units/video_015A_breakouts_definition_80_rule_reversal_tr.md;raw:knowledge/raw/brooks/transcribed_v2/al_brooks_price_action_course_v2/units/video_015B_breakouts_follow_through_reversal_small_start.md;raw:knowledge/raw/youtube/fangfangtu/transcripts/Price_Action方方土.pdf;raw:knowledge/raw/youtube/fangfangtu/transcripts/Price_Action方方土.pdf;raw:knowledge/raw/notes/方方土视频笔记-突破.pdf;raw:knowledge/raw/notes/方方土视频笔记-突破.pdf,M10-PA-002,突破后续跟进,CRM,15m
2026-04-27T10:25:00,180.18,derived_from_5m_current,看涨,2.67,10.21,184.2200,74.5156,177.5100,190.3900,已触发观察,等待收盘复核,500.00,高,-301.04,-0.30,raw:knowledge/raw/brooks/transcribed_v2/al_brooks_price_action_course_v2/units/video_048D_breakout_mode_opening_range.md;raw:knowledge/raw/brooks/transcribed_v2/al_brooks_price_action_course_v2/units/video_008C_candles_ttr_ii_ioi_breakout_mode.md;raw:knowledge/raw/brooks/transcribed_v2/al_brooks_price_action_course_v2/units/video_026A_triangles_ttr_wedges_flags_reversal_or_continuation.md,M10-PA-012,开盘区间突破,CRM,15m
2026-04-27T10:25:00,180.18,native_current_session_5m_cache,看涨,2.67,10.21,184.2200,74.5156,177.5100,190.3900,已触发观察,等待收盘复核,500.00,高,-301.04,-0.30,raw:knowledge/raw/brooks/transcribed_v2/al_brooks_price_action_course_v2/units/video_048D_breakout_mode_opening_range.md;raw:knowledge/raw/brooks/transcribed_v2/al_brooks_price_action_course_v2/units/video_008C_candles_ttr_ii_ioi_breakout_mode.md;raw:knowledge/raw/brooks/transcribed_v2/al_brooks_price_action_course_v2/units/video_026A_triangles_ttr_wedges_flags_reversal_or_continuation.md,M10-PA-012,开盘区间突破,CRM,5m
2026-04-27T15:55:00,239.31,native_current_session_5m_cache,看跌,1.25,3.10,239.1100,344.8276,240.5600,236.2100,观察名单,等待收盘复核,500.00,中,-68.97,-0.07,raw:knowledge/raw/brooks/transcribed_v2/al_brooks_price_action_course_v2/units/video_009A_pullbacks_bar_counting_basics_high_low_1_2.md;raw:knowledge/raw/brooks/transcribed_v2/al_brooks_price_action_course_v2/units/video_009C_pullbacks_endless_higher_lower_timeframes_countertrend_exit.md;raw:knowledge/raw/brooks/transcribed_v2/al_brooks_price_action_course_v2/units/video_014E_trends_tight_channel_small_pullback.md;raw:knowledge/raw/youtube/fangfangtu/transcripts/Price_Action方方土.pdf;raw:knowledge/raw/youtube/fangfangtu/transcripts/Price_Action方方土.pdf;raw:knowledge/raw/notes/方方土视频笔记 - 回调&数K线.pdf;raw:knowledge/raw/notes/方方土视频笔记 - 市场周期.pdf,M10-PA-001,趋势回调二次入场,ADBE,5m
2026-04-27T15:55:00,239.31,derived_from_5m_current,看跌,1.03,2.06,239.3100,485.4369,240.3400,237.2500,已触发观察,等待收盘复核,500.00,低,0.00,0.00,raw:knowledge/raw/brooks/transcribed_v2/al_brooks_price_action_course_v2/units/video_015D_breakouts_second_leg_traps_strong_breakouts.md;raw:knowledge/raw/brooks/transcribed_v2/al_brooks_price_action_course_v2/units/video_015A_breakouts_definition_80_rule_reversal_tr.md;raw:knowledge/raw/brooks/transcribed_v2/al_brooks_price_action_course_v2/units/video_015B_breakouts_follow_through_reversal_small_start.md;raw:knowledge/raw/youtube/fangfangtu/transcripts/Price_Action方方土.pdf;raw:knowledge/raw/youtube/fangfangtu/transcripts/Price_Action方方土.pdf;raw:knowledge/raw/notes/方方土视频笔记-突破.pdf;raw:knowledge/raw/notes/方方土视频笔记-突破.pdf,M10-PA-002,突破后续跟进,ADBE,15m
2026-04-27T15:55:00,239.31,native_current_session_5m_cache,看跌,0.39,0.78,239.3100,1282.0513,239.7000,238.5300,已触发观察,等待收盘复核,500.00,低,0.00,0.00,raw:knowledge/raw/brooks/transcribed_v2/al_brooks_price_action_course_v2/units/video_015D_breakouts_second_leg_traps_strong_breakouts.md;raw:knowledge/raw/brooks/transcribed_v2/al_brooks_price_action_course_v2/units/video_015A_breakouts_definition_80_rule_reversal_tr.md;raw:knowledge/raw/brooks/transcribed_v2/al_brooks_price_action_course_v2/units/video_015B_breakouts_follow_through_reversal_small_start.md;raw:knowledge/raw/youtube/fangfangtu/transcripts/Price_Action方方土.pdf;raw:knowledge/raw/youtube/fangfangtu/transcripts/Price_Action方方土.pdf;raw:knowledge/raw/notes/方方土视频笔记-突破.pdf;raw:knowledge/raw/notes/方方土视频笔记-突破.pdf,M10-PA-002,突破后续跟进,ADBE,5m
2026-04-27T15:05:00,239.31,native_current_session_5m_cache,看跌,6.57,6.11,239.5200,78.5916,245.8820,233.1980,已触发观察,等待收盘复核,500.00,高,16.50,0.02,raw:knowledge/raw/brooks/transcribed_v2/al_brooks_price_action_course_v2/units/video_048D_breakout_mode_opening_range.md;raw:knowledge/raw/brooks/transcribed_v2/al_brooks_price_action_course_v2/units/video_008C_candles_ttr_ii_ioi_breakout_mode.md;raw:knowledge/raw/brooks/transcribed_v2/al_brooks_price_action_course_v2/units/video_026A_triangles_ttr_wedges_flags_reversal_or_continuation.md,M10-PA-012,开盘区间突破,ADBE,5m
2026-04-27T15:55:00,90.45,derived_from_5m_current,看跌,0.33,0.66,90.4500,1519.7568,90.7790,89.7920,已触发观察,等待收盘复核,500.00,低,0.00,0.00,raw:knowledge/raw/brooks/transcribed_v2/al_brooks_price_action_course_v2/units/video_015D_breakouts_second_leg_traps_strong_breakouts.md;raw:knowledge/raw/brooks/transcribed_v2/al_brooks_price_action_course_v2/units/video_015A_breakouts_definition_80_rule_reversal_tr.md;raw:knowledge/raw/brooks/transcribed_v2/al_brooks_price_action_course_v2/units/video_015B_breakouts_follow_through_reversal_small_start.md;raw:knowledge/raw/youtube/fangfangtu/transcripts/Price_Action方方土.pdf;raw:knowledge/raw/youtube/fangfangtu/transcripts/Price_Action方方土.pdf;raw:knowledge/raw/notes/方方土视频笔记-突破.pdf;raw:knowledge/raw/notes/方方土视频笔记-突破.pdf,M10-PA-002,突破后续跟进,NOW,15m
2026-04-27T10:10:00,90.45,derived_from_5m_current,看涨,2.63,5.19,91.7400,127.5510,87.8200,95.6350,已触发观察,等待收盘复核,500.00,高,-164.54,-0.16,raw:knowledge/raw/brooks/transcribed_v2/al_brooks_price_action_course_v2/units/video_048D_breakout_mode_opening_range.md;raw:knowledge/raw/brooks/transcribed_v2/al_brooks_price_action_course_v2/units/video_008C_candles_ttr_ii_ioi_breakout_mode.md;raw:knowledge/raw/brooks/transcribed_v2/al_brooks_price_action_course_v2/units/video_026A_triangles_ttr_wedges_flags_reversal_or_continuation.md,M10-PA-012,开盘区间突破,NOW,15m
2026-04-27T10:10:00,90.45,native_current_session_5m_cache,看涨,2.63,5.19,91.7400,127.5510,87.8200,95.6350,已触发观察,等待收盘复核,500.00,高,-164.54,-0.16,raw:knowledge/raw/brooks/transcribed_v2/al_brooks_price_action_course_v2/units/video_048D_breakout_mode_opening_range.md;raw:knowledge/raw/brooks/transcribed_v2/al_brooks_price_action_course_v2/units/video_008C_candles_ttr_ii_ioi_breakout_mode.md;raw:knowledge/raw/brooks/transcribed_v2/al_brooks_price_action_course_v2/units/video_026A_triangles_ttr_wedges_flags_reversal_or_continuation.md,M10-PA-012,开盘区间突破,NOW,5m
2026-04-27T14:10:00,144.25,derived_from_5m_current,看涨,4.24,7.23,145.9900,83.6120,140.0100,151.4800,已触发观察,等待收盘复核,500.00,高,-145.48,-0.15,raw:knowledge/raw/brooks/transcribed_v2/al_brooks_price_action_course_v2/units/video_048D_breakout_mode_opening_range.md;raw:knowledge/raw/brooks/transcribed_v2/al_brooks_price_action_course_v2/units/video_008C_candles_ttr_ii_ioi_breakout_mode.md;raw:knowledge/raw/brooks/transcribed_v2/al_brooks_price_action_course_v2/units/video_026A_triangles_ttr_wedges_flags_reversal_or_continuation.md,M10-PA-012,开盘区间突破,SNOW,15m
2026-04-27T14:10:00,144.25,native_current_session_5m_cache,看涨,4.24,7.23,145.9900,83.6120,140.0100,151.4800,已触发观察,等待收盘复核,500.00,高,-145.48,-0.15,raw:knowledge/raw/brooks/transcribed_v2/al_brooks_price_action_course_v2/units/video_048D_breakout_mode_opening_range.md;raw:knowledge/raw/brooks/transcribed_v2/al_brooks_price_action_course_v2/units/video_008C_candles_ttr_ii_ioi_breakout_mode.md;raw:knowledge/raw/brooks/transcribed_v2/al_brooks_price_action_course_v2/units/video_026A_triangles_ttr_wedges_flags_reversal_or_continuation.md,M10-PA-012,开盘区间突破,SNOW,5m
2026-04-27T15:55:00,143.10,native_current_session_5m_cache,看跌,0.24,1.05,142.9100,1162.7907,143.3400,142.0500,观察名单,等待收盘复核,500.00,低,-220.93,-0.22,raw:knowledge/raw/brooks/transcribed_v2/al_brooks_price_action_course_v2/units/video_009A_pullbacks_bar_counting_basics_high_low_1_2.md;raw:knowledge/raw/brooks/transcribed_v2/al_brooks_price_action_course_v2/units/video_009C_pullbacks_endless_higher_lower_timeframes_countertrend_exit.md;raw:knowledge/raw/brooks/transcribed_v2/al_brooks_price_action_course_v2/units/video_014E_trends_tight_channel_small_pullback.md;raw:knowledge/raw/youtube/fangfangtu/transcripts/Price_Action方方土.pdf;raw:knowledge/raw/youtube/fangfangtu/transcripts/Price_Action方方土.pdf;raw:knowledge/raw/notes/方方土视频笔记 - 回调&数K线.pdf;raw:knowledge/raw/notes/方方土视频笔记 - 市场周期.pdf,M10-PA-001,趋势回调二次入场,PLTR,5m
2026-04-27T10:40:00,143.10,derived_from_5m_current,看涨,2.09,5.43,144.8100,131.5789,141.0100,148.5300,已触发观察,等待收盘复核,500.00,高,-225.00,-0.23,raw:knowledge/raw/brooks/transcribed_v2/al_brooks_price_action_course_v2/units/video_048D_breakout_mode_opening_range.md;raw:knowledge/raw/brooks/transcribed_v2/al_brooks_price_action_course_v2/units/video_008C_candles_ttr_ii_ioi_breakout_mode.md;raw:knowledge/raw/brooks/transcribed_v2/al_brooks_price_action_course_v2/units/video_026A_triangles_ttr_wedges_flags_reversal_or_continuation.md,M10-PA-012,开盘区间突破,PLTR,15m
2026-04-27T10:40:00,143.10,native_current_session_5m_cache,看涨,2.09,5.43,144.8100,131.5789,141.0100,148.5300,已触发观察,等待收盘复核,500.00,高,-225.00,-0.23,raw:knowledge/raw/brooks/transcribed_v2/al_brooks_price_action_course_v2/units/video_048D_breakout_mode_opening_range.md;raw:knowledge/raw/brooks/transcribed_v2/al_brooks_price_action_course_v2/units/video_008C_candles_ttr_ii_ioi_breakout_mode.md;raw:knowledge/raw/brooks/transcribed_v2/al_brooks_price_action_course_v2/units/video_026A_triangles_ttr_wedges_flags_reversal_or_continuation.md,M10-PA-012,开盘区间突破,PLTR,5m
2026-04-27T16:00:00-04:00,182.90,native_daily_cache,看涨,17.90,39.16,184.0200,26.2881,165.0000,222.0600,观察名单,等待收盘复核,500.00,高,-29.44,-0.03,raw:knowledge/raw/brooks/transcribed_v2/al_brooks_price_action_course_v2/units/video_009A_pullbacks_bar_counting_basics_high_low_1_2.md;raw:knowledge/raw/brooks/transcribed_v2/al_brooks_price_action_course_v2/units/video_009C_pullbacks_endless_higher_lower_timeframes_countertrend_exit.md;raw:knowledge/raw/brooks/transcribed_v2/al_brooks_price_action_course_v2/units/video_014E_trends_tight_channel_small_pullback.md;raw:knowledge/raw/youtube/fangfangtu/transcripts/Price_Action方方土.pdf;raw:knowledge/raw/youtube/fangfangtu/transcripts/Price_Action方方土.pdf;raw:knowledge/raw/notes/方方土视频笔记 - 回调&数K线.pdf;raw:knowledge/raw/notes/方方土视频笔记 - 市场周期.pdf,M10-PA-001,趋势回调二次入场,PANW,1d
2026-04-27T16:00:00-04:00,182.90,native_daily_cache,看涨,6.40,12.80,182.9000,78.1250,176.5000,195.7000,已触发观察,等待收盘复核,500.00,高,0.00,0.00,raw:knowledge/raw/brooks/transcribed_v2/al_brooks_price_action_course_v2/units/video_015D_breakouts_second_leg_traps_strong_breakouts.md;raw:knowledge/raw/brooks/transcribed_v2/al_brooks_price_action_course_v2/units/video_015A_breakouts_definition_80_rule_reversal_tr.md;raw:knowledge/raw/brooks/transcribed_v2/al_brooks_price_action_course_v2/units/video_015B_breakouts_follow_through_reversal_small_start.md;raw:knowledge/raw/youtube/fangfangtu/transcripts/Price_Action方方土.pdf;raw:knowledge/raw/youtube/fangfangtu/transcripts/Price_Action方方土.pdf;raw:knowledge/raw/notes/方方土视频笔记-突破.pdf;raw:knowledge/raw/notes/方方土视频笔记-突破.pdf,M10-PA-002,突破后续跟进,PANW,1d
2026-04-27T10:25:00,182.90,derived_from_5m_current,看涨,6.40,6.40,183.4000,72.4638,176.5000,189.3000,已触发观察,等待收盘复核,500.00,高,-36.23,-0.04,raw:knowledge/raw/brooks/transcribed_v2/al_brooks_price_action_course_v2/units/video_048D_breakout_mode_opening_range.md;raw:knowledge/raw/brooks/transcribed_v2/al_brooks_price_action_course_v2/units/video_008C_candles_ttr_ii_ioi_breakout_mode.md;raw:knowledge/raw/brooks/transcribed_v2/al_brooks_price_action_course_v2/units/video_026A_triangles_ttr_wedges_flags_reversal_or_continuation.md,M10-PA-012,开盘区间突破,PANW,15m
2026-04-27T10:25:00,182.90,native_current_session_5m_cache,看涨,6.40,6.40,183.4000,72.4638,176.5000,189.3000,已触发观察,等待收盘复核,500.00,高,-36.23,-0.04,raw:knowledge/raw/brooks/transcribed_v2/al_brooks_price_action_course_v2/units/video_048D_breakout_mode_opening_range.md;raw:knowledge/raw/brooks/transcribed_v2/al_brooks_price_action_course_v2/units/video_008C_candles_ttr_ii_ioi_breakout_mode.md;raw:knowledge/raw/brooks/transcribed_v2/al_brooks_price_action_course_v2/units/video_026A_triangles_ttr_wedges_flags_reversal_or_continuation.md,M10-PA-012,开盘区间突破,PANW,5m
2026-04-27T16:00:00-04:00,182.90,native_daily_cache,看涨,6.40,16.16,184.02,66.4894,176.50,199.06,已触发观察,等待收盘复核,500.00,中,-74.47,-0.07,wiki:knowledge/wiki/sources/fangfangtu-market-cycle-note.md;raw:knowledge/raw/notes/方方土视频笔记 - 市场周期.pdf;wiki:knowledge/wiki/sources/fangfangtu-signal-bar-entry-note.md;raw:knowledge/raw/notes/方方土视频笔记 - 信号K线 & 入场.pdf,M12-FTD-001,方方土日线趋势顺势信号K,PANW,1d
